"Provider Name","Provider City","Hospital Referral Region Description","Avg_Discharges","Total_Avg_Cov_Charges","Total_Avg_Payments","Total_Avge_Medicare_Payments"
"JOHNS HOPKINS HOSPITAL, THE","BALTIMORE","MD - Baltimore",57.7553191489362,2260077.93,2131830.94,1938585.11
"STANFORD HOSPITAL","STANFORD","CA - San Mateo County",43.9195402298851,12077222.53,2118866.22,2023322.68
"MAIMONIDES MEDICAL CENTER","BROOKLYN","NY - Manhattan",80.7395833333333,5736855.14,1873606.92,1758178.75
"UCSF MEDICAL CENTER","SAN FRANCISCO","CA - San Francisco",39.05,7953621.75,1869176.94,1718576.45
"NEW YORK-PRESBYTERIAN HOSPITAL","NEW YORK","NY - Manhattan",170.040404040404,5016884.53,1798897.66,1638353.58
"MONTEFIORE MEDICAL CENTER","BRONX","NY - Bronx",123.272727272727,5555814.49,1796939.71,1674150.99
"UNIVERSITY OF MARYLAND MEDICAL CENTER","BALTIMORE","MD - Baltimore",50.956043956044,1886574.1,1780189.93,1621866.89
"MOUNT SINAI HOSPITAL","NEW YORK","NY - Manhattan",109.181818181818,3606878.01,1755842.19,1582468.3
"JACKSON MEMORIAL HOSPITAL","MIAMI","FL - Miami",49.0744680851064,4539586.39,1736798.02,1646344.16
"WESTCHESTER MEDICAL CENTER","VALHALLA","NY - White Plains",26.68,6923467.42,1723670.47,1611097.78
"CEDARS-SINAI MEDICAL CENTER","LOS ANGELES","CA - Los Angeles",101.77,12279084.93,1685160.09,1546089.88
"UNIVERSITY OF MICHIGAN HEALTH SYSTEM","ANN ARBOR","MI - Ann Arbor",72.8350515463918,4095808.71,1677346.77,1369548.68
"BETH ISRAEL MEDICAL CENTER","NEW YORK","NY - Manhattan",105,4807519.52,1673780.17,1558341.45
"UNIVERSITY OF CALIFORNIA DAVIS MEDICAL CENTER","SACRAMENTO","CA - Sacramento",41.4470588235294,9885191.96,1667544.38,1566465.44
"YALE-NEW HAVEN HOSPITAL","NEW HAVEN","CT - New Haven",87.5,5360325.4,1645618.45,1439041.09
"BOSTON MEDICAL CENTER CORPORATION","BOSTON","MA - Boston",49.0851063829787,2353034.99,1643798.34,1556678.11
"UNIVERSITY HOSPITAL ( STONY BROOK )","STONY BROOK","NY - East Long Island",59.2448979591837,4828657.63,1614927.69,1460381.72
"ST LUKE'S ROOSEVELT HOSPITAL","NEW YORK","NY - Manhattan",64.5376344086021,4322506.2,1586535.15,1480097.98
"RONALD REAGAN UCLA MEDICAL CENTER","LOS ANGELES","CA - Los Angeles",32.3768115942029,5413738.57,1564525.61,1479471.66
"LUTHERAN MEDICAL CENTER","BROOKLYN","NY - Manhattan",46.5568181818182,2129342.51,1546024.07,1465256.86
"LONG ISLAND JEWISH MEDICAL CENTER","NEW HYDE PARK","NY - East Long Island",62.5483870967742,4816543.95,1545958.84,1418720
"NYU HOSPITALS CENTER","NEW YORK","NY - Manhattan",68.2371134020619,5794563.82,1541433.35,1370147.22
"BETH ISRAEL DEACONESS MEDICAL CENTER","BOSTON","MA - Boston",72.86,2563462.53,1508720.29,1399776.58
"UNIVERSITY OF TEXAS MEDICAL BRANCH GAL","GALVESTON","TX - Houston",27.2898550724638,2338799.46,1505363.5,1440082.07
"UMASS MEMORIAL MEDICAL CENTER INC","WORCESTER","MA - Worcester",87.31,3733693.47,1504457.65,1353126.77
"ALBERT EINSTEIN MEDICAL CENTER","PHILADELPHIA","PA - Philadelphia",44.8953488372093,4992225.63,1480963.42,1394138.52
"UNIVERSITY OF WI  HOSPITALS & CLINICS AUTHORITY","MADISON","WI - Madison",43.0112359550562,3188498.27,1475662.81,1289685.82
"MASSACHUSETTS GENERAL HOSPITAL","BOSTON","MA - Boston",93.49,5295017.12,1474217.62,1360852.01
"BRIGHAM AND WOMEN'S HOSPITAL","BOSTON","MA - Boston",69.6868686868687,5252485.81,1473213.62,1363083.95
"MEDICAL COLLEGE OF VIRGINIA HOSPITALS","RICHMOND","VA - Richmond",44.0941176470588,4077122.32,1460764.88,1177249.5
"NORTH SHORE UNIVERSITY HOSPITAL","MANHASSET","NY - East Long Island",116.3,5488849.85,1449310.18,1270240.8
"TUFTS MEDICAL CENTER","BOSTON","MA - Boston",36.8953488372093,2955350.27,1443897.88,1344137.38
"NORTHWESTERN MEMORIAL HOSPITAL","CHICAGO","IL - Chicago",83.9090909090909,5482458.63,1428070.33,1225584.76
"INDIANA UNIVERSITY HEALTH","INDIANAPOLIS","IN - Indianapolis",90.7142857142857,4337105.43,1426549.38,1172678.22
"LOMA LINDA UNIVERSITY MEDICAL CENTER","LOMA LINDA","CA - San Bernardino",40,5430441.51,1425603.13,1345452.52
"UNIVERSITY OF VIRGINIA MEDICAL CENTER","CHARLOTTESVILLE","VA - Charlottesville",53.3,3887241.02,1424308.14,1235634.33
"DUKE UNIVERSITY HOSPITAL","DURHAM","NC - Durham",67.9484536082474,3863244.69,1417727.48,1288136.83
"UNIVERSITY OF NORTH CAROLINA HOSPITAL","CHAPEL HILL","NC - Durham",54.3406593406593,2436805.01,1412987.5,1316388.04
"NORTH CAROLINA BAPTIST HOSPITAL","WINSTON-SALEM","NC - Winston-Salem",77.7628865979381,2720207.73,1411220.64,1296956.16
"LENOX HILL HOSPITAL","NEW YORK","NY - Manhattan",58.2395833333333,6745754.2,1396971.73,1256172.44
"UNIVERSITY HOSPITAL OF BROOKLYN ( DOWNSTATE )","BROOKLYN","NY - Manhattan",38.2465753424658,1841173.07,1390888.41,1317336.64
"JOHNS HOPKINS BAYVIEW MEDICAL CENTER","BALTIMORE","MD - Baltimore",50.3478260869565,1475101.22,1390051.57,1269296.21
"SINAI HOSPITAL OF BALTIMORE","BALTIMORE","MD - Baltimore",62.3510638297872,1471059.64,1388270.34,1272674.87
"UNIVERSITY OF CALIFORNIA SAN DIEGO MEDICAL CENTER","SAN DIEGO","CA - San Diego",37.8875,3619648.76,1386811.01,1323978.75
"RHODE ISLAND HOSPITAL","PROVIDENCE","RI - Providence",58.7979797979798,3796960.87,1383662.3,1270303.52
"CALIFORNIA PACIFIC MEDICAL CTR-PACIFIC CAMPUS HOSP","SAN FRANCISCO","CA - San Francisco",36.5512820512821,6530986.15,1381266.3,1273838.97
"HOSPITAL OF UNIV OF PENNSYLVANIA","PHILADELPHIA","PA - Philadelphia",42.4494382022472,7329838.34,1365329.01,1260540.42
"ALTA BATES SUMMIT MEDICAL CENTER","OAKLAND","CA - Alameda County",40.8488372093023,7193183.84,1364261.36,1273338.88
"UNIVERSITY HOSPITAL, INC","CINCINNATI","OH - Cincinnati",43.8409090909091,3229347.26,1362295.89,1258875.73
"MEMORIAL HERMANN TEXAS MEDICAL CENTER","HOUSTON","TX - Houston",38.7228915662651,4283511.34,1359773.79,1194822.4
"UNIVERSITY OF MINNESOTA  MEDICAL CENTER, FAIRVIEW","MINNEAPOLIS","MN - Minneapolis",38.025974025974,3991621.77,1359095.08,1208313.62
"SHANDS HOSPITAL AT THE UNIVERSITY OF FLORIDA","GAINESVILLE","FL - Gainesville",63.1702127659574,3432310.47,1353554.42,1238576.99
"FLETCHER ALLEN HOSPITAL OF VERMONT","BURLINGTON","VT - Burlington",49.6774193548387,2253684.49,1353207.03,1220827.61
"MILTON S HERSHEY MEDICAL CENTER","HERSHEY","PA - Harrisburg",39.0454545454545,3286085.66,1351040.57,1148324.72
"HARTFORD HOSPITAL","HARTFORD","CT - Hartford",80.9591836734694,3393403.94,1345241.9,1215235.65
"UNIVERSITY OF ARIZONA MEDICAL CTR-UNIVERSIT, THE","TUCSON","AZ - Tucson",30.6024096385542,4119150.46,1342322.97,1231167.9
"ST JOSEPH'S REGIONAL MEDICAL CENTER","PATERSON","NJ - Paterson",74.4387755102041,6977883.87,1338210.73,1242346.07
"UNIVERSITY OF KENTUCKY HOSPITAL","LEXINGTON","KY - Lexington",50.4574468085106,3633738.14,1335226.48,1183823.55
"SAINT AGNES HOSPITAL","BALTIMORE","MD - Baltimore",60.0927835051546,1410854.26,1334901.16,1221111.92
"NEW YORK METHODIST HOSPITAL","BROOKLYN","NY - Manhattan",66.5632183908046,2512275.11,1333883.22,1241528.9
"UNION MEMORIAL HOSPITAL","BALTIMORE","MD - Baltimore",47.3333333333333,1411398.42,1331693.87,1214639.52
"THOMAS JEFFERSON UNIVERSITY HOSPITAL","PHILADELPHIA","PA - Philadelphia",73.2164948453608,6102978.82,1327762.76,1204310.41
"COMMUNITY HOSPITAL OF THE MONTEREY PENINSULA","MONTEREY","CA - Salinas",37.5348837209302,6008964.47,1326445.2,1176976.23
"NEW YORK HOSPITAL MEDICAL CENTER OF QUEENS","FLUSHING","NY - East Long Island",83.4333333333333,3155943.59,1321223.74,1191575.31
"MARY HITCHCOCK MEMORIAL HOSPITAL","LEBANON","NH - Lebanon",47.9550561797753,2934328.83,1315804.96,1219466.16
"WASHINGTON HOSPITAL","FREMONT","CA - Alameda County",43.05,10520809.79,1315540.93,1241709.07
"NEWARK BETH ISRAEL MEDICAL CENTER","NEWARK","NJ - Newark",49.0379746835443,6390211.16,1311823.56,1234154.59
"REGIONAL MEDICAL CENTER OF SAN JOSE","SAN JOSE","CA - San Jose",40.0821917808219,9219074.63,1311674.37,1206930.16
"HENRY FORD HOSPITAL","DETROIT","MI - Detroit",74.0425531914894,2941170.19,1309882.52,1208653.6
"SCRIPPS MERCY HOSPITAL","SAN DIEGO","CA - San Diego",54.234693877551,6251200.74,1309076.72,1206173.83
"ROBERT WOOD JOHNSON UNIVERSITY HOSPITAL","NEW BRUNSWICK","NJ - New Brunswick",66.6060606060606,8508455.51,1308369.74,1225743.24
"WINTHROP-UNIVERSITY HOSPITAL","MINEOLA","NY - East Long Island",72.701030927835,5461337.16,1307429.04,1124170.62
"UNIVERSITY HOSPITAL S U N Y HEALTH SCIENCE CENTER","SYRACUSE","NY - Syracuse",36.8426966292135,3128255.3,1303813.56,1198555.84
"UNIVERSITY OF IOWA HOSPITAL & CLINICS","IOWA CITY","IA - Iowa City",40.9302325581395,3415610.81,1301275.75,1084135.17
"STATEN ISLAND UNIVERSITY HOSPITAL","STATEN ISLAND","NY - Manhattan",66.625,3489047.66,1301216.63,1198751.71
"UPMC PRESBYTERIAN SHADYSIDE","PITTSBURGH","PA - Pittsburgh",85.76,7651222.61,1297205.01,1122415.69
"COOPER UNIVERSITY HOSPITAL","CAMDEN","NJ - Camden",36.0681818181818,6713835.8,1293841.79,1180229.57
"COMMUNITY REGIONAL MEDICAL CENTER","FRESNO","CA - Fresno",56.8735632183908,4125825.39,1293615.36,1185692.82
"MUSC MEDICAL CENTER","CHARLESTON","SC - Charleston",45.0235294117647,2769887.87,1291469.27,1167033.8
"THE UNIVERSITY OF CHICAGO MEDICAL CENTER","CHICAGO","IL - Chicago",38.2337662337662,5226248.38,1291075.78,1154464.04
"MAYO CLINIC - SAINT MARYS HOSPITAL","ROCHESTER","MN - Rochester",82.530612244898,2886599.13,1289776.45,1058957.55
"GLENDALE ADVENTIST MEDICAL CENTER","GLENDALE","CA - Los Angeles",44.9425287356322,7416273.19,1288144.54,1205182.14
"PITT COUNTY MEMORIAL HOSPITAL","GREENVILLE","NC - Greenville",101.23,3490511.63,1284531.11,1154368.81
"WASHINGTON HOSPITAL CENTER","WASHINGTON","DC - Washington",82.28,4242807.31,1284421.05,1148757.68
"UNIVERSITY OF COLORADO HOSPITAL ANSCHUTZ INPATIENT","AURORA","CO - Denver",34.144578313253,4589125.58,1283466.33,1174196.68
"SALINAS VALLEY MEMORIAL HOSPITAL","SALINAS","CA - Salinas",36.7848101265823,4872811.24,1282272.77,1117089.06
"OHIO STATE UNIVERSITY HOSPITALS","COLUMBUS","OH - Columbus",70.9042553191489,4805669.04,1275158.2,1115203.41
"TAMPA GENERAL HOSPITAL","TAMPA","FL - Tampa",54.031914893617,6960111.46,1272649.6,1131378.89
"JOHN MUIR MEDICAL CENTER - WALNUT CREEK CAMPUS","WALNUT CREEK","CA - Contra Costa County",43.4352941176471,10126342.13,1270116.92,1116723.84
"RUSH UNIVERSITY MEDICAL CENTER","CHICAGO","IL - Chicago",60.367816091954,3977415.38,1268807.74,1113505.3
"SAINT BARNABAS MEDICAL CENTER","LIVINGSTON","NJ - Newark",58.0736842105263,6945519.28,1267947.41,1154898.71
"CAROLINAS MEDICAL CENTER/BEHAV HEALTH","CHARLOTTE","NC - Charlotte",73.7,3550046.18,1266221.86,1116312.7
"FRANKLIN SQUARE HOSPITAL CENTER","BALTIMORE","MD - Baltimore",70.1052631578947,1343814.16,1266031.32,1161038.75
"UNIVERSITY HOSPITALS OF CLEVELAND","CLEVELAND","OH - Cleveland",55.6559139784946,3458221.81,1261550.5,1164403.76
"TEMPLE UNIVERSITY HOSPITAL","PHILADELPHIA","PA - Philadelphia",33.5555555555556,9131351.41,1253510.58,1156779.81
"ST FRANCIS HOSPITAL & MEDICAL CENTER","HARTFORD","CT - Hartford",74.4432989690722,3070985.97,1250057.86,1137291.47
"BAYSTATE MEDICAL CENTER","SPRINGFIELD","MA - Springfield",72.8571428571429,2299516.31,1247826.49,1101974.16
"WESTERN MARYLAND REGIONAL MEDICAL CENTER","CUMBERLAND","DC - Washington",59.7216494845361,1324972.23,1247298.27,1145624.27
"LOYOLA UNIVERSITY MEDICAL CENTER","MAYWOOD","IL - Melrose Park",46.9325842696629,2921969.19,1243165.36,1119235.44
"VANDERBILT UNIVERSITY HOSPITAL","NASHVILLE","TN - Nashville",53.4791666666667,4288427.72,1238408.61,1056667.59
"ADVOCATE CHRIST HOSPITAL & MEDICAL CENTER","OAK LAWN","IL - Blue Island",89.5612244897959,3781531.8,1232476.11,1040317.17
"MEDICAL COLLEGE OF GA HOSPITALS AND CLINICS","AUGUSTA","GA - Augusta",37.2278481012658,2862960.73,1229767.27,1056283.83
"PENINSULA REGIONAL MEDICAL CENTER","SALISBURY","MD - Salisbury",72.8673469387755,1301425.07,1228499.65,1111893.43
"HACKENSACK UNIVERSITY MEDICAL CENTER","HACKENSACK","NJ - Hackensack",81.4444444444444,7517682.89,1228127.63,1092174.29
"PALMETTO HEALTH RICHLAND","COLUMBIA","SC - Columbia",50.0416666666667,5294207.05,1224143.42,1068912.41
"REGIONS HOSPITAL","SAINT PAUL","MN - St. Paul",56.1473684210526,3320147.31,1210740.09,1114199.83
"ADVOCATE LUTHERAN GENERAL HOSPITAL","PARK RIDGE","IL - Evanston",77.2857142857143,3633120.1,1207819.16,992551.43
"ST LUKES EPISCOPAL HOSPITAL","HOUSTON","TX - Houston",61.4329896907216,4898011.62,1206309.06,892343.32
"FLAGSTAFF MEDICAL CENTER","FLAGSTAFF","AZ - Phoenix",31.6969696969697,3676828.03,1203906.99,1107756.32
"STRONG MEMORIAL HOSPITAL","ROCHESTER","NY - Rochester",42.2921348314607,2030161.18,1203385.47,1015030.05
"CONEY ISLAND HOSPITAL","BROOKLYN","NY - Manhattan",48.7183098591549,1478836.84,1202790.98,1142210.06
"FROEDTERT MEM LUTHERAN HSPTL","MILWAUKEE","WI - Milwaukee",54.0549450549451,2692436.53,1202451.96,1113830.65
"HENNEPIN COUNTY MEDICAL CENTER","MINNEAPOLIS","MN - Minneapolis",33.0735294117647,2214593.7,1197925.43,1124882.35
"GEISINGER MEDICAL CENTER","DANVILLE","PA - Danville",42.5168539325843,4754531.88,1197758.49,1112205.01
"UNIVERSITY OF TOLEDO MEDICAL CENTER","TOLEDO","OH - Toledo",28.0348837209302,3480503.33,1194600.91,1087170.13
"CHRISTUS SANTA ROSA HOSPITAL","SAN ANTONIO","TX - San Antonio",64.59375,3798534.49,1193921.44,1073483.95
"HOSPITAL OF ST RAPHAEL","NEW HAVEN","CT - New Haven",71.1458333333333,3983905.35,1191278.91,1068198.23
"CHRISTIANA CARE HEALTH SERVICES, INC.","NEWARK","DE - Wilmington",145.42,2656412.82,1191066.05,1031482.66
"CLEVELAND CLINIC","CLEVELAND","OH - Cleveland",85.0736842105263,4609276.8,1190557.17,988666.74
"ALBANY MEDICAL CENTER HOSPITAL","ALBANY","NY - Albany",47.0315789473684,3947554.02,1184541.25,1014873.84
"BALTIMORE WASHINGTON  MEDICAL CENTER","GLEN BURNIE","MD - Baltimore",67.9278350515464,1256958.04,1184441.76,1082729.76
"BAPTIST HOSPITAL OF MIAMI INC","MIAMI","FL - Miami",59.1086956521739,6741958.73,1182933.53,998062.25
"CARROLL HOSPITAL CENTER","WESTMINSTER","MD - Baltimore",53.1538461538462,1253172.58,1181912.57,1077971.58
"HUNTINGTON MEMORIAL HOSPITAL","PASADENA","CA - Los Angeles",55.9587628865979,6579784.44,1177978.07,1080028.55
"SUTTER GENERAL HOSPITAL","SACRAMENTO","CA - Sacramento",47.8181818181818,5701304.42,1174881.58,1062929.86
"GOOD SAMARITAN HOSPITAL MEDICAL CENTER","WEST ISLIP","NY - East Long Island",63.15,5346639.04,1171970.5,939729.49
"UNIVERSITY OF MISSISSIPPI MED CENTER","JACKSON","MS - Jackson",37.8488372093023,3072695.05,1170669.42,1045183.63
"LOS ROBLES HOSPITAL & MEDICAL CENTER","THOUSAND OAKS","CA - Ventura",42.3409090909091,7595009.13,1168727.53,1024641.26
"METHODIST HEALTHCARE MEMPHIS HOSPITALS","MEMPHIS","TN - Memphis",137.36,3866534.04,1168699.82,923359.28
"BRIDGEPORT HOSPITAL","BRIDGEPORT","CT - Bridgeport",36.0493827160494,3581698.83,1166553,1041539.87
"ST JOSEPHS MED CENTER OF STOCKTON","STOCKTON","CA - Stockton",44.4719101123596,6900428.27,1165822.52,1076891.77
"HOLY CROSS HOSPITAL","SILVER SPRING","MD - Takoma Park",61.956043956044,1235643.5,1165148.28,1055039.21
"KALEIDA HEALTH","BUFFALO","NY - Buffalo",81.0102040816327,2543933.27,1164395.43,1035733.58
"ANNE ARUNDEL MEDICAL CENTER","ANNAPOLIS","DC - Washington",75.4329896907217,1232826.71,1163444.04,1049686.44
"MORRISTOWN MEMORIAL HOSPITAL","MORRISTOWN","NJ - Morristown",80.9381443298969,4913209.13,1163402.29,1015558.63
"SAINT AGNES MEDICAL CENTER","FRESNO","CA - Fresno",77.61,4853683.21,1158888.65,1009169.93
"SHADY GROVE ADVENTIST HOSPITAL","ROCKVILLE","DC - Washington",51.0645161290323,1227779.66,1157470.69,1043004.91
"O'CONNOR HOSPITAL","SAN JOSE","CA - San Jose",33.2876712328767,7286322.69,1156949.52,1074810.09
"ST CLOUD HOSPITAL","SAINT CLOUD","MN - St. Cloud",67.4040404040404,3075486.58,1155397.45,1035943.09
"ST VINCENT'S MEDICAL CENTER","BRIDGEPORT","CT - Bridgeport",47.53125,3325396.4,1153747.14,1036589.69
"UNIVERSITY OF ALABAMA HOSPITAL","BIRMINGHAM","AL - Birmingham",63.9690721649485,4170082.86,1153498.61,977284.68
"METRO HEALTH MEDICAL CENTER","CLEVELAND","OH - Cleveland",33.8170731707317,1986326.74,1151217.96,1068624.07
"CITRUS VALLEY MEDICAL CENTER-IC CAMPUS","COVINA","CA - Los Angeles",45.2159090909091,3554631.08,1150761.98,1053911.61
"LONG BEACH MEMORIAL MEDICAL CENTER","LONG BEACH","CA - Los Angeles",45.1910112359551,5247444.13,1150735.37,1019972.33
"SETON MEDICAL CENTER","DALY CITY","CA - San Mateo County",26.7538461538462,8461528.57,1149315.01,1072272.26
"THE NEBRASKA MEDICAL CENTER","OMAHA","NE - Omaha",47.9791666666667,3594574.62,1149023.58,1029198.62
"NORTHRIDGE HOSPITAL MEDICAL CENTER","NORTHRIDGE","CA - Los Angeles",35.906976744186,7146931.51,1148615.52,1034670.96
"THE QUEENS MEDICAL CENTER","HONOLULU","HI - Honolulu",37.4578313253012,2938508.64,1147335.18,951711.9
"INOVA FAIRFAX HOSPITAL","FALLS CHURCH","VA - Arlington",72.5555555555556,2704920.28,1146757.22,984920.89
"SUNRISE HOSPITAL AND MEDICAL CENTER","LAS VEGAS","NV - Las Vegas",44.5789473684211,7251291.69,1144077.58,958698.23
"BARNES JEWISH HOSPITAL","SAINT LOUIS","MO - St. Louis",105.704081632653,3164475.68,1142532.58,1006742.8
"ANTELOPE VALLEY HOSPITAL MED CENTER","LANCASTER","CA - Los Angeles",42.1954022988506,3883796.47,1139859.26,1030007.84
"HARPER UNIVERSITY HOSPITAL","DETROIT","MI - Detroit",58.8333333333333,2086389.26,1139161.6,1060650.25
"MERCY GENERAL HOSPITAL","SACRAMENTO","CA - Sacramento",39.0921052631579,5905207.92,1136955.45,950481.12
"ST JOHN HOSPITAL AND MEDICAL CENTER","DETROIT","MI - Detroit",86.040404040404,2643746.26,1134515.75,1028575.19
"CROZER CHESTER MEDICAL CENTER","UPLAND","PA - Philadelphia",51.1030927835052,13301692.23,1134384.39,1028439.51
"WEST VIRGINIA UNIVERSITY HOSPITALS","MORGANTOWN","WV - Morgantown",46.5730337078652,2727190.23,1133790.1,1022952.15
"WILLIAM BEAUMONT HOSPITAL","ROYAL OAK","MI - Royal Oak",144.69,3211630.37,1133270.49,1004688.52
"PROVIDENCE ALASKA MEDICAL CENTER","ANCHORAGE","AK - Anchorage",34.3815789473684,4031236.53,1132781.72,1015596.76
"EDWARD W SPARROW HOSPITAL","LANSING","MI - Lansing",64.959595959596,3647452.6,1131714.52,1015458.2
"GOOD SAMARITAN HOSPITAL","BALTIMORE","MD - Baltimore",55.6111111111111,1197345.75,1130424.29,1029456.82
"ENGLEWOOD HOSPITAL AND MEDICAL CENTER","ENGLEWOOD","NJ - Hackensack",47.9270833333333,6628630.29,1129640.15,1029204.28
"SPECTRUM HEALTH - BUTTERWORTH CAMPUS","GRAND RAPIDS","MI - Grand Rapids",102.97,2138340.25,1129084.86,968189.47
"RAPID CITY REGIONAL HOSPITAL","RAPID CITY","SD - Rapid City",39.8461538461538,3064646.73,1128528.44,953108.82
"RIVERSIDE COMMUNITY HOSPITAL","RIVERSIDE","CA - San Bernardino",38.9620253164557,6539989.88,1128508.63,989833.26
"RIDEOUT MEMORIAL HOSPITAL","MARYSVILLE","CA - Sacramento",41.0697674418605,5079126.6,1125952.16,1054615.67
"SHARP MEMORIAL HOSPITAL","SAN DIEGO","CA - San Diego",37.8352941176471,6142824.85,1125372.64,987077.42
"SWEDISH COVENANT HOSPITAL","CHICAGO","IL - Chicago",39.2613636363636,4993071.14,1123498.65,897222.24
"SELF REGIONAL HEALTHCARE","GREENWOOD","SC - Columbia",41.4,3573502.49,1122116.02,981497.38
"AURORA ST LUKES MEDICAL CENTER","MILWAUKEE","WI - Milwaukee",98.1632653061225,4227596.24,1121204.37,956579.7
"UNIVERSITY OF WASHINGTON MEDICAL CTR","SEATTLE","WA - Seattle",30.8245614035088,2097967.08,1120960,986959.29
"CAPE COD HOSPITAL","HYANNIS","MA - Boston",67.1368421052632,1771803.04,1120085.38,1031391.78
"HAHNEMANN UNIVERSITY HOSPITAL","PHILADELPHIA","PA - Philadelphia",29.525641025641,9673833.66,1117364.03,1017118.66
"LAHEY CLINIC HOSPITAL","BURLINGTON","MA - Boston",62.8163265306122,1812746.84,1117321.2,1009091.22
"GREENVILLE MEMORIAL HOSPITAL","GREENVILLE","SC - Greenville",62.4895833333333,3762318.65,1115878.92,961722.29
"PROVIDENCE SAINT JOSEPH MEDICAL CTR","BURBANK","CA - Los Angeles",50.551724137931,9364658.38,1114119.05,997263.45
"YORK HOSPITAL","YORK","PA - York",67.3571428571429,2166372.68,1113415.32,938463.68
"ALTA BATES SUMMIT MEDICAL CENTER - ALTA BATES CAMP","BERKELEY","CA - Alameda County",31.7887323943662,5493128.83,1113192.39,1036580.4
"INTEGRIS BAPTIST MEDICAL CENTER","OKLAHOMA CITY","OK - Oklahoma City",55.40625,5408765.15,1112394.01,959850.08
"DANBURY HOSPITAL","DANBURY","CT - New Haven",63.178947368421,2820139.86,1110332.14,944811.06
"MARIN GENERAL HOSPITAL","GREENBRAE","CA - San Francisco",33.9487179487179,7495685.93,1109183.87,1005990.06
"PROVIDENCE SACRED HEART MEDICAL CENTER","SPOKANE","WA - Spokane",57.3444444444444,3503873.12,1108773.46,950459.56
"SANTA ROSA MEMORIAL HOSPITAL","SANTA ROSA","CA - Santa Rosa",39.144578313253,6985392.92,1108735.74,1029259.63
"GOOD SAMARITAN HOSPITAL","SAN JOSE","CA - San Jose",34.7777777777778,8197764.66,1107834.92,971049.6
"GEORGE WASHINGTON UNIV HOSPITAL","WASHINGTON","DC - Washington",31.9512195121951,4291734.69,1107570.45,1005793.17
"PRINCE GEORGES HOSPITAL CENTER","CHEVERLY","MD - Takoma Park",33.4179104477612,1174684.32,1105390.46,1024893.59
"METHODIST HOSPITAL,THE","HOUSTON","TX - Houston",87.2551020408163,5815354.38,1104744.86,982598.39
"MAINE MEDICAL CENTER","PORTLAND","ME - Portland",70.821052631579,2469357.3,1103157.62,928725.16
"SAINT PETER'S UNIVERSITY HOSPITAL","NEW BRUNSWICK","NJ - New Brunswick",40.264367816092,8011135.11,1098915.62,1012555.19
"UNIVERSITY OF ILLINOIS HOSPITAL","CHICAGO","IL - Chicago",31.4032258064516,2629498.87,1097846.57,1011840.06
"SANTA CLARA VALLEY MEDICAL CENTER","SAN JOSE","CA - San Jose",23.7647058823529,3082358.33,1097331.86,1049933.14
"SOUTHCOAST HOSPITAL GROUP, INC","FALL RIVER","MA - Boston",142.02,2367033.27,1097244.79,934443.65
"SAINT JOSEPH MEDICAL CENTER","TOWSON","MD - Baltimore",55.6914893617021,1163850.72,1096410.79,998342.06
"ST ELIZABETH'S MEDICAL CENTER","BRIGHTON","MA - Boston",34.5064935064935,1587748.51,1094736.18,1034485.59
"MEMORIAL REGIONAL HOSPITAL","HOLLYWOOD","FL - Miami",49.8659793814433,5598793.48,1093584.85,990243.37
"DOCTORS HOSPITAL AT RENAISSANCE","EDINBURG","TX - McAllen",42.5340909090909,3238394.42,1092941.96,1000291.71
"TACOMA GENERAL ALLENMORE HOSPITAL","TACOMA","WA - Tacoma",45.438202247191,4356468.3,1090159.13,946676.95
"KAWEAH DELTA MEDICAL CENTER","VISALIA","CA - Bakersfield",55.7640449438202,4607700.55,1089921.85,983570.25
"FREDERICK MEMORIAL HOSPITAL","FREDERICK","DC - Washington",64.6276595744681,1156831.03,1089743.04,990005.1
"MERCY SAN JUAN MEDICAL CENTER","CARMICHAEL","CA - Sacramento",51.1904761904762,5488646.91,1089684.29,921342.59
"HILLCREST MEDICAL CENTER","TULSA","OK - Tulsa",51.1538461538462,3758671.96,1089290.05,930990.75
"MERCY MEDICAL CENTER REDDING","REDDING","CA - Redding",43.4457831325301,4935374.16,1087726.29,1000027.9
"MERITUS MEDICAL CENTER","HAGERSTOWN","DC - Washington",56.1098901098901,1151731.77,1086841.44,977351.79
"PROVIDENCE HOSPITAL AND MEDICAL CENTERS","SOUTHFIELD","MI - Royal Oak",94.4545454545455,2734376.82,1085476.2,989437.26
"SHANDS JACKSONVILLE MEDICAL CENTER","JACKSONVILLE","FL - Jacksonville",57.8809523809524,3652187.99,1083789.98,1003609.36
"MOUNT SINAI MEDICAL CENTER","MIAMI BEACH","FL - Miami",44.1397849462366,5604697.48,1082885.95,977584.94
"UNIVERSITY MEDICAL CENTER","LUBBOCK","TX - Lubbock",47.8021978021978,3363917.58,1082693.06,977856.4
"ST LOUIS UNIVERSITY HOSPITAL","SAINT LOUIS","MO - St. Louis",30.7341772151899,3904099.13,1082573.64,997985.72
"SINAI-GRACE HOSPITAL","DETROIT","MI - Detroit",61.7647058823529,2258033.49,1080775.5,1006089.81
"GROSSMONT HOSPITAL","LA MESA","CA - San Diego",53.8061224489796,5964279.92,1080747.29,973080.1
"JOHN MUIR MEDICAL CENTER - CONCORD CAMPUS","CONCORD","CA - Contra Costa County",33.5,9043378.73,1080222.41,999257.01
"OAKWOOD HOSPITAL AND MEDICAL CENTER","DEARBORN","MI - Dearborn",89.62,3110835.81,1079714.75,978284.1
"BRONSON METHODIST HOSPITAL","KALAMAZOO","MI - Kalamazoo",52.7422680412371,2663265.2,1079615.69,973072.41
"METHODIST DALLAS MEDICAL CENTER","DALLAS","TX - Dallas",35.6385542168675,3225100.13,1079199.35,1001162.55
"GLENDALE MEM HOSPITAL & HLTH CENTER","GLENDALE","CA - Los Angeles",35.2285714285714,5258731.76,1078927.17,1006030.51
"SAINT MARYS HOSPITAL","WATERBURY","CT - New Haven",40.4470588235294,2048057.06,1078255.57,956945.44
"HARBORVIEW MEDICAL CENTER","SEATTLE","WA - Seattle",28.0724637681159,2510888.92,1076183.29,971973.07
"ORLANDO HEALTH","ORLANDO","FL - Orlando",103.43,5469876.51,1075834.97,931126.97
"WASHINGTON ADVENTIST HOSPITAL","TAKOMA PARK","MD - Takoma Park",47.9876543209877,1142817.44,1075778.7,990219.35
"UNIVERSITY OF KANSAS HOSPITAL","KANSAS CITY","MO - Kansas City",49.7126436781609,4696162.95,1075718.67,916433.01
"EL CAMINO HOSPITAL","MOUNTAIN VIEW","CA - San Jose",40.8271604938272,6993233.75,1075187.86,993639.69
"MCLAREN FLINT","FLINT","MI - Flint",71.1,2897069.37,1073558.25,983054.64
"LEHIGH VALLEY HOSPITAL","ALLENTOWN","PA - Allentown",96.4387755102041,5454918.99,1071927.12,926443.6
"SAINT FRANCIS MEDICAL CENTER","PEORIA","IL - Peoria",68.5454545454545,4627338.09,1070783.23,921561.66
"HEARTLAND REGIONAL MEDICAL CENTER","SAINT JOSEPH","MO - Kansas City",67.2577319587629,2639116.6,1068980.99,931789.14
"OHSU HOSPITAL AND CLINICS","PORTLAND","OR - Portland",33.231884057971,2247529.47,1067678.94,969196.16
"ADVOCATE ILLINOIS MASONIC MEDICAL CENTER","CHICAGO","IL - Chicago",36.5324675324675,3401981.39,1067006.83,875696.28
"GRANT MEDICAL CENTER","COLUMBUS","OH - Columbus",47.2247191011236,3356041.8,1066625.54,969886.35
"UNIVERSITY OF MIAMI HOSPITAL","MIAMI","FL - Miami",54.9662921348315,6321899.99,1066400.83,972810.48
"EVANSTON HOSPITAL","EVANSTON","IL - Evanston",106.091836734694,3800481.47,1066215.79,904340.01
"O U MEDICAL CENTER","OKLAHOMA CITY","OK - Oklahoma City",31.5866666666667,4158620.53,1066033.84,957111.97
"BAYLOR UNIVERSITY MEDICAL CENTER","DALLAS","TX - Dallas",84.1666666666667,3124138.55,1065847.15,923814.15
"OVERLOOK HOSPITAL","SUMMIT","NJ - Morristown",65.7634408602151,4100566.02,1065402.58,930840.02
"MERCY ST VINCENT MEDICAL CENTER","TOLEDO","OH - Toledo",49.4597701149425,3892786.16,1064223.84,984607.26
"WAKEMED, RALEIGH CAMPUS","RALEIGH","NC - Raleigh",97.5858585858586,3729721.09,1063814.87,956610.62
"GOOD SAMARITAN HOSPITAL","LOS ANGELES","CA - Los Angeles",42.0416666666667,5358986.8,1062158.84,1000340.47
"BANNER GOOD SAMARITAN MEDICAL CENTER","PHOENIX","AZ - Phoenix",42.7555555555556,4064473.7,1060598.06,926974.78
"METHODIST HOSPITAL OF SOUTHERN CA","ARCADIA","CA - Los Angeles",46.2444444444444,5291425.7,1060021.97,972884.79
"ST JOHN'S RIVERSIDE HOSPITAL","YONKERS","NY - White Plains",47.1282051282051,2611578.72,1059700.57,977408.3
"ST DAVIDS MEDICAL CENTER","AUSTIN","TX - Austin",61.8969072164948,4268905.99,1059259.77,929184.53
"ALLEGHENY GENERAL HOSPITAL","PITTSBURGH","PA - Pittsburgh",37.2183908045977,3599354.4,1058705.12,970698.75
"ABBOTT NORTHWESTERN HOSPITAL","MINNEAPOLIS","MN - Minneapolis",77.1237113402062,4453851.49,1057742.93,895445.68
"UNIVERSITY HEALTH CARE/UNIV HOSPITALS AND  CLINICS","SALT LAKE CITY","UT - Salt Lake City",30.2297297297297,2154898.15,1057514.19,904937.69
"ST JOSEPH MERCY OAKLAND","PONTIAC","MI - Pontiac",60.6559139784946,2274062.09,1057268.31,949182.15
"SOUTH TEXAS HEALTH SYSTEM","EDINBURG","TX - McAllen",49.1,6477174.59,1057067.24,961994.07
"MERCY HOSPITAL AND MEDICAL CENTER","CHICAGO","IL - Chicago",46.8414634146341,1976463.56,1054694.28,955434.32
"SENTARA NORFOLK GENERAL HOSPITAL","NORFOLK","VA - Norfolk",55.8333333333333,3154248.21,1053077.69,903081.88
"SCOTT & WHITE MEMORIAL HOSPITAL","TEMPLE","TX - Temple",78.8494623655914,2788176.49,1052976.42,898569.01
"GEORGETOWN UNIVERSITY HOSPITAL","WASHINGTON","DC - Washington",31.1166666666667,3569775.69,1052229.08,948482.69
"MARY WASHINGTON HOSPITAL, INC","FREDERICKSBURG","VA - Richmond",61.7979797979798,3765948.05,1051984.25,913971.19
"JACOBI MEDICAL CENTER","BRONX","NY - Bronx",27.3333333333333,1173989.09,1051315.08,1003192.23
"ATLANTICARE REGIONAL MEDICAL CENTER - CITY DIV","ATLANTIC CITY","NJ - Camden",81.8673469387755,8124567.23,1050846.77,912129.91
"FLORIDA HOSPITAL","ORLANDO","FL - Orlando",258.28,5115134.45,1049917.46,858756.79
"UPPER CHESAPEAKE MEDICAL CENTER","BEL AIR","MD - Baltimore",52.021978021978,1110914.56,1049669.82,935020.45
"FRANCISCAN ST JAMES HEALTH","OLYMPIA FIELDS","IL - Blue Island",77.6354166666667,3405989.71,1048148.66,927200.57
"ST VINCENT HOSPITAL & HEALTH SERVICES","INDIANAPOLIS","IN - Indianapolis",69.3298969072165,3738360.95,1047206.24,881512.64
"CARILION ROANOKE MEMORIAL CENTER","ROANOKE","VA - Roanoke",83.8080808080808,2783956.7,1045862.08,878392.67
"FOUNTAIN VALLEY REGIONAL HOSPITAL & MEDICAL CENTER","FOUNTAIN VALLEY","CA - Orange County",35.1944444444444,5951653.97,1045743.21,969639.51
"PEACEHEALTH SOUTHWEST MEDICAL CENTER","VANCOUVER","OR - Portland",49.2608695652174,3476164.12,1045658.36,861077.4
"MEDICAL CENTER OF CENTRAL GEORGIA","MACON","GA - Macon",74.21875,3262318.42,1044910.26,921693.55
"ST JOSEPH'S HOSPITAL HEALTH CENTER","SYRACUSE","NY - Syracuse",78.2959183673469,2329089.19,1041433.98,906935.43
"JERSEY SHORE UNIVERSITY MEDICAL CENTER","NEPTUNE","NJ - Camden",72.5625,6907218.85,1040362.93,912688.23
"CAPE FEAR VALLEY MEDICAL CENTER","FAYETTEVILLE","NC - Raleigh",90.1855670103093,3843149.21,1040179.45,935085.2
"NORWALK HOSPITAL ASSOCIATION","NORWALK","CT - Bridgeport",41.3488372093023,3274029.72,1038654.14,937515.09
"SOUTH NASSAU COMMUNITIES HOSPITAL","OCEANSIDE","NY - East Long Island",65.2315789473684,3938887.27,1038288.28,904577.11
"ST MARY & ELIZABETH MED CTR-DIVISION CAMPUS","CHICAGO","IL - Chicago",59.5609756097561,3739989.49,1037810.59,923221.25
"BRONX-LEBANON HOSPITAL CENTER","BRONX","NY - Bronx",31.5272727272727,884716.98,1037149,992709.94
"PROVIDENCE TARZANA MEDICAL CENTER","TARZANA","CA - Los Angeles",44.5168539325843,8584998.59,1034861.16,945716.81
"GENESYS REGIONAL MEDICAL CENTER - HEALTH PARK","GRAND BLANC","MI - Flint",67.1954022988506,2581510.19,1033825.24,946286.05
"ST LUKE'S HOSPITAL BETHLEHEM","BETHLEHEM","PA - Allentown",80.27,5946214.6,1032904.57,878738.04
"SUBURBAN HOSPITAL","BETHESDA","DC - Washington",53.9666666666667,1092652.08,1030548.33,920384.83
"MEMORIAL HERMANN HOSPITAL SYSTEM","HOUSTON","TX - Houston",115.272727272727,3118838.62,1029222.27,873891.48
"VIRTUA WEST JERSEY HOSPITALS BERLIN","BERLIN","NJ - Camden",98.2448979591837,7101654.26,1028601.15,826948.55
"DOCTORS MEDICAL CENTER","MODESTO","CA - Modesto",30.2,10128708.33,1027074.13,945011.01
"CAROLINA EAST MEDICAL CENTER","NEW BERN","NC - Greenville",54.4123711340206,2254557.36,1023623.01,911849.09
"ABINGTON MEMORIAL HOSPITAL","ABINGTON","PA - Philadelphia",68.9393939393939,6786860.92,1021877.93,898204.78
"FORSYTH MEMORIAL HOSPITAL","WINSTON-SALEM","NC - Winston-Salem",73.5050505050505,2444776.65,1021397.3,889277.48
"JAMAICA HOSPITAL MEDICAL CENTER","JAMAICA","NY - East Long Island",41.703125,1280326.44,1021155.37,950096.45
"MEMORIAL HEALTH UNIV MED CEN, INC","SAVANNAH","GA - Savannah",52.5979381443299,3253454.75,1020893.1,910014.51
"UNM HOSPITAL","ALBUQUERQUE","NM - Albuquerque",26.6818181818182,2010925.01,1020823.22,959948.31
"GREATER BALTIMORE MEDICAL CENTER","BALTIMORE","MD - Baltimore",53.1395348837209,1082450.84,1020397.61,928841.36
"TORRANCE MEMORIAL MEDICAL CENTER","TORRANCE","CA - Los Angeles",41.1098901098901,6750129.61,1019927.77,906135.06
"BROOKLYN HOSPITAL CENTER AT DOWNTOWN CAMPUS","BROOKLYN","NY - Manhattan",31.4153846153846,1681613.77,1019668.34,964436.21
"HOLLYWOOD PRESBYTERIAN MEDICAL CENTER","LOS ANGELES","CA - Los Angeles",32.2272727272727,4170652.67,1019659.03,967377.09
"SOMERSET MEDICAL CENTER","SOMERVILLE","NJ - New Brunswick",51.2,9165956.42,1018059.04,899486.2
"ST ANTHONY HOSPITAL","OKLAHOMA CITY","OK - Oklahoma City",42.3855421686747,2633276.79,1017738.96,908736.52
"KENNEDY UNIVERSITY HOSPITAL - STRATFORD DIV","STRATFORD","NJ - Camden",95.0652173913043,6103228.63,1016972.26,937695.23
"MAIN LINE HOSPITAL LANKENAU","WYNNEWOOD","PA - Philadelphia",45.3473684210526,5531682.75,1016699.09,874176.25
"NORTHWEST HOSPITAL CENTER","RANDALLSTOWN","MD - Baltimore",66.7469879518072,1079349.2,1016145.17,941809.59
"NORTH SHORE MEDICAL CENTER","SALEM","MA - Boston",67.8817204301075,3253109.71,1013967.1,914110.48
"NEW HANOVER REGIONAL MEDICAL CENTER","WILMINGTON","NC - Wilmington",104.87,2474091.26,1013711.03,908922.65
"VALLEY HOSPITAL","RIDGEWOOD","NJ - Ridgewood",97.734693877551,4577760.23,1013048.22,904196.66
"MIAMI VALLEY HOSPITAL","DAYTON","OH - Dayton",57.7083333333333,4759549.18,1012520.2,885568.78
"READING HOSPITAL MEDICAL CENTER","READING","PA - Reading",68.2736842105263,3211494.4,1010370.65,881329.93
"NORTHBAY MEDICAL CENTER","FAIRFIELD","CA - Contra Costa County",28.9672131147541,8448777.32,1010364.59,936067.9
"PINNACLE HEALTH HOSPITALS","HARRISBURG","PA - Harrisburg",55.3052631578947,2332146.01,1009863.31,870771.31
"ST JOSEPH MEDICAL CENTER","TACOMA","WA - Tacoma",46.0989010989011,4761146.82,1009136.64,857092.77
"HARRISON MEDICAL CENTER","BREMERTON","WA - Seattle",48.5869565217391,3916651.13,1008523.66,879790.3
"NORTON HOSPITALS, INC","LOUISVILLE","KY - Louisville",118.56,3738149.34,1008217.37,900682.08
"GARFIELD MEDICAL CENTER","MONTEREY PARK","CA - Los Angeles",33.2459016393443,7190088.11,1006196.08,942091.03
"EDEN MEDICAL CENTER","CASTRO VALLEY","CA - Alameda County",40.5714285714286,4762884.2,1005812.64,934003.25
"CROUSE HOSPITAL","SYRACUSE","NY - Syracuse",49.3260869565217,2041549.04,1003884.15,888902.34
"JEWISH HOSPITAL & ST MARY'S HEALTHCARE","LOUISVILLE","KY - Louisville",97.61,2981923.58,1002904.56,879248.74
"EASTERN MAINE MEDICAL CENTER","BANGOR","ME - Bangor",56.28125,2319828.49,1002873.84,892569.99
"RIVERSIDE REGIONAL MEDICAL CENTER","NEWPORT NEWS","VA - Newport News",44.6818181818182,2244625.97,1002588.56,889977.21
"ST JOHN'S EPISCOPAL HOSPITAL AT SOUTH SHORE","FAR ROCKAWAY","NY - East Long Island",35.2241379310345,1799506.35,1002322.7,957339.97
"DOMINICAN HOSPITAL","SANTA CRUZ","CA - Santa Cruz",36.1710526315789,6115788.99,1002300.27,908798.58
"ST JOSEPH'S HOSPITAL","TAMPA","FL - Tampa",72.36,4054669.93,1001773.29,872727.91
"SWEDISH AMERICAN HOSPITAL","ROCKFORD","IL - Rockford",46.3225806451613,4296968.69,1000865.21,814878.71
"OWENSBORO MEDICAL HEALTH SYSTEM","OWENSBORO","KY - Owensboro",59.9175257731959,2139454.92,998747.33,865775.88
"ST LUKES HOSPITAL OF KANSAS CITY","KANSAS CITY","MO - Kansas City",49.5494505494505,4746700.97,998631.2,856216.05
"EMORY UNIVERSITY HOSPITAL","ATLANTA","GA - Atlanta",52.7590361445783,2508621.8,998210.27,826973.63
"CHAMPLAIN VALLEY PHYSICIANS HOSPITAL MEDICAL CTR","PLATTSBURGH","VT - Burlington",38.1927710843374,2263214.5,997640.52,909957.74
"MCLEOD REGIONAL MEDICAL CENTER-PEE DEE","FLORENCE","SC - Florence",65.6969696969697,4254779.5,996103.95,854963.3
"PIKEVILLE MEDICAL CENTER","PIKEVILLE","KY - Lexington",43.3012048192771,4017706.8,995613.63,862516.85
"SHERMAN HOSPITAL","ELGIN","IL - Elgin",42.6923076923077,4309986.69,994262.52,805097
"RESURRECTION MEDICAL CENTER","CHICAGO","IL - Chicago",55.3655913978495,4195547.3,993483.99,828221.46
"SPARTANBURG REGIONAL MEDICAL CENTER","SPARTANBURG","SC - Spartanburg",68.2020202020202,3256511.04,992718.45,831026.1
"MEDICAL CITY DALLAS HOSPITAL","DALLAS","TX - Dallas",40.4945054945055,6947442.96,991549.57,824578.72
"BOTSFORD HOSPITAL","FARMINGTON HILL","MI - Ann Arbor",57.4,1697831.88,990767.24,891896.47
"SSM ST MARYS HEALTH CENTER","RICHMOND HEIGHT","MO - St. Louis",46.0454545454545,2840450.19,990502.94,894631.42
"RENOWN REGIONAL MEDICAL CENTER","RENO","NV - Reno",56.340206185567,4153800.64,990244.1,852770.81
"MEMORIAL  MEDICAL CENTER","MODESTO","CA - Modesto",45.8426966292135,6661277.07,990234.62,884762.26
"MOUNTAINVIEW HOSPITAL","LAS VEGAS","NV - Las Vegas",47.3541666666667,7158203.25,989379.16,817228.62
"LAS PALMAS MEDICAL CENTER","EL PASO","TX - El Paso",53.8817204301075,6419650.12,988487.52,873223.1
"BERKSHIRE MEDICAL CENTER INC","PITTSFIELD","NY - Albany",41.5595238095238,1695141.32,988135.54,890389.79
"MUNSON MEDICAL CENTER","TRAVERSE CITY","MI - Traverse City",77.360824742268,2590499.03,987823.75,867105.83
"EMORY UNIVERSITY HOSPITAL MIDTOWN","ATLANTA","GA - Atlanta",45.816091954023,2578715.17,987445.67,856837.2
"MERITER HSPTL","MADISON","WI - Madison",39.2247191011236,3399104.32,987355.51,887934.15
"ST JOSEPH MERCY HOSPITAL","ANN ARBOR","MI - Ann Arbor",83.9591836734694,2810319.66,987339.24,834865.11
"ST LUKES REGIONAL MEDICAL CENTER","BOISE","ID - Boise",42.7362637362637,2575041.26,986754.72,845473.57
"FLUSHING HOSPITAL MEDICAL CENTER","FLUSHING","NY - East Long Island",40.6615384615385,1661044.96,986729.29,924390.73
"VASSAR BROTHERS MEDICAL CENTER","POUGHKEEPSIE","NY - Albany",63.6451612903226,4160069.5,986290.13,879653.1
"INTERMOUNTAIN MEDICAL CENTER","MURRAY","UT - Salt Lake City",41.9886363636364,2514019.14,986016.82,761921.07
"METHODIST HOSPITAL","SAN ANTONIO","TX - San Antonio",159.21,4615481.74,985872.87,849561.3
"OCHSNER FOUNDATION HOSPITAL","NEW ORLEANS","LA - New Orleans",59.9550561797753,3120067.95,984629.91,879733.47
"METHODIST HOSPITALS INC","GARY","IN - Gary",57.4148936170213,2828789.12,984135.88,886254.19
"MEMORIAL MEDICAL CENTER","SPRINGFIELD","IL - Springfield",80.2323232323232,3178623.64,982804.63,841475.24
"WHITE MEMORIAL MEDICAL CENTER","LOS ANGELES","CA - Los Angeles",39.4032258064516,5094580.16,982559.36,929574.43
"MOSES H CONE MEMORIAL HOSPITAL, THE","GREENSBORO","NC - Greensboro",101.727272727273,2031235.98,982342.32,857764.79
"ESSENTIA HEALTH ST MARY'S MEDICAL CENTER","DULUTH","MN - Duluth",45.3406593406593,2637231.94,980603.58,873101.19
"MACNEAL  HOSPITAL","BERWYN","IL - Melrose Park",36.5795454545455,3057222.38,980450.36,883805.33
"DETROIT RECEIVING HOSPITAL & UNIV HEALTH CENTER","DETROIT","MI - Detroit",40.3611111111111,2488066.3,979877.45,919656.83
"ARIA HEALTH","PHILADELPHIA","PA - Philadelphia",54.3870967741936,4902561.15,979378.33,855879.35
"MAYO CLINIC HOSPITAL","PHOENIX","AZ - Phoenix",44.6172839506173,2609815.94,978317.81,797876.04
"UNITED HOSPITAL","SAINT PAUL","MN - St. Paul",51.1397849462366,3843738.04,977753.38,821137.93
"MEMORIAL MISSION HOSPITAL AND ASHEVILLE SURGERY CE","ASHEVILLE","NC - Asheville",112,2416401.84,977549.38,853782.13
"MIRIAM HOSPITAL","PROVIDENCE","RI - Providence",40.6,3384425.15,977281.82,873736.85
"SUMMA HEALTH SYSTEMS HOSPITALS","AKRON","OH - Akron",67.0526315789474,4336329.81,976293.19,855079.78
"UNIVERSITY OF MISSOURI HEALTH CARE","COLUMBIA","MO - Columbia",35.9259259259259,2993304.08,976045.08,851057.73
"ST MARY'S HOSPITAL","MADISON","WI - Madison",59.4742268041237,2834428.58,975996.93,853572.21
"EISENHOWER MEDICAL CENTER","RANCHO MIRAGE","CA - Palm Springs/Rancho M",63.3434343434343,8425987.39,975768.72,853162.21
"JFK MEDICAL CTR - ANTHONY M. YELENCSICS COMMUNITY","EDISON","NJ - New Brunswick",58.8571428571429,5493666.25,975111.14,881776.68
"WELLSTAR COBB HOSPITAL","AUSTELL","GA - Atlanta",46.1595744680851,3519463.99,975043.59,810331.48
"BORGESS MEDICAL CENTER","KALAMAZOO","MI - Kalamazoo",64.1063829787234,3094916.13,974823.62,862227.15
"TEXAS HEALTH HARRIS METHODIST FORT WORTH","FORT WORTH","TX - Fort Worth",73.6262626262626,3842359.99,973382.14,838172.51
"PLAINVIEW HOSPITAL","PLAINVIEW","NY - East Long Island",48.7560975609756,3291049.18,972756,822427.35
"ORANGE REGIONAL MEDICAL CENTER","MIDDLETOWN","NY - White Plains",64.5106382978723,4328061.42,972021.3,873409.14
"CHEYENNE REGIONAL MEDICAL CENTER","CHEYENNE","CO - Fort Collins",30.5316455696203,2482096,971727.4,839759.52
"WINCHESTER MEDICAL CENTER INC","WINCHESTER","VA - Winchester",78.23,2038921.59,971678.07,826878.22
"EDWARD HOSPITAL","NAPERVILLE","IL - Hinsdale",54.5353535353535,4038637.63,970548.54,779628.09
"CENTINELA HOSPITAL MEDICAL CENTER","INGLEWOOD","CA - Los Angeles",65.0649350649351,5867487.92,970401.8,897007.25
"ST JOSEPH'S HOSPITAL AND MEDICAL CENTER","PHOENIX","AZ - Phoenix",32.7323943661972,3767814.04,969368.6,854965.83
"PROVIDENCE LITTLE COMPANY OF MARY MED CTR TORRANCE","TORRANCE","CA - Los Angeles",42.9885057471264,6632547.17,968889.76,882348.67
"ST JOHN MACOMB-OAKLAND HOSPITAL-MACOMB CENTER","WARREN","MI - Detroit",94.2040816326531,2654301.96,968210.49,872361.48
"OUR LADY OF LOURDES MEDICAL CENTER","CAMDEN","NJ - Camden",42.3908045977011,6808128.16,966805.7,881133.5
"SOUTHERN MARYLAND HOSPITAL CENTER","CLINTON","DC - Washington",58.9277108433735,1026280.55,965817.97,893679.07
"UT SOUTHWESTERN UNIVERSITY HOSPITAL","DALLAS","TX - Dallas",40.0405405405405,3497676.23,965038.71,877272.31
"HOLY NAME MEDICAL CENTER","TEANECK","NJ - Hackensack",56.3932584269663,4399602.25,964987.22,877055.54
"CHARLESTON AREA MEDICAL CENTER","CHARLESTON","WV - Charleston",94.4040404040404,2694101.49,964875.35,833020.54
"TEXAS HEALTH PRESBYTERIAN HOSPITAL  DALLAS","DALLAS","TX - Dallas",56.8556701030928,3906419.94,962572.68,813886.46
"JOHN DEMPSEY HOSPITAL","FARMINGTON","CT - Hartford",30.8833333333333,1639321.52,962094.22,890093.26
"WELLSTAR KENNESTONE HOSPITAL","MARIETTA","GA - Atlanta",85.02,3781522.62,961849.52,758930.31
"PROVIDENCE REGIONAL MEDICAL CENTER EVERETT","EVERETT","WA - Everett",49.7441860465116,3223300.16,961622.87,801254.3
"BAPTIST MEDICAL CENTER","JACKSONVILLE","FL - Jacksonville",65.89,4367126.69,959085,820976.21
"TOLEDO HOSPITAL THE","TOLEDO","OH - Toledo",48.8817204301075,4801594.3,958394.05,852989.78
"MEMORIAL HOSPITAL AT EASTON","EASTON","MD - Baltimore",56.1294117647059,1018336,958378.29,873018.28
"ADVOCATE CONDELL MEDICAL CENTER","LIBERTYVILLE","WI - Milwaukee",51.3645833333333,4797687.95,957954.64,808664.74
"GOOD SAMARITAN HOSPITAL OF SUFFERN","SUFFERN","NJ - Ridgewood",42.5116279069767,4518730.17,957737.02,853839.25
"MOUNT CARMEL HEALTH","COLUMBUS","OH - Columbus",69.5,2277261.72,957686.37,804680.62
"INDIANA UNIVERSITY HEALTH BALL MEMORIAL HOSPITAL","MUNCIE","IN - Muncie",58.9895833333333,3463880.78,956892.13,805077.15
"ST FRANCIS HOSPITAL, ROSLYN","ROSLYN","NY - East Long Island",79.5632183908046,4264328.24,956611.45,776732.06
"RIVERSIDE METHODIST HOSPITAL","COLUMBUS","OH - Columbus",91.7272727272727,3493200.89,956088.68,835906.61
"HOWARD COUNTY GENERAL HOSPITAL","COLUMBIA","MD - Baltimore",51.3218390804598,1014287.7,955550.17,866071.92
"TUCSON MEDICAL CENTER","TUCSON","AZ - Tucson",46,3076872.4,955532.38,860918.24
"HUNTINGTON HOSPITAL","HUNTINGTON","NY - East Long Island",61.5806451612903,3541261.78,954793.99,821017.51
"VHS HARLINGEN HOSPITAL COMPANY LLC","HARLINGEN","TX - Harlingen",48.1555555555556,3621497.74,953620.39,835409.35
"PROVIDENCE ST PETER HOSPITAL","OLYMPIA","WA - Olympia",49.8876404494382,3951379.34,952851.04,758199.96
"SOUTHSIDE HOSPITAL","BAY SHORE","NY - East Long Island",40.046511627907,3049291.37,952796.24,839425.54
"SANFORD MEDICAL CENTER FARGO","FARGO","ND - Fargo/Moorhead MN",59.4255319148936,2164550.01,952568.91,834454.35
"BAYLOR ALL SAINTS MEDICAL CENTER AT FW","FORT WORTH","TX - Fort Worth",41.9651162790698,2942616.59,952157.24,836992.42
"MERCY HOSPITAL ST LOUIS","SAINT LOUIS","MO - St. Louis",57.03,3913440.6,952115.87,836956.57
"ENLOE MEDICAL CENTER","CHICO","CA - Chico",50.9438202247191,5426826.11,951020.69,874669.73
"NORTH MEMORIAL MEDICAL CENTER","ROBBINSDALE","MN - Minneapolis",49.4526315789474,3639697.31,950817.37,828700.28
"VIA CHRISTI HOSPITALS WICHITA INC","WICHITA","KS - Wichita",88.5959595959596,3736680.73,950521.67,805238.13
"HURLEY MEDICAL CENTER","FLINT","MI - Flint",36.7164179104478,2394164.38,949833.69,886959.13
"FLAGLER HOSPITAL","SAINT AUGUSTINE","FL - Jacksonville",51.7446808510638,3992780.11,949676.02,795756.05
"SUTTER ROSEVILLE MEDICAL CENTER","ROSEVILLE","CA - Sacramento",41.4651162790698,4439933.64,949471.67,830924.39
"TRIDENT MEDICAL CENTER","CHARLESTON","SC - Charleston",56.6428571428571,5462843.08,949402.2,797223.43
"SOUND SHORE MEDICAL CENTER OF WESTSCHESTER","NEW ROCHELLE","NY - Bronx",34.3623188405797,1775102.13,949352.07,877448.88
"HENRICO DOCTORS' HOSPITAL","RICHMOND","VA - Richmond",53.4574468085106,6563859.51,949269.7,797028.21
"MERCY MEDICAL CENTER-DES MOINES","DES MOINES","IA - Des Moines",75.35,3135715.49,949024.29,810372.48
"GASTON MEMORIAL HOSPITAL","GASTONIA","NC - Charlotte",74.83,2611640.25,947721.41,826755.64
"SANFORD USD MEDICAL CENTER","SIOUX FALLS","SD - Sioux Falls",53.7368421052632,3517685.2,947543.58,847710.09
"BAPTIST MEDICAL CENTER","SAN ANTONIO","TX - San Antonio",116.19,4555493.1,946836.83,833827.18
"HOWARD UNIVERSITY HOSPITAL","WASHINGTON","DC - Washington",30.8392857142857,2056050.34,946239.88,898781.75
"WILLIAM BEAUMONT HOSPITAL-TROY","TROY","MI - Royal Oak",90.16,3175233.38,945240.55,825835.83
"POMONA VALLEY HOSPITAL MEDICAL CENTER","POMONA","CA - Los Angeles",34.3174603174603,5592735.32,944801.37,866237.56
"SINGING RIVER HOSPITAL","PASCAGOULA","AL - Mobile",55.6969696969697,4785592.64,944264.74,784826.97
"MOUNTAINSIDE HOSPITAL","MONTCLAIR","NJ - Newark",42.2911392405063,4267175.38,944110.86,871923.69
"ST JOHNS HOSPITAL","SPRINGFIELD","IL - Springfield",57.2777777777778,3105264.07,943608.67,831713.5
"PALOS COMMUNITY HOSPITAL","PALOS HEIGHTS","IL - Blue Island",82.9393939393939,3748272.84,943380.67,747785.52
"BAPTIST MEMORIAL HOSPITAL","MEMPHIS","TN - Memphis",92.8282828282828,3493348.28,943100.38,793751.95
"ADVOCATE GOOD SAMARITAN HOSPITAL","DOWNERS GROVE","IL - Hinsdale",61.6382978723404,3959662.31,943026.93,726288.82
"PHOEBE PUTNEY MEMORIAL HOSPITAL","ALBANY","GA - Albany",39.4642857142857,2702840.63,942323.31,820355.68
"SANTA MONICA - UCLA MED CTR & ORTHOPAEDIC HOSPITAL","SANTA MONICA","CA - Los Angeles",36.6363636363636,4653589.77,941946.08,834152.97
"BANNER DESERT MEDICAL CENTER","MESA","AZ - Mesa",41.6593406593407,3495317.18,941908.86,802303.67
"MONMOUTH MEDICAL CENTER","LONG BRANCH","NJ - Camden",38.3125,5791547.79,941868.14,868231.3
"WYCKOFF HEIGHTS MEDICAL CENTER","BROOKLYN","NY - Manhattan",39.2,1938660.33,941771.75,895489.25
"CHRIST HOSPITAL","CINCINNATI","OH - Cincinnati",59.7888888888889,3075775.06,941743.12,833160.2
"METHODIST MEDICAL CENTER OF ILLINOIS","PEORIA","IL - Peoria",40.9340659340659,3622308.07,941570.15,799097.03
"GOOD SAMARITAN HOSPITAL","CINCINNATI","OH - Cincinnati",42.0714285714286,3181364.81,940757.62,816200.46
"ST BARNABAS HOSPITAL","BRONX","NY - Bronx",25.96,1520883.78,940323.74,901792.41
"MINISTRY SAINT JOSEPH'S HOSPITAL","MARSHFIELD","WI - Marshfield",38.175,2302896.56,940214.35,798535.87
"RHC ST FRANCIS HOSPITAL","EVANSTON","IL - Evanston",36.64,3445757.3,940009.32,797400.05
"COVENANT MEDICAL CENTER, INC","SAGINAW","MI - Saginaw",83.3814432989691,2824595.02,939973.11,837646.5
"ERLANGER MEDICAL CENTER","CHATTANOOGA","TN - Chattanooga",46.247191011236,2822659.94,939628.42,826413.27
"BAKERSFIELD MEMORIAL HOSPITAL","BAKERSFIELD","CA - Bakersfield",32.0526315789474,5145716.69,939620.86,836613.88
"UAMS MEDICAL CENTER","LITTLE ROCK","AR - Little Rock",41.1710526315789,2117798.75,939537.94,825876.78
"MARY IMOGENE BASSETT HOSPITAL","COOPERSTOWN","NY - Albany",31.5205479452055,1560789.28,938718.88,841554.41
"UPMC HAMOT","ERIE","PA - Erie",45.6538461538462,4440739.54,937902.92,631789.67
"NASSAU UNIVERSITY MEDICAL CENTER","EAST MEADOW","NY - East Long Island",37.85,1489103.88,937635.43,887766.14
"PROVENA ST JOSEPH MEDICAL CENTER","JOLIET","IL - Joliet",80.8265306122449,4511252.03,937551.41,794639.57
"SETON MEDICAL CENTER AUSTIN","AUSTIN","TX - Austin",55.4791666666667,5514149.45,937033.27,771471.04
"ANMED HEALTH","ANDERSON","SC - Greenville",61.2688172043011,5046938.62,936821.06,772332.84
"MERCY MEDICAL CENTER","MERCED","CA - Modesto",41.3142857142857,4331112.24,936364.82,869853.87
"UNIVERSITY OF TN MEMORIAL HOSPITAL","KNOXVILLE","TN - Knoxville",49.6086956521739,2905680.81,936230.73,811997.68
"BAYHEALTH - KENT GENERAL HOSPITAL","DOVER","DE - Wilmington",56.3118279569892,2442372.26,935907.02,803388.16
"WYOMING MEDICAL CENTER","CASPER","WY - Casper",28.3466666666667,2580391.76,934774.42,711610.13
"SOUTHEASTERN REGIONAL MEDICAL CENTER","LUMBERTON","NC - Durham",60.8863636363636,2816318.65,934325.06,832176.22
"PRESBYTERIAN HOSPITAL","ALBUQUERQUE","NM - Albuquerque",54.2903225806452,2878334.47,934317.67,786163.24
"WATERBURY HOSPITAL","WATERBURY","CT - New Haven",43.9375,3609741.33,933933.89,827245.34
"JOHNSON CITY MEDICAL CENTER","JOHNSON CITY","TN - Johnson City",68.2783505154639,4086893.55,933501.01,805659.85
"RARITAN BAY MEDICAL CENTER","PERTH AMBOY","NJ - New Brunswick",54.6867469879518,6065440.06,933437.91,859481.58
"JFK MEDICAL CENTER","ATLANTIS","FL - Fort Lauderdale",71.8020833333333,5874685.14,932714.39,795466.14
"CAROLINAS MEDICAL CENTER-NORTHEAST","CONCORD","NC - Charlotte",68.1632653061225,2346833.92,931764.49,813503.18
"ELMHURST HOSPITAL CENTER","ELMHURST","NY - East Long Island",32.9661016949153,1213833.45,931154.12,880249.26
"SACRED HEART HOSPITAL","PENSACOLA","FL - Pensacola",52.4631578947368,2920377.81,931143.42,809515.52
"FOREST HILLS HOSPITAL","FOREST HILLS","NY - East Long Island",49.0675675675676,2466815.66,930096.42,854380.77
"DOCTORS'  COMMUNITY HOSPITAL","LANHAM","MD - Takoma Park",49.4155844155844,987918.43,930068.62,849287.9
"MERCY FITZGERALD HOSPITAL","DARBY","PA - Philadelphia",44.320987654321,4929732.25,929763.71,861614.44
"SAINT FRANCIS HOSPITAL, INC","TULSA","OK - Tulsa",82.17,2732359.36,929391.25,780492.88
"PROVIDENCE HOLY CROSS MEDICAL CENTER","MISSION HILLS","CA - Los Angeles",37,7795054.55,929325.43,849964.19
"CLARA MAASS MEDICAL CENTER","BELLEVILLE","NJ - Newark",52.3932584269663,5619313.88,928411.94,833497.81
"CJW MEDICAL CENTER","RICHMOND","VA - Richmond",68.74,7133663.52,928158.91,771132.09
"ST JOHNS REGIONAL MEDICAL CENTER","OXNARD","CA - Ventura",35.0625,5106715.03,928120.98,821931.04
"MCLAREN - GREATER LANSING","LANSING","MI - Lansing",52.3829787234043,2734866.29,927658.96,842315.16
"HOSPITAL OF CENTRAL CONNECTICUT, THE","NEW BRITAIN","CT - Hartford",62.1022727272727,2313631.36,926829.3,827234.48
"RAPIDES REGIONAL MEDICAL CENTER","ALEXANDRIA","LA - Alexandria",44.2553191489362,4686537.26,926401.19,796141.1
"SOUTHEAST GEORGIA HEALTH SYSTEM- BRUNSWICK CAMPUS","BRUNSWICK","FL - Jacksonville",35.9759036144578,2385134.15,925494.97,809649.14
"ST LUKE'S CORNWALL HOSPITAL","NEWBURGH","NY - White Plains",41.7176470588235,3394354.14,925363.29,845755.5
"HOAG MEMORIAL HOSPITAL PRESBYTERIAN","NEWPORT BEACH","CA - Orange County",51.1494252873563,3872224.87,925208.61,816819.19
"GOOD SAMARITAN HOSPITAL","DAYTON","OH - Dayton",52.2553191489362,5061593.93,924687.71,815329.87
"NORTHEAST GEORGIA MEDICAL CENTER, INC","GAINESVILLE","GA - Atlanta",72.1134020618557,3509910.58,923820.13,777795.83
"CLEAR LAKE REGIONAL MEDICAL CENTER","WEBSTER","TX - Houston",59.0408163265306,6269564.15,923035.18,772502.3
"WESLEY MEDICAL CENTER","WICHITA","KS - Wichita",42.5227272727273,4872263.73,922854.58,773495.65
"CHRISTUS SPOHN HOSPITAL CORPUS CHRISTI","CORPUS CHRISTI","TX - Corpus Christi",66.90625,4902485.8,922722.66,799220.34
"UNIVERSITY HOSPITAL","AUGUSTA","GA - Augusta",62.7551020408163,2912452.85,921607.55,790046.47
"ST JOHN'S REGIONAL HEALTH CENTER","SPRINGFIELD","MO - Springfield",70.9591836734694,3374019.47,921595.94,805534.85
"HUNTSVILLE HOSPITAL","HUNTSVILLE","AL - Huntsville",105.232323232323,3905070.89,921033.02,779601.21
"STAMFORD HOSPITAL","STAMFORD","CT - Bridgeport",33.5466666666667,3842023.4,920388.62,829382.52
"VALLEY MEDICAL CENTER","RENTON","WA - Seattle",43.6144578313253,2910611.12,920096.32,799969.59
"SAINT JOSEPH REGIONAL MEDICAL CENTER","MISHAWAKA","IN - South Bend",46.7340425531915,2781254.82,919624.21,777232.69
"VIRTUA MEMORIAL HOSPITAL OF BURLINGTON COUNTY","MOUNT HOLLY","NJ - Camden",55.5578947368421,6353225.02,917767.22,750156.46
"AVENTURA HOSPITAL AND MEDICAL CENTER","AVENTURA","FL - Miami",54.468085106383,6495844.75,917272.67,786565.65
"SWEDISH MEDICAL CENTER","SEATTLE","WA - Seattle",65.5068493150685,3588851.2,916995.29,805133.5
"SAINT VINCENT MEDICAL CENTER","LOS ANGELES","CA - Los Angeles",39.5645161290323,4271165.88,916943.95,865327.7
"HENRY FORD MACOMB HOSPITAL","CLINTON TOWNSHI","MI - Detroit",88.06,2116338.64,916567.56,816359.89
"BAPTIST MEDICAL CENTER SOUTH","MONTGOMERY","AL - Montgomery",40.3695652173913,2995661.59,915681.88,812872.14
"COVENANT MEDICAL CENTER","LUBBOCK","TX - Lubbock",74.7938144329897,7182740.94,915283.06,765527.9
"FIRSTHEALTH MOORE REGIONAL HOSPITAL","PINEHURST","NC - Durham",88.8686868686869,2559173.81,914649.44,797686.77
"ST MARY'S HOSPITAL, PASSAIC","PASSAIC","NJ - Hackensack",36.025974025974,4337737.62,914606.71,837178.07
"AKRON GENERAL MEDICAL CENTER","AKRON","OH - Akron",54.6195652173913,3080631.08,914229.6,749771.32
"VIRGINIA MASON MEDICAL CENTER","SEATTLE","WA - Seattle",35.5692307692308,1929223.92,914034.74,819540.41
"SANTA BARBARA COTTAGE HOSPITAL","SANTA BARBARA","CA - Santa Barbara",40.2658227848101,4032290.96,913940.24,815432.79
"ST BERNARDINE MEDICAL CENTER","SAN BERNARDINO","CA - San Bernardino",33.0298507462687,4277989.92,913878.93,845406.13
"SACRED HEART MEDICAL CENTER - RIVERBEND","SPRINGFIELD","OR - Eugene",46.3048780487805,2233060.99,913021,791369.06
"VALLEY PRESBYTERIAN HOSPITAL","VAN NUYS","CA - Los Angeles",32.258064516129,3426097.3,912500.13,857184.22
"ST ELIZABETH MEDICAL CENTER NORTH","COVINGTON","KY - Covington",75.0729166666667,2733831.68,912496.77,781095.36
"SAINT FRANCIS MEDICAL CENTER","LYNWOOD","CA - Los Angeles",35.6470588235294,3248006.53,912034.81,871583.45
"PROVIDENCE ST VINCENT MEDICAL CENTER","PORTLAND","OR - Portland",42.4767441860465,2100010.46,911012.9,731425.45
"ROGUE VALLEY MEDICAL CENTER","MEDFORD","OR - Medford",37.4756097560976,2910559.98,910605.04,801123.35
"MEMORIAL HOSPITAL AT GULFPORT","GULFPORT","MS - Gulfport",52.1573033707865,5319694.76,910317.28,775061.19
"MEDICAL CENTER HOSPITAL","ODESSA","TX - Odessa",46.593023255814,2843863.65,909028.36,787565.92
"D C H REGIONAL MEDICAL CENTER","TUSCALOOSA","AL - Tuscaloosa",81.93,3293412.35,909015.42,790917.96
"LEE MEMORIAL HOSPITAL","FORT MYERS","FL - Fort Myers",93.5,3611443.15,908935.92,800257.36
"LINCOLN MEDICAL & MENTAL HEALTH CENTER","BRONX","NY - Bronx",27.9444444444444,670775.52,907896.97,864505.39
"PRESBYTERIAN INTERCOMMUNITY HOSPITAL","WHITTIER","CA - Los Angeles",35.2051282051282,6752869.9,906327.5,790009.89
"TRINITAS REGIONAL MEDICAL CENTER","ELIZABETH","NJ - Newark",32.4675324675325,4653024.01,902922.15,834624.46
"BANNER THUNDERBIRD MEDICAL CENTER","GLENDALE","AZ - Phoenix",41.6966292134831,3488768.65,902370.42,758528.07
"SAINT MICHAEL'S MEDICAL CENTER, INC","NEWARK","NJ - Newark",41.6470588235294,3532443.2,902198.23,839112.18
"PALMETTO HEALTH BAPTIST","COLUMBIA","SC - Columbia",32,3416894.68,902128.01,801981.86
"UNIVERSITY OF CALIFORNIA IRVINE MED CENTER","ORANGE","CA - Orange County",23.1132075471698,4939993.55,901881.97,838145.64
"PALOMAR MEDICAL CENTER","ESCONDIDO","CA - San Diego",33.8375,4380231.65,901741.33,798788.46
"CENTRA  HEALTH, INC","LYNCHBURG","VA - Lynchburg",93.79,2094594.95,900502.04,752826.56
"BAPTIST MEMORIAL HOSPITAL DESOTO","SOUTHAVEN","TN - Memphis",52.6413043478261,2846305.96,900489.53,786753.1
"FORREST GENERAL HOSPITAL","HATTIESBURG","MS - Hattiesburg",68.6734693877551,2273961.69,900051.28,794784.33
"MOUNT CLEMENS REGIONAL MEDICAL CENTER","MOUNT CLEMENS","MI - Detroit",57,2137022.34,899634.24,817716.67
"JACKSON-MADISON COUNTY GENERAL HOSPITAL","JACKSON","TN - Jackson",94.0606060606061,2054463.76,899546.74,787425.51
"PALMETTO GENERAL HOSPITAL","HIALEAH","FL - Miami",43.575,5288482.25,899084.01,830227.37
"ST MARY'S MEDICAL CENTER","HUNTINGTON","WV - Huntington",58.3684210526316,2236128.61,898341.81,791669.04
"PARKVIEW REGIONAL MEDICAL CENTER","FORT WAYNE","IN - Fort Wayne",49.195652173913,3078043.93,898141.21,756900.37
"YUMA REGIONAL MEDICAL CENTER","YUMA","AZ - Phoenix",48.5862068965517,3138508.63,897657.56,813702.93
"HARBOR HOSPITAL","BALTIMORE","MD - Baltimore",35.9420289855072,952493.68,897498.24,819173.38
"VALLEY HOSPITAL MEDICAL CENTER","LAS VEGAS","NV - Las Vegas",35.8860759493671,6049974.5,897348.51,796663.74
"STORMONT-VAIL HEALTHCARE","TOPEKA","KS - Topeka",64.1382978723404,3802113.68,897343.87,750117.85
"PENNSYLVANIA HOSP OF THE UNIV OF PA HEALTH SYS","PHILADELPHIA","PA - Philadelphia",34.0921052631579,4744938.17,895390.75,803692.62
"WILLIS KNIGHTON MEDICAL CENTER","SHREVEPORT","LA - Shreveport",83.83,3346037.13,895019.69,768615.55
"NORTH MISSISSIPPI MEDICAL CENTER","TUPELO","MS - Tupelo",70.5257731958763,2363845.29,894362.12,789386.05
"BETHESDA MEMORIAL HOSPITAL","BOYNTON BEACH","FL - Fort Lauderdale",53.5108695652174,4657815.9,894137.7,803028.32
"ROCKINGHAM MEMORIAL HOSPITAL","HARRISONBURG","VA - Charlottesville",50.7391304347826,1862114.32,893920.29,799290.05
"PIEDMONT HOSPITAL","ATLANTA","GA - Atlanta",62.3111111111111,3643238.79,893400.35,739080.29
"BRANDON REGIONAL HOSPITAL","BRANDON","FL - Tampa",41.3333333333333,5929910.52,893391.64,740110.4
"BEEBE MEDICAL CENTER","LEWES","MD - Salisbury",42.4588235294118,2983487.35,893110.23,756599.82
"IOWA METHODIST MEDICAL CENTER","DES MOINES","IA - Des Moines",56.5520833333333,3197708.89,892366.21,762001.9
"COX MEDICAL CENTER","SPRINGFIELD","MO - Springfield",67.010101010101,2815252.51,892272.51,788596.37
"MAIN LINE HOSPITAL BRYN MAWR CAMPUS","BRYN MAWR","PA - Philadelphia",54.3186813186813,5746513.66,892206.29,761598.28
"UPMC MERCY","PITTSBURGH","PA - Pittsburgh",32.6338028169014,2388921.44,891368.85,791647.18
"BROOKDALE HOSPITAL MEDICAL CENTER","BROOKLYN","NY - Manhattan",32.6666666666667,1479142.98,891060.84,832671.31
"SHASTA REGIONAL MEDICAL CENTER","REDDING","CA - Redding",40.0533333333333,5213377.92,890648.35,824695.15
"ROCHESTER GENERAL HOSPITAL","ROCHESTER","NY - Rochester",50.6195652173913,1769457.4,890524.38,799314.41
"FLORIDA HOSPITAL TAMPA","TAMPA","FL - Tampa",49.0645161290323,4129727.05,890192.95,693601.36
"CARSON TAHOE REGIONAL MEDICAL CENTER","CARSON CITY","NV - Reno",39,3204578.83,889804.79,780442.29
"SHARP CHULA VISTA MEDICAL CENTER","CHULA VISTA","CA - San Diego",35.8481012658228,5815398.26,887968.91,802662.62
"ST ROSE HOSPITAL","HAYWARD","CA - Alameda County",32.037037037037,5445604,887835.31,830577.01
"NORTH SHORE MEDICAL CENTER","MIAMI","FL - Miami",59.9418604651163,5256698.22,887592.85,808110.64
"ST JOHN MEDICAL CENTER, INC","TULSA","OK - Tulsa",67.3131313131313,2558302.22,887485.8,757215.15
"WHITE PLAINS HOSPITAL CENTER","WHITE PLAINS","NY - White Plains",48.551724137931,2759100.03,887166.03,791231.7
"ATHENS REGIONAL MEDICAL CENTER","ATHENS","GA - Atlanta",53.125,3026756.62,886198.96,764599.35
"GOOD SAMARITAN MEDICAL CENTER","BROCKTON","MA - Boston",47.9285714285714,1289521.93,885642.58,806536.27
"MEMORIAL HOSPITAL CENTRAL","COLORADO SPRING","CO - Colorado Springs",54.9895833333333,3408439.59,885260.37,774458.91
"COMMUNITY HOSPITAL","MUNSTER","IN - Munster",76.8350515463918,2748909.39,885259.62,781275.25
"MERCY HOSPITAL","COON RAPIDS","MN - Minneapolis",49.8351648351648,3298934.28,885169.64,726164.27
"BON SECOURS - ST MARYS HOSPITAL OF RICHMOND","RICHMOND","VA - Richmond",50.7083333333333,3557764.35,885034.79,772894.61
"MISSION HOSPITAL REGIONAL MED CENTER","MISSION VIEJO","CA - Orange County",43.0111111111111,5467910.02,884580.93,787810.42
"ST JUDE MEDICAL CENTER","FULLERTON","CA - Orange County",38.6103896103896,5352775.71,884331.84,801493.6
"ST VINCENT HOSPITAL","SANTA FE","NM - Albuquerque",30.4864864864865,1964207.19,884295.9,795850.14
"PARK NICOLLET METHODIST HOSPITAL","SAINT LOUIS PAR","MN - Minneapolis",59.3333333333333,1714707.04,884108.97,762101.91
"CENTRAL WASHINGTON HOSPITAL","WENATCHEE","WA - Spokane",33.7594936708861,2118121.18,883166.13,789238.07
"ROCKFORD MEMORIAL HOSPITAL","ROCKFORD","IL - Rockford",42.0740740740741,2899341.39,882442.36,750575.16
"GULF COAST MEDICAL CENTER LEE MEM HEALTH SYSTEM","FORT MYERS","FL - Fort Myers",69.16,3871666.03,882101.54,757607.45
"NASH GENERAL HOSPITAL","ROCKY MOUNT","NC - Raleigh",51.3333333333333,1998456.01,882044.56,794605.79
"KING'S DAUGHTERS' MEDICAL CENTER","ASHLAND","WV - Huntington",81.4583333333333,2590845.67,881923.35,777919.71
"WAUKESHA MEMORIAL HOSPITAL","WAUKESHA","WI - Milwaukee",44.4888888888889,2738632.42,881171.94,718025.71
"BRYANLGH MEDICAL CENTER","LINCOLN","NE - Lincoln",56.7708333333333,2932503.32,880211.08,744988.83
"CENTENNIAL MEDICAL CENTER","NASHVILLE","TN - Nashville",45.8977272727273,4312471.73,879611.66,733743.46
"PRESBYTERIAN HOSPITAL","CHARLOTTE","NC - Charlotte",58.3369565217391,2945306.84,879339.85,772719.42
"ALEXIAN BROTHERS MEDICAL CENTER","ELK GROVE VILLA","IL - Melrose Park",65.4736842105263,4447564.6,879147.3,764871.05
"CARLE FOUNDATION HOSPITAL","URBANA","IL - Urbana",41.9647058823529,3377397.05,878920.88,738850.09
"BROWARD HEALTH BROWARD GENERAL MEDICAL CENTER","FORT LAUDERDALE","FL - Fort Lauderdale",30.5909090909091,3013693.49,878448.92,809039.57
"MAYO CLINIC","JACKSONVILLE","FL - Jacksonville",45.9324324324324,2263336.31,878287.27,763554.8
"HALIFAX HEALTH MEDICAL CENTER","DAYTONA BEACH","FL - Ormond Beach",46.7340425531915,2907695.12,878139.79,765558.48
"LANCASTER GENERAL HOSPITAL","LANCASTER","PA - Lancaster",83.3814432989691,2993200.61,877564.97,752564.76
"UNION HOSPITAL INC","TERRE HAUTE","IN - Terre Haute",61.8265306122449,2891364.82,877129.24,781827.7
"CORPUS CHRISTI MEDICAL CENTER,THE","CORPUS CHRISTI","TX - Corpus Christi",41.125,5060091.74,875735.73,740100.59
"VIRGINIA HOSPITAL CENTER - ARLINGTON","ARLINGTON","VA - Arlington",51.0978260869565,2203978.74,875685.25,789185.47
"ST ALEXIUS MEDICAL CENTER","HOFFMAN ESTATES","IL - Elgin",52.0869565217391,4291573.58,874867.23,773303.33
"BAPTIST HEALTH MEDICAL CENTER-LITTLE ROCK","LITTLE ROCK","AR - Little Rock",75.2,3001524.33,873899.94,745071.78
"RICHMOND UNIVERSITY MEDICAL CENTER","STATEN ISLAND","NY - Manhattan",30.7014925373134,2463200.69,872453.21,807976.03
"BATON ROUGE GENERAL MEDICAL CENTER","BATON ROUGE","LA - Baton Rouge",45.6823529411765,1876792.41,872428.34,776342.15
"METROWEST MEDICAL CENTER","FRAMINGHAM","MA - Boston",45.4367816091954,1558322.02,872268.05,785039.53
"KENT COUNTY MEMORIAL HOSPITAL","WARWICK","RI - Providence",44.325,3092586.99,872166.82,730100.69
"MEMORIAL HOSPITAL OF SOUTH BEND","SOUTH BEND","IN - South Bend",46.7777777777778,3095915.78,871383.46,754168.31
"LUTHERAN HOSPITAL OF INDIANA","FORT WAYNE","IN - Fort Wayne",47.9784946236559,3760003.23,870957.43,703408.25
"PROVIDENCE PORTLAND MEDICAL CENTER","PORTLAND","OR - Portland",33.9125,2009301.65,870345.31,724488.42
"NORTH COLORADO MEDICAL CENTER","GREELEY","CO - Greeley",40.6043956043956,3341191.96,870211.28,753950.2
"LAREDO MEDICAL CENTER","LAREDO","TX - San Antonio",47.6708860759494,4960204.2,870124.17,791296.67
"ST MARY MEDICAL CENTER","LANGHORNE","PA - Philadelphia",60.4123711340206,4340304.34,870115.21,740623.73
"NAPLES COMMUNITY HOSPITAL","NAPLES","FL - Fort Myers",105.08,3434108.01,867933.67,763733.31
"UNITED HEALTH SERVICES HOSPITALS, INC","JOHNSON CITY","NY - Binghamton",44.1348314606742,2091653.42,867582.91,770960.77
"ST DOMINIC-JACKSON MEMORIAL HOSPITAL","JACKSON","MS - Jackson",69.0714285714286,2680809.73,867297.86,745164.87
"ST JOSEPH REGIONAL HEALTH CENTER","BRYAN","TX - Bryan",55.7446808510638,3895237.86,867137.59,758872.88
"ST JOSEPH MEDICAL CENTER","BELLINGHAM","WA - Seattle",41.2235294117647,2630878.44,866925.03,766579.41
"ST VINCENT HOSPITAL","WORCESTER","MA - Worcester",38.7179487179487,1330594.52,866215.11,776979.41
"PALISADES MEDICAL CTR-NY PRESBYTERIAN HEALTHCARE S","NORTH BERGEN","NJ - Hackensack",40.0972222222222,4490345.22,864677.01,792982.55
"TALLAHASSEE MEMORIAL HEALTHCARE","TALLAHASSEE","FL - Tallahassee",40.7142857142857,3296550,864507.3,752238.91
"WHEATON FRANCISCAN, INC- ST JOSEPH","MILWAUKEE","WI - Milwaukee",35.0821917808219,2148313.65,864336.48,774066.69
"EAST TEXAS MEDICAL CENTER","TYLER","TX - Tyler",62.659793814433,6884241.67,864284.94,741118.3
"NEW YORK COMMUNITY HOSPITAL OF BROOKLYN, INC.","BROOKLYN","NY - Manhattan",41.8805970149254,1330327.93,864159.05,798172.62
"UNITED REGIONAL HEALTH CARE SYSTEM","WICHITA FALLS","TX - Wichita Falls",53.1379310344828,3270331.34,864068.86,742707.3
"PIEDMONT MEDICAL CENTER","ROCK HILL","NC - Charlotte",45.8461538461538,2782416.74,863639.94,767949.57
"DEKALB MEDICAL CENTER","DECATUR","GA - Atlanta",44.1046511627907,2226389.43,861547.72,764639.88
"OUR LADY OF THE LAKE REGIONAL MEDICAL CENTER","BATON ROUGE","LA - Baton Rouge",60.8631578947368,2324250.32,861148.23,723521.5
"LAWRENCE & MEMORIAL HOSPITAL","NEW LONDON","CT - New Haven",49.5882352941176,1843570.36,860410.08,744537.46
"MULTICARE GOOD SAMARITAN HOSPITAL","PUYALLUP","WA - Tacoma",49.1975308641975,4227927.94,860191.81,734984.29
"FAIRVIEW SOUTHDALE HOSPITAL","EDINA","MN - Minneapolis",45.2159090909091,2833503.07,859902.07,737955.18
"BROOKHAVEN MEMORIAL HOSPITAL MEDICAL CENTER","PATCHOGUE","NY - East Long Island",61.6385542168675,4833069.04,859823.17,727219.78
"ST LUKES HOSPITAL","CHESTERFIELD","MO - St. Louis",54.0515463917526,2633117.78,859746.8,714022.42
"COMMUNITY MEDICAL CENTER","TOMS RIVER","NJ - Camden",120.061855670103,5583975.26,859616.11,774003.63
"FREEMAN HEALTH SYSTEM - FREEMAN WEST","JOPLIN","MO - Joplin",51.5978260869565,3088780.77,859551,750058.27
"SAINT ROSE DOMINICAN HOSPITAL - SIENA CAMPUS","HENDERSON","NV - Las Vegas",38.6547619047619,5519395.44,859472.13,708250.96
"ST BERNARDS MEDICAL CTR","JONESBORO","AR - Jonesboro",57.6842105263158,1330145.24,858792.34,755929.07
"PARKRIDGE MEDICAL CENTER","CHATTANOOGA","TN - Chattanooga",40.219512195122,3656887.3,858277.15,736783.21
"SAN JOAQUIN COMMUNITY HOSPITAL","BAKERSFIELD","CA - Bakersfield",37.72,4208757.62,858177.39,784601.96
"GENESIS HEALTHCARE SYSTEM","ZANESVILLE","OH - Columbus",57.1770833333333,2063939.3,857488.25,732758.53
"SCRIPPS MEMORIAL HOSPITAL LA JOLLA","LA JOLLA","CA - San Diego",34.0933333333333,5631475.32,857322.36,767579.49
"BAYLOR MEDICAL CENTER AT GARLAND","GARLAND","TX - Dallas",35.8780487804878,2653985.31,856502.79,728370.75
"TRI-CITY MEDICAL CENTER","OCEANSIDE","CA - San Diego",35.1066666666667,3817387.2,856238.04,782252.96
"EVERGREEN HOSPITAL MEDICAL CENTER","KIRKLAND","WA - Seattle",34.4444444444444,2775979.6,855546.95,750884.31
"SAINT JOSEPH HOSPITAL","CHICAGO","IL - Chicago",34.9718309859155,2743310.22,854999.83,762293.04
"SAINT MARY'S HEALTH CARE","GRAND RAPIDS","MI - Grand Rapids",41.3037974683544,1461420.03,854511.97,761439.19
"MT SINAI HOSPITAL MEDICAL CENTER","CHICAGO","IL - Chicago",24.9206349206349,2220154.94,854165.84,791598.66
"HENDRICK MEDICAL CENTER","ABILENE","TX - Abilene",44.4787234042553,3558117.51,853265.28,696234.17
"LAKELAND REGIONAL MEDICAL CENTER","LAKELAND","FL - Lakeland",82.7835051546392,4171434.48,852525.85,748210.03
"ST VINCENT'S MEDICAL CENTER","JACKSONVILLE","FL - Jacksonville",94.6224489795918,3516267.56,852464.65,750623.82
"INDIANA UNIVERSITY HEALTH BLOOMINGTON HOSPITAL","BLOOMINGTON","IN - Indianapolis",42.1279069767442,2555785.62,852443.48,700016.15
"HENRY FORD WYANDOTTE HOSPITAL","WYANDOTTE","MI - Dearborn",59.4021739130435,1931783.63,852183.34,733471.28
"POCONO MEDICAL CENTER","EAST STROUDSBUR","PA - Allentown",44.0238095238095,2712805.86,852130.15,734024.65
"REID HOSPITAL & HEALTH CARE SERVICES","RICHMOND","IN - Indianapolis",49,1732486.65,851469.38,735783.83
"PLAZA MEDICAL CENTER OF FORT WORTH","FORT WORTH","TX - Fort Worth",48.1604938271605,5388133.48,850958.01,731417.49
"ADVOCATE GOOD SHEPHERD HOSPITAL","BARRINGTON","IL - Elgin",38.406976744186,2903518.81,850789.69,686505.92
"JOHN T MATHER MEMORIAL HOSPITAL  OF PORT JEFFERSON","PORT JEFFERSON","NY - East Long Island",49.8390804597701,3666205.35,850609.46,715616.59
"BANNER BOSWELL MEDICAL CENTER","SUN CITY","AZ - Sun City",64.4489795918367,4378193.99,850075.36,748023.05
"BLESSING HOSPITAL","QUINCY","IL - Springfield",47.8111111111111,2728049.49,849211.39,711777.44
"NORTHWEST COMMUNITY HOSPITAL","ARLINGTON HEIGH","IL - Evanston",82.5894736842105,3389286.82,847998.05,694005.25
"SSM DEPAUL HEALTH CENTER","BRIDGETON","MO - St. Louis",56.2150537634409,3009782.2,846962.73,757584.47
"NORTH FLORIDA REGIONAL MEDICAL CENTER","GAINESVILLE","FL - Gainesville",89.4845360824742,6208389.1,846352.92,717322.91
"COOKEVILLE REGIONAL MEDICAL CENTER","COOKEVILLE","TN - Nashville",51.945652173913,1899517.65,846035.24,733796.54
"CONROE REGIONAL MEDICAL CENTER","CONROE","TX - Houston",42.4666666666667,5854682.01,846014.8,720136.33
"CONEMAUGH VALLEY MEMORIAL HOSPITAL","JOHNSTOWN","PA - Johnstown",49.0333333333333,1983647.13,845724.62,767361.24
"BETHESDA NORTH HOSPITAL","CINCINNATI","OH - Cincinnati",58.8172043010753,3165797.74,845653.63,710535.41
"ST VINCENT INFIRMARY MEDICAL CENTER","LITTLE ROCK","AR - Little Rock",59.445652173913,2924202.81,845602.6,738259.85
"OSCEOLA REGIONAL MEDICAL CENTER","KISSIMMEE","FL - Orlando",42.3295454545455,5755922.97,845496.57,716805.35
"ADENA REGIONAL MEDICAL CENTER","CHILLICOTHE","OH - Columbus",41.8555555555556,2149158.91,844970.67,736470.54
"KINGS COUNTY HOSPITAL CENTER","BROOKLYN","NY - Manhattan",25.9555555555556,930181.25,844936.47,802758.1
"WHEATON FRANCISCAN HEALTHCARE- ALL SAINTS","RACINE","WI - Milwaukee",49.0602409638554,1947771.9,843638.42,743107.68
"ST MARY MEDICAL CENTER","APPLE VALLEY","CA - San Bernardino",34.8918918918919,4022088.88,843406.41,769034.43
"CAROLINAS MED CENTER-MERCY","CHARLOTTE","NC - Charlotte",53.9021739130435,2857431.54,843385.7,725029.91
"NORTHWEST TEXAS HOSPITAL","AMARILLO","TX - Amarillo",36.9240506329114,3223053.04,842493.68,771794.94
"INOVA ALEXANDRIA HOSPITAL","ALEXANDRIA","VA - Arlington",38.7906976744186,2257218.23,841844.53,713331.29
"CHRISTUS HOSPITAL","BEAUMONT","TX - Beaumont",59.1145833333333,4121645.2,841650.93,704277.39
"SOUTH SHORE HOSPITAL","SOUTH WEYMOUTH","MA - Boston",74.6875,1753048.62,841618.66,724252.33
"SOUTH JERSEY HEALTHCARE REGIONAL MEDICAL CENTER","VINELAND","NJ - Camden",52.4252873563218,5258994.08,841496.61,759062.29
"ELMHURST MEMORIAL HOSPITAL","ELMHURST","IL - Melrose Park",51.1428571428571,4322632.95,840770.78,674430.18
"HOLY CROSS HOSPITAL INC","FORT LAUDERDALE","FL - Fort Lauderdale",49.8041237113402,4982050.32,840644.09,743486.74
"SALEM HOSPITAL","SALEM","OR - Salem",37.8641975308642,2085054,840498.3,710729.74
"HOLMES REGIONAL MEDICAL CENTER","MELBOURNE","FL - Orlando",78.49,4051715.49,838465.5,714543.07
"OVERLAKE HOSPITAL MEDICAL CENTER","BELLEVUE","WA - Seattle",42.0975609756098,2487098.53,838018.33,663689.92
"LEHIGH VALLEY HOSPITAL - MUHLENBERG","BETHLEHEM","PA - Allentown",43.2921348314607,4534808.27,837690.67,729217.26
"FAIRVIEW HOSPITAL","CLEVELAND","OH - Cleveland",51.3516483516484,3370271.33,837554.56,743173.82
"ROPER HOSPITAL","CHARLESTON","SC - Charleston",51.75,3420601.97,837328.01,732018.42
"ST FRANCIS MEDICAL CENTER","CAPE GIRARDEAU","MO - Cape Girardeau",44.5348837209302,4062429.1,837132.59,706604.05
"NORTH OAKS MEDICAL CENTER, LLC","HAMMOND","LA - Baton Rouge",42.7023809523809,5885772.28,835596.59,730778.99
"MEMORIAL HERMANN MEMORIAL CITY MEDICAL CENTER","HOUSTON","TX - Houston",47.6206896551724,2644330.9,834606.38,658973.5
"DURHAM REGIONAL HOSPITAL","DURHAM","NC - Durham",42.1927710843374,2517088.37,834379.32,736700.33
"RIVERSIDE MEDICAL CENTER","KANKAKEE","IL - Joliet",44.7058823529412,2712685.8,834267.61,704305.38
"LAWNWOOD REGIONAL MEDICAL CENTER & HEART INSTITUTE","FORT PIERCE","FL - Orlando",41.3373493975904,6066201.44,834028.95,720163.33
"SAINT VINCENT HEALTH CENTER","ERIE","PA - Erie",41.8555555555556,4103501.35,833909.87,739332.46
"ST JOSEPH HOSPITAL","ORANGE","CA - Orange County",34.4166666666667,4269564.51,833427.66,727799.55
"SILVER CROSS HOSPITAL  AND MEDICAL CENTERS","NEW LENOX","IL - Joliet",53.5326086956522,2734497.51,832722.96,681317.94
"MERCY MEDICAL CENTER INC","BALTIMORE","MD - Baltimore",38.6716417910448,885820.58,832243.2,766779.89
"GRADY MEMORIAL HOSPITAL","ATLANTA","GA - Atlanta",39.0857142857143,2336025.24,831878.92,774057.14
"SAN JUAN REGIONAL MEDICAL CENTER","FARMINGTON","NM - Albuquerque",35.3076923076923,2154987.81,831790.11,735793.68
"RIVERVIEW MEDICAL CENTER","RED BANK","NJ - Camden",42.1758241758242,6075028.57,831592.52,716266.71
"KETTERING MEDICAL CENTER","KETTERING","OH - Kettering",43.6444444444444,3206817.69,831234.78,716921.93
"CENTRAL DUPAGE HOSPITAL","WINFIELD","IL - Melrose Park",56.4831460674157,4598051.31,831102.76,675162.45
"TRINITY ROCK ISLAND","ROCK ISLAND","IA - Davenport",52.8775510204082,2132248.47,831068.69,711967.42
"ST RITA'S MEDICAL CENTER","LIMA","OH - Dayton",51.6494845360825,3253034.39,830085.42,737609.6
"MANATEE MEMORIAL HOSPITAL","BRADENTON","FL - Bradenton",41.8351648351648,3974708.37,830008.7,742690.77
"THE MEDICAL CENTER AT BOWLING GREEN","BOWLING GREEN","TN - Nashville",60.0652173913044,2522733.02,829924.28,703839.81
"MEDICAL CENTER OF PLANO","PLANO","TX - Dallas",37.4318181818182,5555747.11,829920.63,664582.49
"HOUSTON NORTHWEST MEDICAL CENTER","HOUSTON","TX - Houston",38.183908045977,4617986.68,829567.96,702958.07
"CHRISTUS SCHUMPERT HEALTH SYSTEM","SHREVEPORT","LA - Shreveport",37.6219512195122,3180804.03,827376.73,672927.93
"BON SECOURS - MEMORIAL REGIONAL MEDICAL","MECHANICSVILLE","VA - Richmond",50.9186046511628,3334227.16,826981.03,721798.39
"SCOTTSDALE HEALTHCARE-OSBORN MEDICAL CENTER","SCOTTSDALE","AZ - Phoenix",35.4050632911392,3610084.73,826507.62,687978.05
"ALEGENT HEALTH BERGAN MERCY MEDICAL CENTER","OMAHA","NE - Omaha",40.7228915662651,3435092.29,826144.82,715163.5
"ST LUCIE MEDICAL CENTER","PORT SAINT LUCI","FL - Fort Lauderdale",44.6516853932584,5444905.12,825809.54,691447.99
"LAWRENCE GENERAL HOSPITAL","LAWRENCE","MA - Boston",38.5061728395062,1490254.17,825468.29,752994.19
"ALLEGIANCE HEALTH","JACKSON","MI - Ann Arbor",61.28125,2921171.63,825434.25,732095.59
"DEACONESS HOSPITAL INC","EVANSVILLE","IN - Evansville",78.5353535353535,3107554,825369.31,713672.57
"MARTIN MEMORIAL MEDICAL CENTER","STUART","FL - Fort Lauderdale",61.6881720430108,4612843.68,825217.28,726232.45
"ST FRANCIS MEDICAL CENTER","MONROE","LA - Monroe",48.593023255814,2864464.74,824226.19,725519.27
"LAFAYETTE GENERAL MEDICAL CENTER","LAFAYETTE","LA - Lafayette",43.561797752809,2724790.91,823985.01,636306.86
"BAYFRONT MEDICAL CENTER INC","SAINT PETERSBUR","FL - St. Petersburg",34.1153846153846,4009925.7,823581.17,718464.6
"ST DAVID'S SOUTH AUSTIN MEDICAL CENTER","AUSTIN","TX - Austin",45.6043956043956,4551205.09,823260.92,707794.08
"GOOD SHEPHERD MEDICAL CENTER","LONGVIEW","TX - Longview",58.7894736842105,3533266.95,823095.53,743367.16
"SARASOTA MEMORIAL HOSPITAL","SARASOTA","FL - Sarasota",73.1212121212121,3252972.99,822740.31,712550.68
"GWINNETT MEDICAL CENTER","LAWRENCEVILLE","GA - Atlanta",54.2921348314607,2326854.01,822608.82,715098.28
"PENN PRESBYTERIAN MEDICAL CENTER","PHILADELPHIA","PA - Philadelphia",36.0810810810811,4006446.37,822193.81,753685.38
"AVERA MCKENNAN HOSPITAL & UNIVERSITY HEALTH CENTER","SIOUX FALLS","SD - Sioux Falls",49.6666666666667,2557441.09,821363.04,720233.21
"ST ELIZABETH HEALTH CENTER","YOUNGSTOWN","OH - Youngstown",47.695652173913,2744840.85,821121.67,715066.53
"MEMORIAL HOSPITAL JACKSONVILLE","JACKSONVILLE","FL - Jacksonville",56.5106382978723,6675298.44,820364.6,695964.87
"QUEEN OF THE VALLEY MEDICAL CENTER","NAPA","CA - Napa",30.7384615384615,5034105.41,819656.06,759770.85
"DELRAY MEDICAL CENTER","DELRAY BEACH","FL - Fort Lauderdale",63.7659574468085,5903356.41,819230.37,728869.19
"BAYSHORE MEDICAL CENTER","PASADENA","TX - Houston",38.7976190476191,4678858.89,818871.22,706763.32
"NYACK HOSPITAL","NYACK","NJ - Hackensack",49.7215189873418,3410568.36,818600.51,743746.41
"WAYNE MEMORIAL HOSPITAL","GOLDSBORO","NC - Raleigh",46.2289156626506,1503439.94,818157.77,735624.64
"UMDNJ UNIVERSITY HOSPITAL","NEWARK","NJ - Newark",30.0444444444444,2860423.22,818076.34,760212.44
"AULTMAN HOSPITAL","CANTON","OH - Canton",49.0337078651685,1616386.19,816276.04,710182.43
"HIGH POINT REGIONAL HOSPITAL","HIGH POINT","NC - Winston-Salem",46.6629213483146,2347418.51,816225.37,691047.87
"SENTARA VIRGINIA BEACH GENERAL HOSPITAL","VIRGINIA BEACH","VA - Norfolk",48.6413043478261,3031214.67,814992.41,656430.13
"CENTRAL BAPTIST HOSPITAL","LEXINGTON","KY - Lexington",47.2934782608696,2779213.67,814842.37,710779.53
"MOTHER FRANCES HOSPITAL","TYLER","TX - Tyler",74.8969072164948,4727359.41,814509.4,683861.88
"CHANDLER REGIONAL MEDICAL CENTER","CHANDLER","AZ - Mesa",35.2820512820513,4474000.68,814133.05,696401.14
"LEWISGALE MEDICAL CENTER","SALEM","VA - Roanoke",51.4479166666667,3952811.61,812938.52,656963.73
"INGALLS MEMORIAL HOSPITAL","HARVEY","IL - Blue Island",56.3777777777778,2862983.35,812856.76,733309.36
"SAINT JOSEPH HOSPITAL","LEXINGTON","KY - Lexington",64.3052631578947,2269334.09,812768.91,700413.22
"PROVIDENCE HOSPITAL","WASHINGTON","DC - Washington",39.6575342465753,1869269.4,812709.96,745264.51
"CAROLINAS HOSPITAL SYSTEM","FLORENCE","SC - Florence",50.6559139784946,5537180.02,812373.33,710070.3
"SUMMERLIN HOSPITAL MEDICAL CENTER","LAS VEGAS","NV - Las Vegas",36.7710843373494,6287722.8,812211.18,703263.14
"EASTON HOSPITAL","EASTON","PA - Allentown",42.5647058823529,5862088.02,809371.45,723639.87
"SAINT CLARE'S HOSPITAL","DENVILLE","NJ - Morristown",49.3483146067416,4849561.13,808384.32,720818.93
"ST VINCENT'S BIRMINGHAM","BIRMINGHAM","AL - Birmingham",51.75,2520844.64,806159.58,671549.21
"LAKELAND HOSPITAL, ST JOSEPH","ST JOSEPH","MI - St. Joseph",56.3516483516484,1654361.46,806120.45,697010.67
"CARONDELET ST JOSEPHS HOSPITAL","TUCSON","AZ - Tucson",35.7272727272727,3553111.64,805952.36,714670.64
"BOCA RATON REGIONAL HOSPITAL","BOCA RATON","FL - Fort Lauderdale",70.6021505376344,3717471.33,805117.48,714092.84
"MISSISSIPPI BAPTIST MEDICAL CENTER","JACKSON","MS - Jackson",62.8842105263158,3080200.36,804947.9,680723.78
"SOUTHEAST ALABAMA MEDICAL CENTER","DOTHAN","AL - Dothan",58.75,3242726.59,804910.31,706395.72
"BELLEVUE HOSPITAL CENTER","NEW YORK","NY - Manhattan",25.4615384615385,1128887.82,804721.74,760753.66
"TULANE MEDICAL CENTER","NEW ORLEANS","LA - New Orleans",28.7543859649123,3784428.6,804398.77,673409.23
"LARGO MEDICAL CENTER","LARGO","FL - Clearwater",54.9052631578947,5571956.46,803956.8,698475.77
"ST MARY'S MEDICAL CENTER OF EVANSVILLE INC","EVANSVILLE","IN - Evansville",52.3020833333333,2895183.89,802558.89,706235.79
"RIO GRANDE REGIONAL HOSPITAL","MCALLEN","TX - McAllen",43.4545454545455,4416857.75,802333.44,721379.59
"MIDDLESEX HOSPITAL","MIDDLETOWN","CT - Hartford",54.5375,3010507.14,802165.31,716669.75
"EAST ALABAMA MEDICAL CENTER AND SNF","OPELIKA","AL - Birmingham",43.9462365591398,1513157.76,801906.32,700786.86
"PARKLAND HEALTH AND HOSPITAL SYSTEM","DALLAS","TX - Dallas",26.9090909090909,2186356.08,801719.77,733300.67
"CENTRASTATE MEDICAL CENTER","FREEHOLD","NJ - Camden",50.8571428571429,4052815.84,801658.37,723902.34
"REX HOSPITAL","RALEIGH","NC - Raleigh",67.9183673469388,2808578.97,801644.14,678712.56
"SOUTHERN OHIO MEDICAL CENTER","PORTSMOUTH","OH - Columbus",42.9753086419753,2273544.59,801315.29,702902.21
"ASPIRUS WAUSAU HOSPITAL","WAUSAU","WI - Wausau",35.3411764705882,2242202.24,801229.52,678302.25
"ST JOSEPH'S HOSPITAL","SAINT PAUL","MN - St. Paul",35.8395061728395,2619801.95,800671.45,680805.98
"RALEIGH GENERAL HOSPITAL","BECKLEY","WV - Charleston",48.8064516129032,2187638.81,800310.82,685401.27
"OCEAN MEDICAL CENTER","BRICK","NJ - Camden",67.3076923076923,5684038.42,800057.24,696753.46
"AIKEN REGIONAL MEDICAL CENTER","AIKEN","GA - Augusta",34.5949367088608,2848201.82,800025.49,719987.32
"PORTER VALPARAISO HOSPITAL","VALPARAISO","IN - Gary",46.1022727272727,3556421.44,799650.06,702993.01
"INDIAN RIVER MEDICAL CENTER","VERO BEACH","FL - Orlando",56.3297872340426,1838343.6,799528.5,690589.13
"WINTER HAVEN HOSPITAL","WINTER HAVEN","FL - Orlando",48.3789473684211,4132955.03,799343.85,700020.77
"WEST HILLS HOSPITAL & MEDICAL CENTER","WEST HILLS","CA - Los Angeles",31.8055555555556,6932147.88,799175.04,701432.78
"SAINT JOHN'S HEALTH CENTER","SANTA MONICA","CA - Los Angeles",48.474358974359,3831952.86,798333.07,687256.14
"ADVOCATE SOUTH SUBURBAN HOSPITAL","HAZEL CREST","IL - Blue Island",43.7857142857143,2668055.22,797945.23,640444.59
"ST MARY'S OF MICHIGAN MEDICAL CENTER","SAGINAW","MI - Saginaw",43.8674698795181,2403372,797169.77,714805.45
"SPRINGFIELD REGIONAL MEDICAL CENTER","SPRINGFIELD","OH - Dayton",38.4418604651163,2230520.86,797129.29,660237.9
"ST CATHERINE OF SIENA HOSPITAL","SMITHTOWN","NY - East Long Island",52.0481927710843,4249453.05,797048.52,670909.55
"BAPTIST ST ANTHONYS HEALTH SYSTEM-BAPTIST CAMPUS","AMARILLO","TX - Amarillo",58.6145833333333,3090971.4,796919.8,673175.26
"NEW YORK DOWNTOWN HOSPITAL","NEW YORK","NY - Manhattan",23.3958333333333,1256951.7,796535.85,749875.62
"WILKES-BARRE GENERAL HOSPITAL","WILKES-BARRE","PA - Wilkes-Barre",66.9684210526316,3823198.72,796290.34,687575.18
"SAN JACINTO METHODIST HOSPITAL","BAYTOWN","TX - Houston",38.8684210526316,4453091.51,796012.17,705411.91
"CENTERPOINT MEDICAL CENTER OF INDEPENDENCE, LLC","INDEPENDENCE","MO - Kansas City",35.8488372093023,4833445.83,794892.54,657190.48
"MONTGOMERY GENERAL HOSPITAL INC","OLNEY","MD - Takoma Park",44.875,842853.21,794042.3,715441.03
"MUNROE REGIONAL MEDICAL CENTER","OCALA","FL - Ocala",73.8877551020408,3539683.66,793862.34,691700.39
"CENTEGRA HEALTH SYSTEM - MC HENRY HOSPITAL","MCHENRY","IL - Elgin",39.4090909090909,2762415.78,793768.72,632653.48
"KINGSTON HOSPITAL","KINGSTON","NY - Albany",44.4177215189873,2542788.88,793481.58,717570.3
"BAY MEDICAL CENTER","PANAMA CITY","FL - Panama City",64.9148936170213,2575200.43,793326.76,706568.51
"LOUIS A WEISS MEMORIAL HOSPITAL","CHICAGO","IL - Chicago",30.5555555555556,2482928.4,793234.44,727250.66
"SAINT JOSEPH'S HOSPITAL OF ATLANTA, INC","ATLANTA","GA - Atlanta",49.7752808988764,2900225.62,793040.4,707030.55
"SAN FRANCISCO GENERAL HOSPITAL","SAN FRANCISCO","CA - San Francisco",23.6458333333333,2985372.27,792758.12,748939.19
"SOUTHSIDE REGIONAL MEDICAL CENTER","PETERSBURG","VA - Richmond",46.6428571428571,5385139.85,792538.44,682381.73
"DEACONESS HOSPITAL","SPOKANE","WA - Spokane",32.1805555555556,2410007.41,792260.63,703693.17
"FLOYD MEMORIAL HOSPITAL AND HEALTH SERVICES","NEW ALBANY","KY - Louisville",51.531914893617,2526916.94,791842.58,697250.08
"ST FRANCIS HOSPITAL","MEMPHIS","TN - Memphis",44,4811741.93,790971.2,689159.57
"ALTOONA REGIONAL HEALTH SYSTEM","ALTOONA","PA - Altoona",44.752688172043,2241804.66,790611.38,679789.95
"BAPTIST HOSPITAL","NASHVILLE","TN - Nashville",40.906976744186,2499266.75,790439.71,683613.68
"BANNER DEL E WEBB MEDICAL CENTER","SUN CITY WEST","AZ - Sun City",54.3763440860215,3974684.63,790426.56,693972.16
"LAKE CUMBERLAND REGIONAL HOSPITAL","SOMERSET","KY - Lexington",47.4942528735632,3137316.38,789974.15,706337.25
"MOBILE INFIRMARY","MOBILE","AL - Mobile",73.9587628865979,2633019.84,789789.11,657519.15
"MEMORIAL HOSPITAL","BELLEVILLE","MO - St. Louis",54.6483516483516,2835793.86,789708.22,677669.75
"LONG ISLAND COLLEGE HOSPITAL","BROOKLYN","NY - Manhattan",26.4166666666667,1966360.16,789507.48,732644.61
"FLORIDA HOSPITAL HEARTLAND MEDICAL CENTER","SEBRING","FL - Orlando",51.7912087912088,3547513.43,789212.87,698888.8
"KADLEC REGIONAL MEDICAL CENTER","RICHLAND","WA - Spokane",36.4936708860759,2283554.74,789041.12,656059.28
"SOUTHWEST HEALTHCARE SYSTEM","MURRIETA","CA - San Diego",33.5714285714286,2772016.77,788833.77,713658.51
"LEXINGTON MEDICAL CENTER","WEST COLUMBIA","SC - Columbia",48.4886363636364,3669579.82,788724.71,656516.52
"ST JOHN MEDICAL CENTER","WESTLAKE","OH - Cleveland",41,2197061.68,788086.98,688091.25
"MISSOURI BAPTIST MEDICAL CENTER","TOWN AND COUNTR","MO - St. Louis",70.5368421052632,2267882.48,787826.44,657180.48
"CHILTON HOSPITAL","POMPTON PLAINS","NJ - Paterson",38.8888888888889,4175268.27,787666.23,705544.76
"SOUTH MIAMI HOSPITAL, INC","SOUTH MIAMI","FL - Miami",26.2424242424242,4759419.24,786802.02,685432.94
"MCLAREN BAY REGION","BAY CITY","MI - Saginaw",60.5104166666667,2415690.55,786768.41,701753.3
"MEMORIAL HEALTHCARE SYSTEM, INC","CHATTANOOGA","TN - Chattanooga",93.6836734693878,3054200.44,785344.5,654983.05
"SKOKIE HOSPITAL","SKOKIE","IL - Evanston",38.1686746987952,2878959.45,785151.7,675388.07
"ROBERT PACKER HOSPITAL","SAYRE","PA - Sayre",42.6071428571429,2155780.67,784399.29,697889.74
"WELLMONT HOLSTON VALLEY MEDICAL CENTER","KINGSPORT","TN - Kingsport",49.6304347826087,2406846.46,784083.05,670141.6
"MEMORIAL HERMANN BAPTIST BEAUMONT HOSPITAL","BEAUMONT","TX - Beaumont",48.0111111111111,3288609.69,783771.96,695214.29
"ALTRU HOSPITAL","GRAND FORKS","ND - Grand Forks",38.8846153846154,1828257.53,783601.92,705914.35
"HALLMARK HEALTH SYSTEM","MELROSE","MA - Boston",63.3690476190476,1273368.59,783279.58,695588.51
"BAPTIST MEDICAL CENTER-PRINCETON","BIRMINGHAM","AL - Birmingham",38.9529411764706,4370902.23,782566.37,686499.59
"AHMC ANAHEIM REGIONAL MEDICAL CENTER","ANAHEIM","CA - Orange County",30.1159420289855,5182761.81,782505.88,710059.5
"FAWCETT MEMORIAL HOSPITAL","PORT CHARLOTTE","FL - Fort Myers",45.90625,6343620.46,781659.29,670422.18
"SWEDISH MEDICAL CENTER","ENGLEWOOD","CO - Denver",37.8641975308642,4479797.57,781560.07,666164.56
"NORTH AUSTIN MEDICAL CENTER","AUSTIN","TX - Austin",36.8452380952381,4010864.69,780619.23,643162.48
"DIXIE REGIONAL MEDICAL CENTER","ST GEORGE","UT - Salt Lake City",39.4155844155844,1682194.81,780046.07,650303.28
"CHRISTUS ST FRANCES CABRINI HOSPITAL","ALEXANDRIA","LA - Alexandria",41.1904761904762,3067708.55,779668.69,650507.63
"ST LUKES HOSPITAL","CEDAR RAPIDS","IA - Cedar Rapids",40.6593406593407,2601292.89,778135.46,675151.48
"LAKE HEALTH","CONCORD","OH - Cleveland",57.3535353535354,3068319.21,777662.08,688224.58
"COMANCHE COUNTY MEMORIAL HOSPITAL","LAWTON","OK - Lawton",36.1931818181818,2390282.11,776420.34,682678.82
"WEST FLORIDA HOSPITAL","PENSACOLA","FL - Pensacola",44.2688172043011,5259124.7,775712.02,643597.2
"ST MARY MERCY HOSPITAL","LIVONIA","MI - Ann Arbor",67.7282608695652,1829291.88,775502.45,682941.07
"BAPTIST HOSPITAL EAST","LOUISVILLE","KY - Louisville",94.7575757575758,2238048.12,775422.27,666948.07
"ST ANTHONY'S MEDICAL CENTER","SAINT LOUIS","MO - St. Louis",65,2352709.77,775418.21,675696.19
"VENICE REGIONAL MEDICAL CENTER","VENICE","FL - Sarasota",52.1170212765957,4058472.96,774880.12,683974.79
"MORTON PLANT HOSPITAL","CLEARWATER","FL - Clearwater",55.9578947368421,3288006.53,774840.92,671981.86
"HILLCREST HOSPITAL","MAYFIELD HEIGHT","OH - Cleveland",58.1702127659574,2802920.62,772689.1,648108
"AUGUSTA HEALTH","FISHERSVILLE","VA - Charlottesville",46.9767441860465,1740586.13,772448.27,668698.05
"DESERT REGIONAL MEDICAL CENTER","PALM SPRINGS","CA - Palm Springs/Rancho M",28.5633802816901,6016108.62,771991.53,698133.5
"THE NEBRASKA METHODIST HOSPITAL","OMAHA","NE - Omaha",41.7790697674419,2895254.39,771439.86,641512.44
"ST JOSEPH HOSPITAL","EUREKA","CA - Redding",26.0925925925926,3453548.07,770740.59,692532.83
"CAMDEN CLARK MEDICAL CENTER","PARKERSBURG","WV - Charleston",50.6315789473684,2232865.16,770674.57,660495.56
"GENESIS MEDICAL CENTER-DAVENPORT","DAVENPORT","IA - Davenport",58.4,2254156.38,770067.87,665629.67
"CHRISTUS ST MICHAEL HEALTH SYSTEM","TEXARKANA","AR - Texarkana",49.5888888888889,3348406.78,769340.1,638533.41
"CHRISTIAN HOSPITAL NORTHEAST","SAINT LOUIS","MO - St. Louis",51.8823529411765,2799389.02,769263.22,669598.86
"ST JOHN'S REGIONAL MEDICAL CENTER","JOPLIN","MO - Joplin",39.3372093023256,3130610.32,768429.36,682801.89
"FRANCISCAN ST MARGARET HEALTH - HAMMOND","HAMMOND","IN - Munster",40.5394736842105,2331756.77,767751.21,686631.45
"GRAND STRAND REG MED CENTER","MYRTLE BEACH","SC - Charleston",53.8736842105263,4037192.96,767687.64,628974.78
"TENNOVA HEALTHCARE","KNOXVILLE","TN - Knoxville",59.7422680412371,2817379.03,767475.63,635865.49
"TERREBONNE GENERAL MEDICAL CENTER","HOUMA","LA - Houma",31.358024691358,2925253.2,767399.6,647898.24
"BILLINGS CLINIC HOSPITAL","BILLINGS","MT - Billings",38.3625,1791993.27,766396.52,656637.98
"WILLIAM N WISHARD MEMORIAL HOSPITAL","INDIANAPOLIS","IN - Indianapolis",33.9016393442623,1309416.42,765988.97,710831.39
"SIERRA MEDICAL CENTER","EL PASO","TX - El Paso",32.9125,5950494.67,765847.65,665585.1
"MERCY REGIONAL MEDICAL CENTER","LORAIN","OH - Elyria",47.0879120879121,2338967.26,765640.78,680987.01
"GEISINGER WYOMING VALLEY MEDICAL CENTER","WILKES BARRE","PA - Wilkes-Barre",36.1219512195122,3454653.04,765351.95,674399.2
"HINSDALE HOSPITAL","HINSDALE","IL - Hinsdale",37.9746835443038,3347836.61,765125.09,633854.8
"KENDALL REGIONAL MEDICAL CENTER","MIAMI","FL - Miami",35.6615384615385,4403913.7,764613.49,696652.08
"BENEFIS HOSPITALS INC","GREAT FALLS","MT - Great Falls",33.7792207792208,1866780.93,764131.62,673777.24
"LIBERTYHEALTH-JERSEY CITY MEDICAL CENTER CAMPUS","JERSEY CITY","NJ - Newark",37.4603174603175,3700414.26,763129.52,710755.74
"PARKWEST MEDICAL CENTER","KNOXVILLE","TN - Knoxville",57.054347826087,2285063.27,762936.56,637528.85
"MEDICAL CENTER OF ARLINGTON","ARLINGTON","TX - Fort Worth",37.4166666666667,5252016.49,762631.68,638165.5
"DESERT SPRINGS HOSPITAL","LAS VEGAS","NV - Las Vegas",32.0266666666667,5369728.71,762512.89,641606.7
"WESTERN BAPTIST HOSPITAL","PADUCAH","KY - Paducah",55.0510204081633,2188661,762460.93,669043.42
"ST THOMAS HOSPITAL","NASHVILLE","TN - Nashville",76.7252747252747,2626163.02,762417.59,660807.45
"LITTLE COMPANY OF MARY HOSPITAL","EVERGREEN PARK","IL - Blue Island",57.9012345679012,3015372,762305.3,634466.91
"LEGACY GOOD SAMARITAN MEDICAL CENTER","PORTLAND","OR - Portland",24.2068965517241,1885026.86,762237.96,693819.18
"MERCY HEALTH PARTNERS, MERCY CAMPUS","MUSKEGON","MI - Muskegon",42.1139240506329,1489057.56,761539.39,675590.6
"MIDWEST REGIONAL MEDICAL CENTER","MIDWEST CITY","OK - Oklahoma City",43.2717391304348,5570317.98,761269.15,667972.55
"MARQUETTE GENERAL HOSPITAL","MARQUETTE","MI - Marquette",30.8358208955224,1342790.48,761120.31,701213.67
"SIGNATURE HEALTHCARE BROCKTON HOSPITAL","BROCKTON","MA - Boston",37.4666666666667,1376004.95,761089.5,691870.9
"CHAMBERSBURG HOSPITAL","CHAMBERSBURG","PA - Harrisburg",43.6444444444444,2202236.52,761031.63,650759
"LOVELACE MEDICAL CENTER","ALBUQUERQUE","NM - Albuquerque",24.4126984126984,2894610.37,760976.21,560923.97
"YAKIMA VALLEY MEMORIAL HOSPITAL","YAKIMA","WA - Yakima",42.1851851851852,1685212.79,760431.66,656000.47
"MIDMICHIGAN MEDICAL CENTER-MIDLAND","MIDLAND","MI - Saginaw",42.925,1755270.42,759370.64,691215.52
"PENINSULA MEDICAL CENTER","BURLINGAME","CA - San Mateo County",35.4411764705882,3885595.87,759128.91,641197.9
"FLORIDA HOSPITAL MEMORIAL MEDICAL CENTER","DAYTONA BEACH","FL - Ormond Beach",39.816091954023,2740353.91,758911.35,675859.35
"CHESAPEAKE REGIONAL MEDICAL CENTER","CHESAPEAKE","VA - Norfolk",50.7282608695652,2144795.97,758645.29,662538.41
"UMC OF SOUTHERN NEVADA","LAS VEGAS","NV - Las Vegas",25.4827586206897,3113514.02,758199.76,679077.84
"VISTA MEDICAL CENTER EAST","WAUKEGAN","WI - Milwaukee",41.6913580246914,4260377.82,757997.8,659355.97
"MIDSTATE MEDICAL CENTER","MERIDEN","CT - New Haven",37.7702702702703,1830892.24,757528.01,678211.38
"ORANGE PARK MEDICAL CENTER","ORANGE PARK","FL - Jacksonville",51.6777777777778,6424351.08,757052.51,635549.17
"MISSION REGIONAL MEDICAL CENTER","MISSION","TX - McAllen",39.3484848484849,2248611.16,756776.02,685257.64
"NORTH KANSAS CITY HOSPITAL","NORTH KANSAS CI","MO - Kansas City",69.5376344086021,2910806.09,755821.22,645858.81
"RUTLAND REGIONAL MEDICAL CENTER","RUTLAND","VT - Burlington",34.1290322580645,1425796.77,754704.16,682921.68
"EAST JEFFERSON GENERAL HOSPITAL","METAIRIE","LA - Metairie",42.7325581395349,2733212.2,754505.62,632229.77
"REDMOND REGIONAL MEDICAL CENTER","ROME","GA - Rome",46.875,3102122.05,754018.33,615564.06
"MERCY MEDICAL CENTER-NORTH IOWA","MASON CITY","IA - Mason City",50.7666666666667,2049338.24,753985.79,655185.93
"ELLIS HOSPITAL","SCHENECTADY","NY - Albany",48.1123595505618,2646039.68,753547.04,662488.62
"CLARK MEMORIAL HOSPITAL","JEFFERSONVILLE","KY - Louisville",44.7252747252747,1989394.27,753467.23,655701.05
"ALVARADO HOSPITAL MEDICAL CENTER","SAN DIEGO","CA - San Diego",35.2676056338028,3490788.88,753272,687044.76
"JEWISH HOSPITAL, LLC","CINCINNATI","OH - Cincinnati",39.719512195122,2247791.91,753036.32,627679.43
"MAURY REGIONAL HOSPITAL","COLUMBIA","TN - Nashville",49.3448275862069,1733102.72,752690.73,664670.32
"LEESBURG REGIONAL MEDICAL CENTER","LEESBURG","FL - Orlando",61.7368421052632,3028692.64,752332.62,665745.42
"REGIONAL MEDICAL CENTER BAYONET POINT","HUDSON","FL - Hudson",44.6129032258064,5510471.89,752034.92,630625
"FLORIDA HOSPITAL WATERMAN","TAVARES","FL - Orlando",58.8913043478261,2986808.1,751292.4,655200.88
"FLOYD MEDICAL CENTER","ROME","GA - Rome",40.4533333333333,2654940.01,750463.35,640106.92
"BROOKWOOD MEDICAL CENTER","BIRMINGHAM","AL - Birmingham",43.7872340425532,8352563.48,750398.49,627707.99
"NORTHERN MICHIGAN REGIONAL HOSPITAL","PETOSKEY","MI - Petoskey",33.2337662337662,1656494.94,750069.86,671883.3
"ST FRANCIS-DOWNTOWN","GREENVILLE","SC - Greenville",57.6046511627907,3943774.22,749832.17,638446.68
"COLUMBIA ST MARYS HSPTL  MILW (COL & MILW CAMPUS)","MILWAUKEE","WI - Milwaukee",31.0428571428571,2233344.34,749710.88,676553.36
"BON SECOURS MARYVIEW MEDICAL CENTER","PORTSMOUTH","VA - Norfolk",45.3717948717949,2128822.29,749604.68,651829.17
"PROVIDENCE HEALTH CENTER","WACO","TX - Waco",51.5,2410225.53,749506.45,646968.6
"MOUNTAIN VISTA MEDICAL CENTER, LP","MESA","AZ - Mesa",27.5238095238095,3748101.91,749415.65,598901.66
"ST JOSEPHS MERCY HEALTH CENTER INC","HOT SPRINGS","AR - Little Rock",43.8,2757341.37,749136.47,664002.36
"SAN ANTONIO COMMUNITY HOSPITAL","UPLAND","CA - San Bernardino",32.3888888888889,3530609.51,748865.21,668673.37
"ROBERT WOOD JOHNSON UNIVERSITY HOSPITAL HAMILTON","HAMILTON","PA - Philadelphia",48.8045977011494,6493729.72,748736.6,671962.26
"UNIVERSITY MEDICAL CENTER AT PRINCETON","PRINCETON","NJ - New Brunswick",44.0365853658537,3763164.69,748144.77,665978.02
"MAYO CLINIC HEALTH SYSTEM EAU CLAIRE HOSPITAL","EAU CLAIRE","MN - Minneapolis",35.2941176470588,2252212.21,747431.04,630094.16
"POPLAR BLUFF REGIONAL MEDICAL CENTER","POPLAR BLUFF","MO - St. Louis",43.5308641975309,4064237.5,746866.41,657224.95
"CONCORD HOSPITAL","CONCORD","NH - Manchester",46.5977011494253,2233380.8,746495.99,658530.54
"CENTRAL MAINE MEDICAL CENTER","LEWISTON","ME - Portland",34.1184210526316,1739276.3,746305.22,668644.31
"OCALA REGIONAL MEDICAL CENTER","OCALA","FL - Ocala",59.9791666666667,4938537.78,745761.99,627745.56
"HOUSTON MEDICAL CENTER","WARNER ROBINS","GA - Macon",47.9764705882353,2174867.58,745090.61,644245.52
"BOONE HOSPITAL CENTER","COLUMBIA","MO - Columbia",62.4468085106383,2426740.42,744277.23,640951.35
"FAXTON-ST LUKE'S HEALTHCARE","UTICA","NY - Elmira",49.4186046511628,2200094.94,743181.33,654819.68
"ST JOSEPH'S HOSPITAL - SAVANNAH","SAVANNAH","GA - Savannah",39.8705882352941,3221224.51,742810.16,652618.34
"CATHOLIC MEDICAL CENTER","MANCHESTER","NH - Manchester",37.2222222222222,2674741.92,742630.39,634408.36
"FORT SANDERS REGIONAL MEDICAL CENTER","KNOXVILLE","TN - Knoxville",35.0714285714286,2445912.58,742543.47,617851.05
"COLISEUM MEDICAL CENTER","MACON","GA - Macon",39.4074074074074,3001112.39,740878.55,640537.05
"METROSOUTH MEDICAL CENTER","BLUE ISLAND","IL - Blue Island",41.5616438356164,2386004,740828.85,646644.24
"MIDDLE TENNESSEE MEDICAL CENTER INC","MURFREESBORO","TN - Nashville",47.3820224719101,2441015.82,740799.18,639769.91
"ST HELENA HOSPITAL","SAINT HELENA","CA - Napa",35.3,4104306.84,740560.61,682993.73
"COMMUNITY MEMORIAL HOSPITAL SAN BUENAVENTURA","VENTURA","CA - Ventura",29.9428571428571,4938428.74,740096.65,663612.03
"TEXAS HEALTH ARLINGTON MEMORIAL HOSPITAL","ARLINGTON","TX - Fort Worth",41.7402597402597,2863057.05,740003.75,624080.5
"COPLEY MEMORIAL HOSPITAL","AURORA","IL - Aurora",30.0694444444444,3819565.29,739905.88,594471.81
"SOUTH GEORGIA MEDICAL CENTER","VALDOSTA","FL - Tallahassee",36.5185185185185,2103302.37,739761.74,637787.03
"TRINITY MEDICAL CENTER","BIRMINGHAM","AL - Birmingham",37.5542168674699,5369510.86,739656.42,620820.07
"CHRIST HOSPITAL","JERSEY CITY","NJ - Newark",33.768115942029,5952651.75,738873.6,673428.56
"SACRED HEART HSPTL","EAU CLAIRE","MN - Minneapolis",30.2835820895522,2179802.25,738808.34,648778.53
"INDIANA UNIVERSITY HEALTH ARNETT HOSPITAL","LAFAYETTE","IN - Lafayette",35.4861111111111,2755100.53,738754.98,557124.82
"PALM BEACH GARDENS MEDICAL CENTER","PALM BEACH GARD","FL - Fort Lauderdale",38.2209302325581,4668311.01,737654.02,651343.58
"SAINT ANTHONY MEDICAL CENTER","ROCKFORD","IL - Rockford",42.6962025316456,3095267.96,737641.33,625546.76
"VILLAGES REGIONAL HOSPITAL, THE","THE VILLAGES","FL - Orlando",62.8659793814433,3093417.8,737356.27,650716.85
"BAPTIST HOSPITAL","PENSACOLA","FL - Pensacola",41.1547619047619,3092429.36,737353.17,645148.15
"PARKVIEW MEDICAL CENTER INC","PUEBLO","CO - Pueblo",38,3499877.89,735328.47,651222.25
"MEASE COUNTRYSIDE HOSPITAL","SAFETY HARBOR","FL - Clearwater",49.2444444444444,3367685.59,735098.09,626018.99
"EMANUEL MEDICAL CENTER INC","TURLOCK","CA - Modesto",33.5211267605634,5620710.39,734690.31,664115.63
"ALLEN MEMORIAL HOSPITAL","WATERLOO","IA - Waterloo",45.0804597701149,1793010.19,734086.97,654836.94
"DENTON REGIONAL MEDICAL CENTER","DENTON","TX - Dallas",40.0246913580247,4989208.48,733882.73,594204.67
"ST FRANCIS HOSPITAL, INC","COLUMBUS","GA - Columbus",48.1978021978022,2234029.24,733853.77,626414.49
"MERCY MEDICAL CENTER","ROCKVILLE CENTR","NY - East Long Island",35.4347826086956,2757416.94,733842.26,628074.77
"MEDICAL CENTER OF AURORA, THE","AURORA","CO - Denver",34.8378378378378,4244352.96,733778.24,616519.71
"MEMORIAL MEDICAL CENTER INC","LAS CRUCES","TX - El Paso",28.9861111111111,2668414.25,733196.38,628001.26
"MIDLAND MEMORIAL HOSPITAL","MIDLAND","TX - Odessa",33.2048192771084,2232468.16,733069.25,634634.98
"MOUNT AUBURN HOSPITAL","CAMBRIDGE","MA - Boston",37.5945945945946,1260025.31,733001.63,648650.76
"MEMORIAL HOSPITAL WEST","PEMBROKE PINES","FL - Miami",36.8101265822785,4474359.8,732788.78,653039.77
"HURON VALLEY-SINAI HOSPITAL","COMMERCE TOWNSH","MI - Pontiac",32.1571428571429,2076896.22,732728.32,617858.33
"SPARKS REGIONAL MEDICAL CENTER","FORT SMITH","AR - Fort Smith",52.3529411764706,2164651.61,732617.23,640477.13
"ST VINCENT HEALTHCARE","BILLINGS","MT - Billings",34.4583333333333,1866863.43,732269.47,635500.26
"GREENWICH HOSPITAL ASSOCIATION","GREENWICH","CT - Bridgeport",43.6266666666667,2840137.88,732067.27,659218.87
"OLYMPIA MEDICAL CENTER","LOS ANGELES","CA - Los Angeles",41.6060606060606,6767552.49,731687.31,673095.56
"EMH REGIONAL MEDICAL CENTER","ELYRIA","OH - Elyria",46.9462365591398,1863677.24,731620.29,646980.93
"SISTERS OF CHARITY PROVIDENCE HOSPITALS","COLUMBIA","SC - Columbia",48.264367816092,2558546.01,731588.55,629952.56
"INTEGRIS SOUTHWEST MEDICAL CENTER","OKLAHOMA CITY","OK - Oklahoma City",38.4230769230769,3820858.65,730877.92,625233.2
"TEXOMA MEDICAL CENTER","DENISON","TX - Dallas",35.3589743589744,2791958.97,730723.64,639338.55
"JOHN D ARCHBOLD MEMORIAL HOSPITAL","THOMASVILLE","FL - Tallahassee",33.1052631578947,2392200.03,730678.8,634028.7
"UNITED HOSPITAL CENTER","BRIDGEPORT","WV - Morgantown",41.6477272727273,1587657.35,730638.39,639311.25
"ADVENTIST LA GRANGE MEMORIAL HOSPITAL","LA GRANGE","IL - Melrose Park",45.0253164556962,3172193.67,730265.17,612420.97
"ELLIOT HOSPITAL","MANCHESTER","NH - Manchester",38.5443037974684,1675283.17,730126.59,631530.75
"SOUTHEAST MISSOURI HOSPITAL","CAPE GIRARDEAU","MO - Cape Girardeau",38.3253012048193,3406645.21,729261.46,642131.45
"SHORE MEDICAL CENTER","SOMERS POINT","NJ - Camden",39.9506172839506,5333135.29,727790.89,627759.03
"RESEARCH MEDICAL CENTER","KANSAS CITY","MO - Kansas City",30.6056338028169,4380955.26,727155.43,616090.72
"MARIAN MEDICAL CENTER","SANTA MARIA","CA - Santa Barbara",33.4,3613932.25,727019.14,652430.42
"ST MARYS HOSPITAL AND MEDICAL CENTER","GRAND JUNCTION","CO - Grand Junction",35.36,2322807.39,725901.63,641896.68
"JOHN C LINCOLN NORTH MOUNTAIN HOSPITAL","PHOENIX","AZ - Phoenix",31.8169014084507,3170409.51,725442.39,640527.18
"BAPTIST MEMORIAL HOSPITAL NORTH MS","OXFORD","MS - Oxford",35.3150684931507,2074976.16,724301.43,636523.73
"METHODIST CHARLTON MEDICAL CENTER","DALLAS","TX - Dallas",42.4210526315789,2536703.01,723846.24,644111.76
"ST EDWARD MERCY MEDICAL CENTER","FORT SMITH","AR - Fort Smith",39.3647058823529,2628696.44,723668.64,621369.58
"ST JOSEPH MEDICAL CENTER","KANSAS CITY","MO - Kansas City",40.1034482758621,3154067.83,723124.7,623361.51
"SCOTTSDALE HEALTHCARE-SHEA MEDICAL CENTER","SCOTTSDALE","AZ - Phoenix",48.1168831168831,3338309.81,722471.21,600428.5
"YAVAPAI REGIONAL MEDICAL CENTER","PRESCOTT","AZ - Phoenix",32.6493506493507,2375154.9,721923.03,633833.13
"DECATUR MEMORIAL HOSPITAL","DECATUR","IL - Springfield",47.6666666666667,2302263.83,720829.01,621734.92
"WUESTHOFF MEDICAL CENTER  ROCKLEDGE","ROCKLEDGE","FL - Orlando",40.4719101123596,2882689.36,719853.78,641016.47
"ST ALPHONSUS REGIONAL MEDICAL CENTER","BOISE","ID - Boise",38.0253164556962,1840232.6,719720.32,592664.21
"NORMAN REGIONAL HEALTH SYSTEM","NORMAN","OK - Oklahoma City",49.9770114942529,3688197.34,718970.56,622921.37
"MAYO CLINIC HEALTH SYSTEM - MANKATO","MANKATO","MN - Minneapolis",33.9220779220779,1629654.06,718926.53,630485.14
"MOUNT CARMEL ST ANN'S HOSPITAL","WESTERVILLE","OH - Columbus",36.358024691358,1660607.54,718593.52,617544.12
"WILLIAM W BACKUS HOSPITAL","NORWICH","CT - Hartford",41.6233766233766,1589615.35,718509.45,617771.08
"METRO HEALTH HOSPITAL","WYOMING","MI - Grand Rapids",28.5625,1401621.65,717987.42,611360.34
"ADVENTIST MEDICAL CENTER","HANFORD","CA - Fresno",44.2753623188406,2706201.81,717312.69,646400.54
"BEVERLY HOSPITAL CORPORATION","BEVERLY","MA - Boston",59.0609756097561,1146991.04,717228.29,646099.25
"LOWELL GENERAL HOSPITAL","LOWELL","MA - Boston",37.1081081081081,1330804.35,716817.49,623091.12
"HENRY MEDICAL CENTER, INC","STOCKBRIDGE","GA - Atlanta",39.0128205128205,2590165.35,716088.21,641367.35
"NW ARKANSAS HOSPITALS, LLC","SPRINGDALE","AR - Springdale",41.8928571428571,3636202.18,715752.65,609758.74
"KINGSBROOK JEWISH MEDICAL CENTER","BROOKLYN","NY - Manhattan",38.2321428571429,2323340.62,715715.18,668030.23
"MEDICAL CENTER OF MCKINNEY","MCKINNEY","TX - Dallas",33,4754120.64,714885.18,578324.96
"WILLIAMSPORT REGIONAL MEDICAL CENTER","WILLIAMSPORT","PA - Danville",36.2073170731707,2027009.8,714676.1,629458.5
"MEMORIAL HOSPITAL OF CARBONDALE","CARBONDALE","MO - St. Louis",36.9210526315789,2051188.9,713827.31,641933.19
"FALMOUTH HOSPITAL","FALMOUTH","MA - Boston",38.1014492753623,1193840.95,713693.96,647839.32
"ST CHARLES MEDICAL CENTER - BEND","BEND","OR - Bend",35.1408450704225,2168542.93,713486.59,629776.58
"SOUTHWEST GENERAL HEALTH CENTER","MIDDLEBURG HEIG","OH - Cleveland",50.5274725274725,2994795.7,713377.37,597138.31
"KOOTENAI MEDICAL CENTER","COEUR D'ALENE","WA - Spokane",35.0657894736842,1761543.99,712823.81,622060.29
"UNDERWOOD - MEMORIAL HOSPITAL","WOODBURY","PA - Philadelphia",46.1219512195122,5217439.6,712230.42,640718.81
"ST VINCENT'S EAST","BIRMINGHAM","AL - Birmingham",33.5287356321839,2414914.68,711803.41,592507.35
"ERIE COUNTY MEDICAL CENTER","BUFFALO","NY - Buffalo",26.8301886792453,1220857.94,710547.38,651389.57
"SKYLINE MEDICAL CENTER","NASHVILLE","TN - Nashville",39.056338028169,3467537.01,710307.84,589121.08
"DOWNEY REGIONAL MEDICAL CENTER","DOWNEY","CA - Los Angeles",31.7076923076923,4476990.74,709913.82,652248.66
"BLAKE MEDICAL CENTER","BRADENTON","FL - Bradenton",52.7021276595745,4408889.87,709683.3,604172.06
"ST MARY MEDICAL CENTER INC","HOBART","IN - Gary",45.6626506024096,2093968.45,708671.23,614218.32
"CENTURA HEALTH-PENROSE ST FRANCIS HEALTH SERVICES","COLORADO SPRING","CO - Colorado Springs",50.8876404494382,3289220.28,708084.88,602513.8
"WELLMONT BRISTOL REGIONAL MEDICAL CENTER","BRISTOL","TN - Kingsport",50.2068965517241,2131177.43,707827.2,600840.65
"MERCY MEDICAL CENTER","CANTON","OH - Canton",36.4457831325301,1283687.75,707617.84,585455.83
"OAK HILL HOSPITAL","BROOKSVILLE","FL - Hudson",50.2444444444444,6407309.66,706956.2,607559.23
"MERCY HOSPITAL FAIRFIELD","FAIRFIELD","OH - Cincinnati",41.7560975609756,2177264.59,706019.09,576955.82
"ST PETER'S HOSPITAL","ALBANY","NY - Albany",58.0681818181818,2589252.31,705608.33,604613.3
"JUPITER MEDICAL CENTER","JUPITER","FL - Fort Lauderdale",36.5975609756098,3393358.11,705563.05,576510.47
"SENTARA LEIGH HOSPITAL","NORFOLK","VA - Norfolk",56.9404761904762,2255934.64,705455.5,579450.64
"SAINT ELIZABETH REGIONAL MEDICAL CENTER","LINCOLN","NE - Lincoln",48.358024691358,2288635.41,705446.6,593915.96
"COMMUNITY MEDICAL CENTER","SCRANTON","PA - Scranton",37.0705882352941,2519277.48,705233.43,614371.38
"CREIGHTON UNIVERSITY MEDICAL CENTER - SAINT JOSEPH","OMAHA","NE - Omaha",23.8518518518519,3821734.4,705213.64,649622.5
"ELIZA COFFEE MEMORIAL HOSPITAL","FLORENCE","AL - Birmingham",45.3604651162791,3177042.74,704962.46,614552.52
"ST LUKES HOSPITAL","DULUTH","MN - Duluth",39.7042253521127,1848665.97,704325.97,630886.64
"CRITTENTON HOSPITAL MEDICAL CENTER","ROCHESTER","MI - Royal Oak",41.7283950617284,2468663.16,703830.55,627434.08
"CAMBRIDGE HEALTH ALLIANCE","CAMBRIDGE","MA - Boston",36.2307692307692,1024298.58,703580.49,646744.19
"OPELOUSAS GENERAL HEALTH SYSTEM","OPELOUSAS","LA - Lafayette",33.1666666666667,1805205.01,702658.13,635163.28
"GOOD SAMARITAN HOSPITAL","KEARNEY","NE - Omaha",36.3692307692308,1799410.06,701829.28,613555.93
"SHAWNEE MISSION MEDICAL CENTER","SHAWNEE MISSION","MO - Kansas City",49.195652173913,3707415.93,701653.48,589184.47
"GOOD SAMARITAN REGIONAL MEDICAL CENTER","CORVALLIS","OR - Eugene",22.9846153846154,2081073.77,700868.44,616179.73
"BAPTIST HEALTH MEDICAL CENTER NORTH LITTLE ROCK","NORTH LITTLE RO","AR - Little Rock",41.1034482758621,2094652.51,700796.89,604831.66
"UPMC ST MARGARET","PITTSBURGH","PA - Pittsburgh",33.4305555555556,2433732.86,700376.27,589999.6
"WASHINGTON REGIONAL MED CTR AT NORTH HILLS","FAYETTEVILLE","AR - Springdale",41.4146341463415,2593783.84,699963.52,570417.42
"SADDLEBACK MEMORIAL MEDICAL CENTER","LAGUNA HILLS","CA - Orange County",43.6753246753247,3842982.05,699506.03,604006.02
"FRANCISCAN ST ANTHONY HEALTH - CROWN POINT","CROWN POINT","IN - Gary",41.4883720930233,2112442.93,699225.76,597523.09
"DOYLESTOWN HOSPITAL","DOYLESTOWN","PA - Philadelphia",39.45,3390960.2,698927.68,608589.11
"PROVIDENCE MEMORIAL HOSPITAL","EL PASO","TX - El Paso",32.4225352112676,4616618.88,698715.47,601152.16
"JACKSON HOSPITAL & CLINIC INC","MONTGOMERY","AL - Montgomery",45.0120481927711,2636392.33,698706.34,605349.81
"PROVIDENCE HOSPITAL","MOBILE","AL - Mobile",37.7906976744186,2279216.53,698698.83,567531.02
"SUTTER DELTA MEDICAL CENTER","ANTIOCH","CA - Contra Costa County",32.3559322033898,3424677.6,696332.9,639627.83
"ST JOSEPH MEDICAL CENTER","READING","PA - Reading",32.6612903225806,1777794.22,694880.47,542904.81
"JOHNSTON MEMORIAL HOSPITAL","SMITHFIELD","NC - Raleigh",40.4305555555556,2499967.24,694613.14,622549.32
"PORT HURON HOSPITAL","PORT HURON","MI - Detroit",45.0813953488372,1973267.27,694329.92,609967.54
"EPHRAIM MCDOWELL REGIONAL MEDICAL CENTER","DANVILLE","KY - Lexington",31.6493506493506,1667050.76,694326.71,603011.43
"SHANNON MEDICAL CENTER","SAN ANGELO","TX - San Angelo",42.4303797468354,2224986.83,693462.56,579005.79
"EXEMPLA LUTHERAN MEDICAL CENTER","WHEAT RIDGE","CO - Denver",35.5609756097561,3351068.53,692866.2,587794.81
"NORWOOD HOSPITAL","NORWOOD","MA - Boston",45.9,1164425.59,692176.62,614482.38
"SSM ST JOSEPH HEALTH CENTER","SAINT CHARLES","MO - St. Louis",35.2948717948718,2499130.34,692016.99,607871.18
"LOS ANGELES COMMUNITY HOSPITAL","LOS ANGELES","CA - Los Angeles",33.811320754717,2028591.5,691630.35,645348.03
"NORTHEAST ALABAMA REGIONAL MED CENTER","ANNISTON","AL - Birmingham",41.5,2749643.55,691346.5,604246.33
"POUDRE VALLEY HOSPITAL","FORT COLLINS","CO - Fort Collins",42.7594936708861,2343094.96,691284.73,566668.82
"PARMA COMMUNITY GENERAL HOSPITAL","PARMA","OH - Cleveland",55.5333333333333,1726241.62,691187.24,601092.27
"MARYLAND GENERAL  HOSPITAL","BALTIMORE","MD - Baltimore",34.9245283018868,734923.39,690970.83,650793.24
"CAPE CORAL HOSPITAL","CAPE CORAL","FL - Fort Myers",53.1208791208791,2972876.93,690209.15,595903.18
"PIEDMONT FAYETTE HOSPITAL","FAYETTEVILLE","GA - Atlanta",41.4683544303797,2536515.79,689995.48,575810.87
"BAYLOR MEDICAL CENTER AT IRVING","IRVING","TX - Dallas",33.4861111111111,2407074,689420.02,596103.56
"CIVISTA MEDICAL CENTER","LA PLATA","DC - Washington",37.1304347826087,729838.06,687533.99,619888.86
"METHODIST SUGAR LAND HOSPITAL","SUGAR LAND","TX - Houston",34.6933333333333,3709013.3,687472.44,609098.11
"SCRIPPS MEMORIAL HOSPITAL - ENCINITAS","ENCINITAS","CA - San Diego",28.8928571428571,3591200.07,687063.26,591998.92
"GLENS FALLS HOSPITAL","GLENS FALLS","NY - Albany",46.4827586206897,1647664.89,686693.15,596136.1
"BAYSHORE COMMUNITY HOSPITAL","HOLMDEL","NJ - Camden",36.2051282051282,4359406.93,686451.72,621815.91
"LOYOLA GOTTLIEB MEMORIAL HOSPITAL","MELROSE PARK","IL - Melrose Park",30.9538461538462,4736496.66,686185.25,537736.9
"CAPITAL HEALTH SYSTEM-FULD CAMPUS","TRENTON","PA - Philadelphia",35.265625,6087991.85,685953.38,565878.04
"TIFT REGIONAL MEDICAL CENTER","TIFTON","FL - Tallahassee",35.4324324324324,2444318.81,685867.27,611905.54
"HAMILTON MEDICAL CENTER","DALTON","GA - Atlanta",37.7746478873239,2181156.06,685446.28,575316.86
"REGIONAL HOSPITAL OF SCRANTON","SCRANTON","PA - Scranton",43.6829268292683,2388993.88,684729.89,616024.57
"PORTNEUF MEDICAL CENTER","POCATELLO","UT - Salt Lake City",28,1522458.76,684511.02,618803.26
"UTAH VALLEY REGIONAL MEDICAL CENTER","PROVO","UT - Provo",32.7727272727273,1772062.98,684443.35,557909.98
"LAWRENCE HOSPITAL CENTER","BRONXVILLE","NY - White Plains",40.7808219178082,2287720.86,684401.79,601889.69
"ST ELIZABETH MEDICAL CENTER","UTICA","NY - Elmira",42.6,1641273,683297.93,607689.67
"OUR LADY OF THE RESURRECTION MED CTR","CHICAGO","IL - Chicago",43.5074626865672,2796463.82,683191.89,591150.93
"HILLCREST BAPTIST MEDICAL CENTER","WACO","TX - Waco",30.3676470588235,2106998.48,683120.28,601018.91
"PECONIC BAY MEDICAL CENTER","RIVERHEAD","NY - East Long Island",37.6176470588235,2794519.89,682899.74,620915.31
"MERCY GILBERT MEDICAL CENTER","GILBERT","AZ - Mesa",29.4782608695652,3986735.2,682858,595671.17
"SENTARA CAREPLEX HOSPITAL","HAMPTON","VA - Newport News",39.2564102564103,2154262.12,681831.55,581294.26
"ANDERSON REGIONAL MEDICAL CENTER","MERIDIAN","MS - Meridian",39.7625,2253103.18,681108.81,593139.12
"DANVILLE REGIONAL MEDICAL CENTER","DANVILLE","NC - Durham",45.7721518987342,2189233.62,680594.3,580737.75
"HOLY SPIRIT HOSPITAL","CAMP HILL","PA - Harrisburg",44.4117647058824,2728040.3,680346.06,598545.3
"SPRING VALLEY HOSPITAL MEDICAL CENTER","LAS VEGAS","NV - Las Vegas",26.6911764705882,5073007.49,680225.93,587459.64
"EASTERN IDAHO REGIONAL MEDICAL CENTER","IDAHO FALLS","ID - Idaho Falls",27,2390364.03,680117.03,566169.96
"ADVOCATE TRINITY HOSPITAL","CHICAGO","IL - Chicago",39.4615384615385,2053601.63,679920.03,593871.38
"SISTERS OF CHARITY HOSPITAL","BUFFALO","NY - Buffalo",32.9295774647887,1488172.1,678963.75,591734.55
"FRYE REGIONAL MEDICAL CENTER","HICKORY","NC - Hickory",41.7375,3666595.12,678550.75,581349.88
"NORTHWEST MEDICAL CENTER","TUCSON","AZ - Tucson",40.9493670886076,3405854.34,678522.89,588668.94
"ST FRANCIS HEALTH CENTER INC","TOPEKA","KS - Topeka",35.5,1844591.14,678080.42,577584.77
"MAUI MEMORIAL MEDICAL CENTER","WAILUKU","HI - Honolulu",21.3571428571429,1397601.61,677832.35,627575.46
"COMMUNITY HOSPITAL EAST","INDIANAPOLIS","IN - Indianapolis",46,1987018.39,677830.02,607428.62
"VALLEY REGIONAL MEDICAL CENTER","BROWNSVILLE","TX - Harlingen",29.4576271186441,4154382.2,677372.14,602829.45
"HIALEAH HOSPITAL","HIALEAH","FL - Miami",34.0175438596491,4050875.97,677129.16,621231.35
"KINGMAN REGIONAL MEDICAL CENTER","KINGMAN","AZ - Phoenix",31.3492063492063,2397376.73,675687.72,590832.78
"ST MARY'S MEDICAL CENTER","SAN FRANCISCO","CA - San Francisco",26,3891091.18,675585.84,611188.04
"SAN GABRIEL VALLEY MEDICAL CENTER","SAN GABRIEL","CA - Los Angeles",33.25,4705608.05,673792.68,626046.51
"HARDIN MEMORIAL HOSPITAL","ELIZABETHTOWN","KY - Louisville",50.5747126436782,1393640.18,672909.58,586399.47
"NORTHSIDE HOSPITAL","SAINT PETERSBUR","FL - St. Petersburg",33.0769230769231,5513844.92,672907.6,582509.75
"MEDCENTRAL HEALTH SYSTEM","MANSFIELD","OH - Columbus",47.2352941176471,1851727.61,672700.29,584205.65
"MCKAY DEE HOSPITAL CENTER","OGDEN","UT - Ogden",35.4722222222222,1752823.9,671625.27,548235.25
"SOUTHERN REGIONAL MEDICAL CENTER","RIVERDALE","GA - Atlanta",37.8955223880597,2158310.35,671445.06,598239.63
"IREDELL MEMORIAL HOSPITAL INC","STATESVILLE","NC - Winston-Salem",40.4303797468354,2601038.16,670703.45,565846.98
"HEMET VALLEY MEDICAL CENTER","HEMET","CA - San Bernardino",37.2063492063492,2444747.17,670378.5,618195.55
"GATEWAY MEDICAL CENTER","CLARKSVILLE","TN - Nashville",43.0641025641026,2976455.71,669426.09,580510.96
"MAIN LINE HOSPITAL PAOLI","PAOLI","PA - Philadelphia",40.5189873417722,4132879.25,669311.91,546216.88
"SAINT FRANCIS MEMORIAL HOSPITAL","SAN FRANCISCO","CA - San Francisco",23.2954545454545,3990679.68,669121.82,626870.48
"MERCY HOSPITAL","BUFFALO","NY - Buffalo",34.2837837837838,1518191.56,668695.38,589268.98
"GLENWOOD REGIONAL MEDICAL CENTER","WEST MONROE","LA - Monroe",42.2771084337349,3337210.96,668085.68,588492.76
"HAYS MEDICAL CENTER","HAYS","KS - Wichita",25.9818181818182,2391967.24,666967.3,606099.82
"ROBERT WOOD JOHNSON UNIVERSITY HOSPITAL AT RAHWAY","RAHWAY","NJ - Newark",36.2816901408451,6333651.83,666924.43,572276.24
"METHODIST WILLOWBROOK HOSPITAL","HOUSTON","TX - Houston",31.5131578947368,3929760.76,666837.08,594245.57
"NEWTON MEMORIAL HOSPITAL","NEWTON","NJ - Morristown",39.4444444444444,5187143.1,666781.69,581372.29
"CHRISTUS ST PATRICK HOSPITAL","LAKE CHARLES","LA - Lake Charles",33.7260273972603,3122998.96,666327.04,507505.64
"STURDY MEMORIAL HOSPITAL","ATTLEBORO","RI - Providence",35.4782608695652,1145447.54,666138.5,553166.32
"DOCTORS MEDICAL CENTER-SAN PABLO","SAN PABLO","CA - San Francisco",29.5576923076923,3784366.25,665963.49,624940.18
"FIRELANDS REGIONAL MEDICAL CENTER","SANDUSKY","OH - Cleveland",38.3717948717949,2001679.46,665873.14,555900.23
"CLEVELAND REGIONAL MEDICAL CENTER","SHELBY","NC - Charlotte",45.4078947368421,1853258.76,664911.8,586942.32
"SAMARITAN MEDICAL CENTER","WATERTOWN","NY - Syracuse",32.1666666666667,1283320.03,664591.37,607116.27
"MOUNTAIN VIEW REGIONAL MEDICAL CENTER","LAS CRUCES","TX - El Paso",28.6133333333333,2640021.18,663986.77,592307.55
"BEAUMONT HOSPITAL, GROSSE POINTE","GROSSE POINTE","MI - Detroit",44.9367088607595,1675744.53,663775.84,580670.76
"OAKWOOD SOUTHSHORE MEDICAL CENTER","TRENTON","MI - Dearborn",39.6376811594203,1956333.53,663632.8,597785.63
"FORT WALTON BEACH MEDICAL CENTER","FORT WALTON BEA","FL - Pensacola",39.7857142857143,5937936.71,663510.27,550563.81
"TRMC OF ORANGEBURG & CALHOUN","ORANGEBURG","SC - Columbia",43.265625,2410898.69,663497.97,589620.42
"JORDAN HOSPITAL INC","PLYMOUTH","MA - Boston",49,1164215.2,662853.06,583474.43
"UPMC PASSAVANT","PITTSBURGH","PA - Pittsburgh",35.9885057471264,2935104.26,661789.64,542605.28
"ST MARKS HOSPITAL","SALT LAKE CITY","UT - Salt Lake City",35.4,2197909.33,661424.56,517049.73
"NEWTON-WELLESLEY HOSPITAL","NEWTON","MA - Boston",47.1038961038961,2025194.66,661045.4,590683.49
"TEXAS HEALTH PRESBYTERIAN HOSPITAL-WNJ","SHERMAN","TX - Dallas",37.24,2833422.84,660898.35,576010.85
"GADSDEN REGIONAL MEDICAL CENTER","GADSDEN","AL - Birmingham",42.4177215189873,6558368.46,660793.78,560740.23
"KINGWOOD MEDICAL CENTER","KINGWOOD","TX - Houston",34.6901408450704,4529878.85,660694.96,557903.76
"ATRIUM MEDICAL CENTER","FRANKLIN","OH - Kettering",35.7916666666667,3184969.55,660501.33,580600.53
"METHODIST HOSPITAL OF SACRAMENTO","SACRAMENTO","CA - Sacramento",34.7872340425532,2985393.78,660297.76,584722.81
"CAROLINAS MEDICAL CENTER-UNION","MONROE","NC - Charlotte",42.0714285714286,1253180.52,659784.38,569797.09
"KNAPP MEDICAL CENTER","WESLACO","TX - Harlingen",36.169014084507,1796966.9,659388.61,596558
"CABELL-HUNTINGTON HOSPITAL INC","HUNTINGTON","WV - Huntington",36.875,1570447.34,658947.04,582955.04
"GRANDVIEW HOSPITAL & MEDICAL CENTER","DAYTON","OH - Dayton",32.327868852459,2664975.81,658475.18,573227.46
"CARONDELET ST  MARYS HOSPITAL","TUCSON","AZ - Tucson",29.0833333333333,2521471.75,657825.14,584746.37
"MERCY HOSPITAL","BAKERSFIELD","CA - Bakersfield",27.5762711864407,3715363.65,657192.47,589877.46
"OUR LADY OF LOURDES REGIONAL MEDICAL CENTER, INC","LAFAYETTE","LA - Lafayette",37.0126582278481,2006871.25,656888.97,553711.28
"BRONSON BATTLE CREEK HOSPITAL","BATTLE CREEK","MI - Kalamazoo",44.3125,1561086.83,656727.12,565586.9
"ROSE MEDICAL CENTER","DENVER","CO - Denver",29.21875,3329797.96,655460.41,555320.96
"CENTURA HEALTH-ST ANTHONY HOSPITAL","LAKEWOOD","CO - Denver",27.4333333333333,3616220.6,654913.46,578893.99
"NORTHWEST HOSPITAL","SEATTLE","WA - Seattle",33.6811594202899,2439775.32,654851.65,572589.85
"WEST SUBURBAN MEDICAL CENTER","OAK PARK","IL - Melrose Park",28.4426229508197,2118562.12,654673.39,597044.89
"OUR LADY OF LOURDES MEMORIAL HOSPITAL, INC","BINGHAMTON","NY - Binghamton",41.1153846153846,1373759.19,654235.9,587298.44
"VALLEYCARE MEDICAL CENTER","PLEASANTON","CA - Alameda County",27.66,4525172.15,654052.22,590995.28
"WESLEY MEDICAL CENTER","HATTIESBURG","MS - Hattiesburg",36.2777777777778,3415726.34,652399.61,574015.69
"PROVENA COVENANT MEDICAL CENTER- URBANA","URBANA","IL - Urbana",31.8571428571429,2798531.41,651919.04,551399.61
"ST MARY MEDICAL CENTER","LONG BEACH","CA - Los Angeles",26.936170212766,2893023.27,651058.38,605141.92
"WILSON MEDICAL CENTER","WILSON","NC - Raleigh",42.1466666666667,2107192.42,650427.31,584127.26
"GARDEN GROVE HOSPITAL & MEDICAL CENTER","GARDEN GROVE","CA - Orange County",25.9268292682927,2455676.72,650258.64,613992.28
"JEFFERSON REGIONAL MEDICAL CENTER","CRYSTAL CITY","MO - St. Louis",40.8953488372093,1539908.78,649296.7,575341.74
"PARRISH MEDICAL CENTER","TITUSVILLE","FL - Orlando",31.7638888888889,2150860.71,649191.91,548270.08
"MERCY HLTH SYS CORP","JANESVILLE","WI - Madison",35.7466666666667,2113370.72,647436.58,560411.34
"ST FRANCIS COMMUNITY HOSPITAL","FEDERAL WAY","WA - Seattle",33.2089552238806,2649057.68,647226.38,469443.16
"PHELPS COUNTY REGIONAL MEDICAL CENTER","ROLLA","MO - St. Louis",31.765625,1888301.21,647222.02,573289.12
"PEACE RIVER REGIONAL MEDICAL CENTER","PORT CHARLOTTE","FL - Fort Myers",35.1756756756757,3595727.73,647160.73,575244.16
"MARTHA JEFFERSON HOSPITAL","CHARLOTTESVILLE","VA - Charlottesville",45.9655172413793,1457658.25,646196.76,548801.24
"HENRY MAYO NEWHALL MEMORIAL HOSPITAL","VALENCIA","CA - Los Angeles",29.1803278688525,5375605.13,646193.05,576188.26
"QUEENS HOSPITAL CENTER","JAMAICA","NY - East Long Island",24.7441860465116,675744.07,645990.65,609886.84
"METHODIST MEDICAL CENTER OF OAK RIDGE","OAK RIDGE","TN - Knoxville",45.32,2067986.48,645262.12,538033.85
"OLATHE MEDICAL CENTER","OLATHE","MO - Kansas City",36.1707317073171,2302657.01,644827.4,545251.98
"ST LUKE'S HOSPITAL","MAUMEE","OH - Toledo",39.9625,1809152.33,644524.92,569727.85
"CAPE REGIONAL MEDICAL CENTER INC","CAPE MAY COURT","NJ - Camden",47.7820512820513,2156312.32,643981.99,574157.95
"MAINE GENERAL MEDICAL CENTER","AUGUSTA","ME - Portland",44.8082191780822,1696396.79,643784.32,571389.41
"LODI MEMORIAL HOSPITAL","LODI","CA - Sacramento",35.1692307692308,6824554.57,642980.46,584503.46
"ST LUKE'S WARREN HOSPITAL","PHILLIPSBURG","PA - Allentown",34.9402985074627,4304693.19,642838.06,580937.39
"MEDCENTER ONE","BISMARCK","ND - Bismarck",30.2903225806452,1080192.28,642648.02,579287.98
"VHS BROWNSVILLE HOSPITAL COMPANY, LLC","BROWNSVILLE","TX - Harlingen",28.7454545454545,4007684.12,642241.57,587246.94
"ST TAMMANY PARISH HOSPITAL","COVINGTON","LA - Metairie",32.3866666666667,3461445.69,642046.02,541306.26
"NORTH CYPRESS MEDICAL CENTER","CYPRESS","TX - Houston",36.1818181818182,5283477.66,641817.98,505274.11
"OKLAHOMA STATE UNIVERSITY MEDICAL CENTER","TULSA","OK - Tulsa",24.7962962962963,1802358.99,641461.46,545460.69
"LIBERTY HOSPITAL","LIBERTY","MO - Kansas City",45.816091954023,2133116.53,641436.35,555337.84
"BANNER BAYWOOD MEDICAL CENTER","MESA","AZ - Mesa",69.6875,2770550.96,641059.96,557352.93
"WHITE RIVER MEDICAL CENTER","BATESVILLE","AR - Little Rock",38.0810810810811,2104011.22,640368.83,553529.76
"PROVIDENCE MEDICAL CENTER","KANSAS CITY","MO - Kansas City",29.695652173913,2574168.39,640172.77,571446.26
"MERCY MEDICAL CENTER-SIOUX CITY","SIOUX CITY","IA - Sioux City",35.4675324675325,2048233.59,639987.61,545294.53
"MEDICAL CENTER OF TRINITY","TRINITY","FL - Hudson",37.8170731707317,5264845.34,639814.36,548911.48
"BAY AREA HOSPITAL","COOS BAY","OR - Eugene",32.7333333333333,1480673.03,639663.88,560531.21
"SAINT MARY'S REGIONAL MEDICAL CENTER","RENO","NV - Reno",30.4545454545455,2779530.51,639524.31,529480.68
"ST ELIZABETH HOSPITAL","BELLEVILLE","MO - St. Louis",37.8421052631579,2055186.71,639425.47,564800.32
"RIVER REGION HEALTH SYSTEM","VICKSBURG","MS - Jackson",36.3698630136986,3508831.08,639057.69,549744.81
"DOCTORS HOSPITAL","COLUMBUS","OH - Columbus",32.1186440677966,1914435.37,636926.62,568256.2
"ST JOSEPH'S MEDICAL CENTER","YONKERS","NY - White Plains",28.2884615384615,727040.25,636847.66,589283.03
"ALAMANCE REGIONAL MEDICAL CENTER","BURLINGTON","NC - Durham",39.0540540540541,1245185.84,636671.38,560153.27
"HOLY FAMILY HOSPITAL","METHUEN","MA - Boston",42.0675675675676,1271773.75,636612.64,572257.2
"LEGACY EMANUEL MEDICAL CENTER","PORTLAND","OR - Portland",18.5952380952381,1762216.3,635714.96,579251.23
"HEALTHEAST ST JOHN'S HOSPITAL","MAPLEWOOD","MN - St. Paul",35.7066666666667,1941516.66,635522.43,545074.42
"SSM ST CLARE HEALTH CENTER","FENTON","MO - St. Louis",38.2278481012658,2351643.17,633213.23,547936.12
"PROVENA - SAINT JOSEPH HOSPITAL","ELGIN","IL - Elgin",32.84375,3261872.31,633162.75,509869.38
"WHITE COUNTY MEDICAL CENTER","SEARCY","AR - Little Rock",55.05,1828752.46,632463.39,535880.64
"HOLY REDEEMER HOSPITAL AND MEDICAL CENTER","MEADOWBROOK","PA - Philadelphia",35.7066666666667,5055074.78,632203.98,556774.44
"HUDSON VALLEY HOSPITAL CENTER","CORTLANDT MANOR","NY - White Plains",38.2258064516129,2640848.19,631915.52,565479.24
"ARNOT OGDEN MEDICAL CENTER","ELMIRA","NY - Elmira",39.8666666666667,1546775.01,631352.89,534309.58
"INTERFAITH MEDICAL CENTER","BROOKLYN","NY - Manhattan",22.8181818181818,1202688.33,631190.69,604493.43
"HAZARD ARH REGIONAL MEDICAL CENTER","HAZARD","KY - Lexington",47.1971830985916,2085090.3,630707.72,555624.91
"LOURDES HOSPITAL","PADUCAH","KY - Paducah",44.2988505747126,2181181.84,628596.46,537432.74
"OROVILLE HOSPITAL","OROVILLE","CA - Chico",42.4705882352941,2584006.83,628505.61,571678.87
"BROOKSVILLE REGIONAL HOSPITAL","BROOKSVILLE","FL - Hudson",35.5675675675676,5083794.53,628505.26,538916.08
"NORTHSIDE HOSPITAL FORSYTH","CUMMING","GA - Atlanta",35.8767123287671,3282900.97,628416.96,521714.47
"CAPITAL REGION MEDICAL CENTER","JEFFERSON CITY","MO - Columbia",33.6486486486486,1596826.73,628285.91,550599.02
"MERCY MEMORIAL HEALTH CENTER","ARDMORE","OK - Oklahoma City",34.6857142857143,2006468.99,627786.9,552548.58
"HUNTERDON MEDICAL CENTER","FLEMINGTON","PA - Philadelphia",31.8787878787879,2154483.05,627783.42,565345.59
"RIVERVIEW REGIONAL MEDICAL CENTER","GADSDEN","AL - Birmingham",39.3670886075949,4984443.49,627042.29,538752.52
"KIMBALL MEDICAL CENTER","LAKEWOOD","NJ - Camden",45.1578947368421,4399546.49,627004.52,565160.2
"ST ANTHONY'S HOSPITAL","SAINT PETERSBUR","FL - St. Petersburg",43.6923076923077,2740169.67,626733.65,542078.09
"CITRUS MEMORIAL HOSPITAL","INVERNESS","FL - Ocala",48.3571428571429,3018521.51,626087.22,546741
"WASHINGTON HOSPITAL, THE","WASHINGTON","PA - Pittsburgh",33.9305555555556,1390766.83,625833.94,533844.16
"HAVASU REGIONAL MEDICAL CENTER","LAKE HAVASU CIT","AZ - Phoenix",31.0144927536232,2832568.13,625354.24,531578.72
"GARDEN CITY HOSPITAL","GARDEN CITY","MI - Dearborn",40.7246376811594,1126924.44,624884.11,562300.29
"PHYSICIANS REGIONAL MEDICAL CENTER - PINE RIDGE","NAPLES","FL - Fort Myers",35.2051282051282,3949228.16,624300.34,537830.54
"WEST JEFFERSON MEDICAL CENTER","MARRERO","LA - New Orleans",29.7941176470588,2386204.44,624290.16,539530.19
"SHELBY BAPTIST MEDICAL CENTER","ALABASTER","AL - Birmingham",31.4875,3178250.42,623153.3,525073.52
"FAIRFIELD MEDICAL CENTER","LANCASTER","OH - Columbus",37.425,1516413.85,623107.36,546132.38
"BANNER ESTRELLA MEDICAL CENTER","PHOENIX","AZ - Phoenix",32.546875,2516614.95,622365.75,519301.92
"MERCY MEDICAL CENTER","SPRINGFIELD","MA - Springfield",40.6575342465753,1430827.54,622336.33,552866.23
"AURORA WEST ALLIS MEDICAL CENTER","WEST ALLIS","WI - Milwaukee",38.8026315789474,2268987.66,622091.83,537037.25
"TEXAS HEALTH PRESBYTERIAN HOSPITAL DENTON","DENTON","TX - Dallas",31.0144927536232,2928698.18,621738.73,515021.15
"SEQUOIA HOSPITAL","REDWOOD CITY","CA - San Mateo County",31.9803921568627,5083801.85,620201.26,566866.16
"NEA BAPTIST MEMORIAL HOSPITAL","JONESBORO","AR - Jonesboro",33.9264705882353,2118881.75,620146.18,540017.28
"WHEATON FRANCISCAN HEALTHCARE- ST FRANCIS","MILWAUKEE","WI - Milwaukee",30.6333333333333,1808791.09,620117.45,542312.2
"MEMORIAL HERMANN NORTHEAST","HUMBLE","TX - Houston",30.0625,2011800.86,619104.86,509297.5
"FLOWERS HOSPITAL","DOTHAN","AL - Dothan",41.4177215189873,3535078.97,617288.11,522020.23
"GUNDERSEN LUTH MED CTR","LA CROSSE","WI - La Crosse",32.140625,1526270.82,617178.39,542415.55
"FRANKLIN HOSPITAL","VALLEY STREAM","NY - East Long Island",39,2335732.17,616910.69,541591.92
"EMORY EASTSIDE MEDICAL CENTER","SNELLVILLE","GA - Atlanta",32.5753424657534,3132925.48,616445.98,505928.52
"OAKWOOD ANNAPOLIS HOSPITAL","WAYNE","MI - Ann Arbor",40.6285714285714,1658054.09,616216.08,556832.89
"SAINTS  MEDICAL CENTER INC","LOWELL","MA - Boston",33.231884057971,1029370.99,616185.21,546627.03
"PARIS REGIONAL MEDICAL CENTER","PARIS","TX - Dallas",42.2957746478873,2144781.52,616027.85,537992.83
"SENTARA POTOMAC HOSPITAL","WOODBRIDGE","VA - Arlington",32.4920634920635,1503179.89,615997.27,523316.53
"SONORA REGIONAL MEDICAL CENTER","SONORA","CA - Modesto",30.4565217391304,3214191.71,615167.51,564861.14
"STRAUB CLINIC AND HOSPITAL","HONOLULU","HI - Honolulu",27.3469387755102,2005080.47,614678.43,530858.3
"COMMUNITY HOSPITAL NORTH","INDIANAPOLIS","IN - Indianapolis",40.1666666666667,1869047.47,614405.99,514061.22
"ST JOSEPH HOSPITAL","BETHPAGE","NY - East Long Island",40.4477611940299,2231137.4,612931.96,550669.6
"LAKE REGIONAL HEALTH SYSTEM","OSAGE BEACH","MO - Columbia",34.0294117647059,2045888.8,612718.65,546743.78
"JEFFERSON REGIONAL MEDICAL CENTER","PINE BLUFF","AR - Little Rock",37.7352941176471,2356106.89,611877.65,535407.6
"ST MARYS HOSPITAL","DECATUR","IL - Springfield",34.2786885245902,1760648.81,611592.66,551724.31
"MERCY HEALTH CENTER, INC","OKLAHOMA CITY","OK - Oklahoma City",49.7945205479452,2167910.47,611326.4,536488.49
"GLEN COVE HOSPITAL","GLEN COVE","NY - East Long Island",39.671875,1968203.17,610962.51,524690.79
"PHOENIX BAPTIST HOSPITAL","PHOENIX","AZ - Phoenix",29.3461538461538,2022804.7,610767.8,543003.4
"BON SECOURS - DEPAUL MEDICAL CENTER","NORFOLK","VA - Norfolk",29.046875,1855915.68,610709.25,538185.75
"MEDICAL CENTER OF THE ROCKIES","LOVELAND","CO - Greeley",26.3676470588235,2335839.81,610480.75,511975.42
"GREENWOOD LEFLORE HOSPITAL","GREENWOOD","MS - Jackson",31.7761194029851,1734990.14,609447.16,539809.55
"FLORIDA HOSPITAL ZEPHYRHILLS","ZEPHYRHILLS","FL - Tampa",36.2875,3838373.03,609046.65,526050.86
"TUOMEY HEALTHCARE SYSTEM","SUMTER","SC - Columbia",45.0833333333333,1603780.96,608819.39,535046.04
"FRANCISCAN ST FRANCIS HEALTH - BEECH GROVE","BEECH GROVE","IN - Indianapolis",45.8611111111111,2080540.41,608700.63,531486.33
"COLUMBUS REGIONAL HOSPITAL","COLUMBUS","IN - Indianapolis",36.9583333333333,1457947.18,608652.39,511663.14
"GULF COAST MEDICAL CENTER","PANAMA CITY","FL - Panama City",35.4142857142857,4615413.51,606493.96,520473.45
"SAINT JOSEPH HOSPITAL LONDON","LONDON","KY - Lexington",38.3636363636364,1761110.21,605966.25,533524.22
"BEVERLY HOSPITAL","MONTEBELLO","CA - Los Angeles",28.7692307692308,1330796.05,605541.81,562065.27
"BROTMAN MEDICAL CENTER","CULVER CITY","CA - Los Angeles",40.5,4046968.44,605380.43,557564.25
"UNION HOSPITAL OF CECIL COUNTY","ELKTON","DE - Wilmington",39.2295081967213,642505.49,604580.99,549716.85
"MERCY HOSPITAL INC","MIAMI","FL - Miami",26.8225806451613,2880730.12,604301.95,549355.21
"ST LUKES MAGIC VALLEY RMC","TWIN FALLS","ID - Boise",33.3384615384615,1377272.59,604040.58,531764.97
"DOCTORS HOSPITAL","AUGUSTA","GA - Augusta",30.4166666666667,3576626.93,602966.08,514122.34
"MEDICAL CENTER, THE","COLUMBUS","GA - Columbus",27.5535714285714,1647597.75,602657.55,544077.43
"TRINITY HOSPITALS","MINOT","ND - Minot",31.421875,1302236.8,602579.97,541374.98
"SIERRA VIEW DISTRICT HOSPITAL","PORTERVILLE","CA - Bakersfield",31.0943396226415,2483742.9,602155.77,552721.69
"CARNEY HOSPITAL","BOSTON","MA - Boston",29.6153846153846,685524.62,601949.37,560385.52
"WEST HOUSTON MEDICAL CENTER","HOUSTON","TX - Houston",30.8793103448276,2938088.96,601817.23,539827.49
"FLORIDA HOSPITAL FLAGLER","PALM COAST","FL - Ormond Beach",31.5652173913043,1863427.03,601811.56,522638.88
"RESTON HOSPITAL CENTER","RESTON","VA - Arlington",34.5522388059701,2383272.18,601471.13,486895.34
"UNITY HOSPITAL OF ROCHESTER","ROCHESTER","NY - Rochester",30.6923076923077,1120218.09,601109.95,527018.67
"SPALDING REGIONAL MEDICAL CENTER","GRIFFIN","GA - Atlanta",35.3380281690141,3089300.24,601071.56,530629.15
"BAYONNE HOSPITAL CENTER","BAYONNE","NJ - Newark",31.0833333333333,8846480.04,600762.31,527482.16
"EAST GEORGIA REGIONAL MEDICAL CENTER","STATESBORO","GA - Savannah",30.0845070422535,2306984.95,600284.49,538163.91
"TOMBALL REGIONAL MEDICAL CENTER","TOMBALL","TX - Houston",36.5142857142857,2681756.35,600269.34,524561.52
"UNITED HSPTL SYS","KENOSHA","WI - Milwaukee",38.5,1960602.84,599527.4,516611.4
"PHELPS MEMORIAL HOSPITAL ASSN","SLEEPY HOLLOW","NY - White Plains",33.7017543859649,2147296.56,598798.7,550708.96
"ATLANTA MEDICAL CENTER","ATLANTA","GA - Atlanta",23.1086956521739,3348014.52,598051.63,544991.81
"TEXAS HEALTH HARRIS METHODIST HURST-EULESS-BEDFORD","BEDFORD","TX - Fort Worth",34.7671232876712,2561840.98,598022.11,505481.26
"SOUTH POINTE HOSPITAL","WARRENSVILLE HE","OH - Cleveland",38.1014492753623,1896499.79,597746.57,530415.75
"HOLY CROSS HOSPITAL","CHICAGO","IL - Chicago",39.4925373134328,1845799.3,597686.89,527885.38
"HEART OF FLORIDA REGIONAL MEDICAL CENTER","DAVENPORT","FL - Orlando",38.6756756756757,4034147.28,597677,521502.12
"PALI MOMI MEDICAL CENTER","AIEA","HI - Honolulu",26.56,1877376.65,597629.85,501359.91
"BLOUNT MEMORIAL HOSPITAL","MARYVILLE","TN - Knoxville",42.925,2449844.14,597403.4,505857.16
"ELKHART GENERAL HOSPITAL","ELKHART","IN - South Bend",46.6842105263158,1876589.95,596763.27,471372.88
"GOOD SAMARITAN REGIONAL HLTH CENTER","MOUNT VERNON","MO - St. Louis",32.472972972973,1673410.51,596591.97,514170.04
"EXCELA HEALTH WESTMORELAND REGIONAL HOSPITAL","GREENSBURG","PA - Pittsburgh",38.2625,1674215.18,596575.1,490966.14
"MERCY HOSPITAL ANDERSON","CINCINNATI","OH - Cincinnati",38.7945205479452,1653892.82,595949.18,475470.79
"BAXTER REGIONAL MEDICAL CENTER","MOUNTAIN HOME","MO - Springfield",48.1111111111111,1433111.72,595451.94,519558.44
"NORTHWEST MEDICAL CENTER","MARGATE","FL - Fort Lauderdale",33.2253521126761,4261373.23,595407.85,514339.16
"MERCY MEDICAL CENTER - CEDAR RAPIDS","CEDAR RAPIDS","IA - Cedar Rapids",37.725,1925826.13,595396.93,513995.87
"TERRE HAUTE REGIONAL HOSPITAL","TERRE HAUTE","IN - Terre Haute",27.2380952380952,2779825.85,595145.38,521443.28
"BAYLOR REGIONAL MEDICAL CENTER AT GRAPEVINE","GRAPEVINE","TX - Dallas",33.6619718309859,2376788.71,593954.35,493442.48
"DELNOR COMMUNITY HOSPITAL","GENEVA","IL - Melrose Park",32.7594936708861,3083618.24,592906.12,523305.3
"EAST ORANGE GENERAL HOSPITAL","EAST ORANGE","NJ - Newark",41.1090909090909,3237205.21,592338.91,543775.18
"DES PERES HOSPITAL","SAINT LOUIS","MO - St. Louis",32.3030303030303,3189153.21,591300.41,525800.27
"UPMC MCKEESPORT","MC KEESPORT","PA - Pittsburgh",30.28125,1493459.9,591027.82,523308.96
"INOVA LOUDOUN HOSPITAL","LEESBURG","VA - Arlington",33.2857142857143,1648663.72,590619.15,505827.15
"FRANCISCAN ST ANTHONY HEALTH - MICHIGAN CITY","MICHIGAN CITY","IN - Gary",32.5492957746479,1801133.01,588816.79,494086.66
"HEALTH CENTRAL","OCOEE","FL - Orlando",32.6805555555556,2415662.58,588696.87,515446.35
"TANNER MEDICAL CENTER - CARROLLTON","CARROLLTON","GA - Atlanta",31.5245901639344,1783648.37,588429.71,497039.37
"WADLEY REGIONAL MEDICAL CENTER","TEXARKANA","AR - Texarkana",27.453125,2180264.05,586980.17,524547.54
"WENTWORTH-DOUGLASS HOSPITAL","DOVER","ME - Portland",31.1142857142857,1921398.1,586937.23,505837.97
"ST ALEXIUS MEDICAL CENTER","BISMARCK","ND - Bismarck",37.4166666666667,1361967.18,586283.84,507982.6
"DELTA REGIONAL MEDICAL CENTER","GREENVILLE","TN - Memphis",32.5555555555556,1583051.39,585153.31,526463.78
"COMMUNITY HOSPITAL SOUTH","INDIANAPOLIS","IN - Indianapolis",34.0597014925373,1999299.28,584995.88,502774.54
"SWEDISH EDMONDS HOSPITAL","EDMONDS","WA - Seattle",33.3934426229508,2185439.59,584901.87,505551.43
"PORTSMOUTH REGIONAL HOSPITAL","PORTSMOUTH","NH - Manchester",28.3846153846154,2469271.87,583502.78,502883.04
"ROCKDALE MEDICAL CENTER","CONYERS","GA - Atlanta",30.4354838709677,1739564.55,583213.14,525966.64
"SKYRIDGE MEDICAL CENTER","CLEVELAND","TN - Chattanooga",43.2025316455696,3226527.86,582779.92,507063.44
"CITIZENS MEDICAL CENTER","VICTORIA","TX - Victoria",36.2077922077922,2463970.91,582221.76,474397.61
"ROWAN REGIONAL MEDICAL CENTER","SALISBURY","NC - Charlotte",38.4428571428571,1665896.62,581813.77,506140.6
"MARY GREELEY MEDICAL CENTER","AMES","IA - Des Moines",33.9078947368421,1783562.5,581787.92,511901
"BROMENN HEALTHCARE","NORMAL","IL - Bloomington",32.7164179104478,1785459.37,580333.32,492021.45
"BAPTIST MEM HOSP/GOLDEN TRIANGLE INC","COLUMBUS","MS - Tupelo",28.5645161290323,1702808.84,580105.87,506633.02
"FRANCISCAN ST ELIZABETH HEALTH - LAFAYETTE EAST","LAFAYETTE","IN - Lafayette",34.9473684210526,2216207.27,579745.21,511391.58
"REGIONAL MEDICAL CENTER OF HOPKINS COUNTY","MADISONVILLE","KY - Paducah",33.0151515151515,1512807.78,579733.21,501335.96
"HENRY FORD WEST BLOOMFIELD HOSPITAL","W BLOOMFIELD","MI - Royal Oak",34.6891891891892,1884441.69,579302.59,498705.3
"FAIRBANKS MEMORIAL HOSPITAL","FAIRBANKS","AK - Anchorage",22.7586206896552,1014418.04,579016.69,535245.18
"PALM SPRINGS GENERAL HOSPITAL","HIALEAH","FL - Miami",36.1935483870968,1758152.02,578493.51,530294.74
"MARSHALL MEDICAL CENTER (1-RH)","PLACERVILLE","CA - Sacramento",31.1538461538462,4103795.9,578487.89,513632.37
"SCRIPPS GREEN HOSPITAL","LA JOLLA","CA - San Diego",43.0416666666667,2885716.58,578155.59,499195.71
"BON SECOURS - ST FRANCIS MEDICAL CENTER","MIDLOTHIAN","VA - Richmond",33.741935483871,2218062.4,578120.48,500650.15
"CENTRAL FLORIDA REGIONAL HOSPITAL","SANFORD","FL - Orlando",33.2394366197183,3002441.06,578068.04,494515.01
"MAGNOLIA REGIONAL HEALTH CENTER","CORINTH","TN - Memphis",39.2162162162162,2582556.52,578058.3,506880.04
"WESTSIDE REGIONAL MEDICAL CENTER","PLANTATION","FL - Fort Lauderdale",32.4415584415584,4167684.04,577671.83,483207.97
"KECK HOSPITAL OF USC","LOS ANGELES","CA - Los Angeles",24.4857142857143,3476596.92,577670.44,536477.45
"BON SECOURS-ST FRANCIS XAVIER HOSPITAL","CHARLESTON","SC - Charleston",31.5901639344262,2152717.44,577233.72,500887.52
"MCLAREN OAKLAND","PONTIAC","MI - Pontiac",26.7777777777778,1069825.53,577161.72,537088.01
"THIBODAUX REGIONAL MEDICAL CENTER","THIBODAUX","LA - Houma",31.9710144927536,2212410.53,577071.93,479754.06
"LSU HEALTH SCIENCES CENTER - SHREVEPORT","SHREVEPORT","LA - Shreveport",25.3333333333333,819216.93,576416.99,532853.33
"WINCHESTER HOSPITAL","WINCHESTER","MA - Boston",48.5921052631579,797695.02,576400.52,506492.13
"REGIONAL HOSPITAL OF JACKSON","JACKSON","TN - Jackson",36.5967741935484,3211684.15,575934.77,501629.53
"PRINCE WILLIAM HOSPITAL","MANASSAS","VA - Arlington",31.1470588235294,1339664.35,575549.91,498701.21
"HUTCHINSON REGIONAL MEDICAL CENTER INC","HUTCHINSON","KS - Wichita",34.9253731343284,1758894.68,575237.71,497962.76
"FRANCISCAN ST MARGARET HEALTH - DYER","DYER","IN - Munster",34.3731343283582,2072306.68,575008.2,489794.95
"PROVIDENCE HOLY FAMILY HOSPITAL","SPOKANE","WA - Spokane",36.7213114754098,1721948.73,574954.56,500135.07
"LAKE CHARLES MEMORIAL HOSPITAL","LAKE CHARLES","LA - Lake Charles",36.375,2339931.36,574894.14,486419.83
"PALMDALE REGIONAL MEDICAL CENTER","PALMDALE","CA - Los Angeles",26.9821428571429,3274688.9,574480.1,523333.83
"ST CLAIR MEMORIAL HOSPITAL","PITTSBURGH","PA - Pittsburgh",36.6052631578947,1827485.27,571697.3,471022.9
"CENTRAL MISSISSIPPI MEDICAL CENTER","JACKSON","MS - Jackson",27.5438596491228,3460194.39,571162.33,493500.26
"CALVERT MEMORIAL HOSPITAL","PRINCE FREDERIC","DC - Washington",36.9354838709677,605009.2,570527.86,507221.91
"WOODHULL MEDICAL AND MENTAL HEALTH CENTER","BROOKLYN","NY - Manhattan",22.4705882352941,635113.78,570206.16,541997.75
"CAPITAL REGIONAL MEDICAL CENTER","TALLAHASSEE","FL - Tallahassee",41.7972972972973,2956563.79,568933.98,473878.06
"MILFORD REGIONAL MEDICAL CENTER","MILFORD","MA - Boston",40.7183098591549,1203316.92,568701.69,505999.21
"HUGULEY HEALTH SYSTEM","FORT WORTH","TX - Fort Worth",33,2936673.03,568027.82,495928.71
"ST FRANCIS HOSPITAL","POUGHKEEPSIE","NY - Albany",27.1206896551724,2066363.97,567474.85,508071.06
"WAKEMED, CARY HOSPITAL","CARY","NC - Raleigh",35.6438356164384,2288405.11,567342.84,489601.38
"TRINITY MEDICAL CTR EAST&TRINITY MEDICAL CTR WEST","STEUBENVILLE","PA - Pittsburgh",39.6,1258104.69,567243.48,497912.81
"GOOD SAMARITAN MEDICAL CENTER","WEST PALM BEACH","FL - Fort Lauderdale",31.1594202898551,2951602.19,567123.46,498125.29
"MEMORIAL HOSPITAL OF RHODE ISLAND","PAWTUCKET","RI - Providence",29.84,1262076.95,567012.76,502911.78
"DOCTORS HOSPITAL OF SARASOTA","SARASOTA","FL - Sarasota",37.463768115942,3768486.11,566990.48,478209.41
"NAZARETH HOSPITAL","PHILADELPHIA","PA - Philadelphia",37.6376811594203,3072335.13,566020.21,497634.12
"VERDE VALLEY MEDICAL CENTER","COTTONWOOD","AZ - Phoenix",26.219512195122,2361882.68,565602.79,509664.04
"SOUTHERN OCEAN MEDICAL CENTER","MANAHAWKIN","NJ - Camden",35.4788732394366,2843823.9,565505.6,500839.04
"FLORIDA HOSPITAL FISH MEMORIAL","ORANGE CITY","FL - Orlando",35.2753623188406,2121443.16,565431.29,487828.49
"MANCHESTER MEMORIAL HOSPITAL","MANCHESTER","CT - Hartford",32.1694915254237,1383734.23,565166.48,491256.46
"WESTERN ARIZONA REGIONAL MEDICAL CTR","BULLHEAD CITY","NV - Las Vegas",31.952380952381,4949950.46,565119.28,476491.45
"CRESTWOOD MEDICAL CENTER","HUNTSVILLE","AL - Huntsville",38.88,3560766.54,564758.24,440987.61
"TOURO INFIRMARY","NEW ORLEANS","LA - New Orleans",29.8928571428571,2639690.05,564497.58,503037.54
"CATAWBA VALLEY MEDICAL CENTER","HICKORY","NC - Hickory",32.1896551724138,1711584.31,564214.87,497624.12
"ESSENTIA HEALTH-FARGO","FARGO","ND - Fargo/Moorhead MN",26.5645161290323,1372290.41,563427.28,509456.76
"PROVENA MERCY MEDICAL CENTER","AURORA","IL - Aurora",29.3770491803279,2915737.97,561789.26,475987.4
"UNIVERSITY HEALTH SYSTEM","SAN ANTONIO","TX - San Antonio",20.5714285714286,1120180.98,561356.87,520570.14
"HERITAGE VALLEY BEAVER","BEAVER","PA - Pittsburgh",32.6197183098592,1165864.58,560770.06,481794.67
"FRANCISCAN ST FRANCIS HEALTH - INDIANAPOLIS","INDIANAPOLIS","IN - Indianapolis",36.2380952380952,1932595.86,560292.85,482619.38
"ST PATRICK HOSPITAL","MISSOULA","MT - Missoula",33.5737704918033,1577437.89,559858.06,478523.28
"EXETER HOSPITAL INC","EXETER","NH - Manchester",32.5820895522388,1639688.49,559853.23,467171.78
"MORTON HOSPITAL","TAUNTON","MA - Boston",40.0714285714286,715665.12,559339.48,498264.67
"SHERMAN OAKS HOSPITAL","SHERMAN OAKS","CA - Los Angeles",26.7843137254902,2160452.59,559099.81,509876.58
"RIDDLE MEMORIAL HOSPITAL","MEDIA","PA - Philadelphia",43.2285714285714,4300922.99,558882.23,475648.15
"BEAUFORT COUNTY MEMORIAL HOSPITAL","BEAUFORT","GA - Savannah",33.5072463768116,1708349.26,558677.33,499870.65
"MEMORIAL HEALTH SYSTEM OF EAST TEXAS- LUFKIN","LUFKIN","TX - Houston",32.6835443037975,3954820.75,557586.64,475603.14
"PLANTATION GENERAL HOSPITAL","PLANTATION","FL - Fort Lauderdale",26.140350877193,3350479.8,556919.02,504232.14
"CHARLOTTE REGIONAL MEDICAL CENTER","PUNTA GORDA","FL - Fort Myers",44.1168831168831,3416309.81,556186.81,475202.62
"ST VINCENT HSPTL","GREEN BAY","WI - Green Bay",26.5,1518454.86,556160.33,465964.25
"YAKIMA REGIONAL MEDICAL AND CARDIAC CENTER","YAKIMA","WA - Yakima",30.9672131147541,2087045.33,555894.99,461845.17
"ST CATHERINE HOSPITAL INC","EAST CHICAGO","IN - Munster",30.5873015873016,1370155.19,554898.48,493901.67
"JEFFERSON REGIONAL MEDICAL CENTER","PITTSBURGH","PA - Pittsburgh",35.1923076923077,1371737.13,554438.59,481930
"CHARLOTTE HUNGERFORD HOSPITAL","TORRINGTON","CT - Hartford",34.45,863283.11,553945.43,483076.46
"WEST ANAHEIM MEDICAL CENTER","ANAHEIM","CA - Orange County",31.9811320754717,2605499.32,553795.21,486858.56
"SAINT MARY'S HOSPITAL","LEONARDTOWN","DC - Washington",36.3283582089552,588619.64,553697.31,499922.77
"MARGARET R PARDEE MEMORIAL HOSPITAL","HENDERSONVILLE","NC - Asheville",38.9722222222222,1335797.95,552958.12,489083.01
"NORTH HILLS HOSPITAL","NORTH RICHLAND","TX - Fort Worth",28.90625,3371265.99,552854.18,433852.24
"SKY LAKES MEDICAL CENTER","KLAMATH FALLS","OR - Medford",28.1063829787234,1523039.99,552746.97,499145.93
"DOCTORS HOSPITAL OF LAREDO","LAREDO","TX - San Antonio",28.8148148148148,2160711.84,551325.21,496511.67
"LOS ALAMITOS MEDICAL CENTER","LOS ALAMITOS","CA - Orange County",29.5333333333333,4904164.24,551048.1,481301.65
"JOHN C LINCOLN DEER VALLEY HOSPITAL","PHOENIX","AZ - Phoenix",27.6363636363636,2476105.31,550812.53,473347.85
"NANTICOKE MEMORIAL HOSPITAL","SEAFORD","MD - Salisbury",32.3461538461538,1054855.69,550425.37,499706.28
"NATIONAL PARK MEDICAL CENTER","HOT SPRINGS","AR - Little Rock",27.0847457627119,3918918.66,549031.46,494444.21
"POMERADO HOSPITAL","POWAY","CA - San Diego",27.6078431372549,2758850,547238.57,483759.87
"NORTH OKALOOSA MEDICAL CENTER","CRESTVIEW","FL - Pensacola",32.7857142857143,3802467.25,547019.37,409253.47
"LOURDES MEDICAL CENTER OF BURLINGTON COUNTY","WILLINGBORO","NJ - Camden",32.03125,5138996.66,546641.7,477928.99
"NORTHERN WESTCHESTER HOSPITAL","MOUNT KISCO","NY - White Plains",37.1803278688525,1454173.28,546443.43,472793.88
"HIGHLINE MEDICAL CENTER","BURIEN","WA - Seattle",28.8679245283019,1926875.53,545781.48,487602.52
"ATLANTIC GENERAL HOSPITAL","BERLIN","MD - Salisbury",29.1694915254237,578972.3,545533.08,482039.05
"SALINA REGIONAL HEALTH CENTER","SALINA","KS - Wichita",28.8571428571429,1848224.98,545499.32,480901.42
"HIGHLAND HOSPITAL","ROCHESTER","NY - Rochester",36.15,821786.18,545327.48,445212.55
"LENOIR MEMORIAL HOSPITAL","KINSTON","NC - Greenville",46.0769230769231,1238362.9,544710.03,483225.36
"SOUTHCREST HOSPITAL","TULSA","OK - Tulsa",27.5333333333333,2640988.91,542956.42,458981.39
"SUMMIT MEDICAL CENTER","HERMITAGE","TN - Nashville",35.9692307692308,2546260.51,542661.22,447656.23
"ALASKA NATIVE MEDICAL CENTER","ANCHORAGE","AK - Anchorage",22.7878787878788,835810.4,542582.51,512669.86
"DUBOIS REGIONAL MEDICAL CENTER","DUBOIS","PA - Pittsburgh",30.9193548387097,1120922,541314.09,482144.02
"INOVA FAIR OAKS HOSPITAL","FAIRFAX","VA - Arlington",36.5555555555556,1331609.55,540999.51,446784.8
"CAPITAL HEALTH MEDICAL CENTER - HOPEWELL","PENNINGTON","PA - Philadelphia",25.06,4774212.98,540390.67,479387.53
"ST JOSEPH MEDICAL CENTER","HOUSTON","TX - Houston",22.8478260869565,2088389.32,540332.33,493879.33
"MEMORIAL HOSPITAL OF MARTINSVILLE & HENRY COUNTY","MARTINSVILLE","NC - Durham",35.0428571428571,1790006.26,539903.22,446469.43
"NORTHSIDE MEDICAL CENTER","YOUNGSTOWN","OH - Youngstown",31.7818181818182,2167444.29,539855.08,487768.44
"DETAR HOSPITAL NAVARRO","VICTORIA","TX - Victoria",32.304347826087,3338321.63,539721.27,470031.57
"REGIONAL WEST MEDICAL CENTER","SCOTTSBLUFF","CO - Denver",28.3636363636364,1558015.97,539524.57,465192.04
"ST LUKE'S THE WOODLANDS HOSPITAL","THE WOODLANDS","TX - Houston",25.5471698113208,2307578.28,539287.91,400688.79
"PARADISE VALLEY HOSPITAL","NATIONAL CITY","CA - San Diego",68.4782608695652,1730578.98,538864.06,502407.13
"HAZLETON GENERAL HOSPITAL","HAZLETON","PA - Allentown",41.6666666666667,2072600.42,538663.95,487030.51
"GRAND VIEW HOSPITAL","SELLERSVILLE","PA - Allentown",31.3492063492063,2566138.54,538324.45,455552.7
"POTTSTOWN MEMORIAL MEDICAL CENTER","POTTSTOWN","PA - Reading",34.1549295774648,4440697.45,536389.77,459576.48
"SIMI VALLEY HOSPITAL & HEALTH CARE SERVICES","SIMI VALLEY","CA - Ventura",25,3287058.58,536210.39,483033.85
"SENTARA OBICI HOSPITAL","SUFFOLK","VA - Norfolk",36.9714285714286,1709217.57,536156.3,449473.09
"SENTARA WILLIAMSBURG REGIONAL MEDICAL CENTER","WILLIAMSBURG","VA - Newport News",35.9358974358974,1766106.24,535089.13,439450.77
"SEVEN RIVERS REGIONAL MEDICAL CENTER","CRYSTAL RIVER","FL - Ocala",36.1486486486486,2775858.24,534426.62,469361.19
"ST MARYS HEALTH CENTER","JEFFERSON CITY","MO - Columbia",38.0526315789474,1881082.82,533143.98,453422.66
"CORONA REGIONAL MEDICAL CENTER","CORONA","CA - Orange County",25.72,2183792.79,531940.18,485636.04
"ALBEMARLE HOSPITAL AUTHORITY","ELIZABETH CITY","VA - Norfolk",33.0178571428571,1320328.8,531459.06,475857.21
"PEACHEALTH ST JOHN MEDICAL CENTER","LONGVIEW","OR - Portland",33.1034482758621,1451645.03,531418.65,467330.66
"CENTURA HEALTH-PORTER ADVENTIST HOSPITAL","DENVER","CO - Denver",29.3103448275862,2699965.01,530479.11,453180.52
"OCONEE MEDICAL CENTER","SENECA","SC - Greenville",40.5217391304348,1805059.82,527723.49,459678.26
"BROWARD HEALTH NORTH BROWARD MEDICAL CENTER","POMPANO BEACH","FL - Fort Lauderdale",32.1639344262295,2129441.73,527414.39,458517.54
"MISSION COMMUNITY HOSPITAL - PANORAMA","PANORAMA CITY","CA - Los Angeles",50.0243902439024,1130048.97,527112.06,496283.52
"CHESTER COUNTY HOSPITAL","WEST CHESTER","PA - Philadelphia",42.6231884057971,2012219.87,526355.9,457167.93
"MOSES TAYLOR HOSPITAL","SCRANTON","PA - Scranton",33.0806451612903,2065677.19,525507.68,469045.76
"CENTURA HEALTH-LITTLETON ADVENTIST HOSPITAL","LITTLETON","CO - Denver",27.5,3492650.42,525421.47,454379.91
"UNITY HOSPITAL","FRIDLEY","MN - Minneapolis",34.1060606060606,2123191.81,524939.27,437173.15
"GEORGETOWN MEMORIAL HOSPITAL","GEORGETOWN","SC - Charleston",28.2295081967213,1614612.5,524397.57,445361.6
"WILLIS KNIGHTON BOSSIER HEALTH CENTER","BOSSIER CITY","LA - Shreveport",35.3484848484849,2002086.62,523767.52,444728.28
"MONONGALIA COUNTY GENERAL HOSPITAL","MORGANTOWN","WV - Morgantown",39.5972222222222,1494705.45,523384.79,444312.28
"WESTERN PENNSYLVANIA HOSP FORBES REGIONAL CAMPUS","MONROEVILLE","PA - Pittsburgh",37.4714285714286,1465837.72,522682.09,451257.71
"LAKEWOOD REGIONAL MEDICAL CENTER","LAKEWOOD","CA - Los Angeles",24.8727272727273,3594166.17,522546.53,468819.59
"MERCY SUBURBAN HOSPITAL","NORRISTOWN","PA - Philadelphia",25.1632653061224,2424704.02,521836.92,468002.34
"HARTON REGIONAL MEDICAL CENTER","TULLAHOMA","TN - Nashville",29.2205882352941,2348401.21,521679.57,455694.83
"HARRIS COUNTY HOSPITAL DISTRICT","HOUSTON","TX - Houston",20.5227272727273,1025556.1,521294.14,483069.98
"JPS HEALTH NETWORK","FORT WORTH","TX - Fort Worth",25.625,1813537.33,521117.04,477436.8
"TEXAS HEALTH PRESBYTERIAN HOSPITAL PLANO","PLANO","TX - Dallas",35.6428571428571,2315364,520115.35,429599.46
"UNIVERSITY OF LOUISVILLE HOSPITAL","LOUISVILLE","KY - Louisville",35.8958333333333,1940654.38,519827.33,466762.33
"HILO MEDICAL CENTER","HILO","HI - Honolulu",26.025,936495.16,519751.51,471482.81
"SAINT CLARE HOSPITAL","LAKEWOOD","WA - Tacoma",35.1692307692308,2415163.57,519700.09,436756.49
"MERCY ST CHARLES HOSPITAL","OREGON","OH - Toledo",31.0819672131148,2240084.28,519514.28,469493.17
"SOUTHERN NH MEDICAL CENTER","NASHUA","NH - Manchester",30.1666666666667,1273111.29,519167.07,454412.66
"CANDLER HOSPITAL","SAVANNAH","GA - Savannah",35.6935483870968,1992368.67,518439.01,448311.56
"GOOD SAMARITAN HOSPITAL","LEBANON","PA - Harrisburg",36.9571428571429,1793713.8,517965.97,442123.37
"HANNIBAL REGIONAL HOSPITAL","HANNIBAL","MO - Columbia",31.1785714285714,1345623.2,517560.79,461295.46
"MARYMOUNT HOSPITAL","GARFIELD HEIGHT","OH - Cleveland",47.1643835616438,2288379.24,516342.51,452159.07
"EL CENTRO REGIONAL MEDICAL CENTER","EL CENTRO","CA - San Diego",25.4909090909091,2232229.5,516278.16,464019.09
"UNIVERSITY HOSPITAL AND MEDICAL CENTER","TAMARAC","FL - Fort Lauderdale",30.9692307692308,3816663.14,516235.03,435001.22
"GREAT RIVER MEDICAL CENTER","WEST BURLINGTON","IA - Davenport",35.3939393939394,1410233.23,515767.2,460452.43
"CITY HOSPITAL","MARTINSBURG","VA - Winchester",33.1774193548387,988996.68,515368.65,445911.91
"BRANDYWINE HOSPITAL","COATESVILLE","PA - Lancaster",31.234375,4178004.55,515278.19,448786.38
"DECATUR GENERAL HOSPITAL","DECATUR","AL - Huntsville",37,798696.46,514492.24,442520.06
"SOUTH LAKE HOSPITAL","CLERMONT","FL - Orlando",31.6779661016949,2839923.58,514045.62,449545.48
"ABILENE REGIONAL MEDICAL CENTER","ABILENE","TX - Abilene",29,3587698.19,513967.05,452701.7
"PALMS WEST HOSPITAL","LOXAHATCHEE","FL - Fort Lauderdale",24.4807692307692,2952683.61,513895.95,445329.73
"ST JOSEPH HEALTH CENTER","WARREN","OH - Youngstown",32.9166666666667,1810497.93,513676.31,455673.43
"LONGMONT UNITED HOSPITAL","LONGMONT","CO - Boulder",29.0350877192982,2195884.5,511868.72,422486.13
"MUSKOGEE REGIONAL MEDICAL CENTER","MUSKOGEE","OK - Tulsa",40.4626865671642,1547214.32,511687.45,444972.5
"SOUTHWEST GENERAL HOSPITAL","SAN ANTONIO","TX - San Antonio",27.6444444444444,1805151,510941.14,465326.81
"VAUGHAN REG MED CENTER PARKWAY CAMPUS","SELMA","AL - Birmingham",33.8688524590164,1797636.63,510869.3,454713.83
"SUTTER MEDICAL CENTER OF SANTA ROSA","SANTA ROSA","CA - Santa Rosa",19.3225806451613,1717334.97,510364.48,477773.31
"NEW YORK WESTCHESTER SQUARE MEDICAL CENTER","BRONX","NY - Bronx",33.2745098039216,1252454.6,510177.76,457279.58
"MARIETTA MEMORIAL HOSPITAL","MARIETTA","OH - Columbus",37.041095890411,1622007.64,510177.41,433776.22
"SOUTHWEST MS REGIONAL MEDICAL CENTER","MCCOMB","MS - Jackson",30.125,1083356.29,510063.92,452490.31
"ST ANTHONY HOSPITAL","GIG HARBOR","WA - Tacoma",30.1509433962264,1957003.81,509666.42,434106.63
"MERCY MEMORIAL HOSPITAL SYSTEM","MONROE","OH - Toledo",40.8714285714286,1304228.93,509190.92,435532.18
"LIMA MEMORIAL HEALTH SYSTEM","LIMA","OH - Dayton",32.0793650793651,1622902.85,507389.84,446764.82
"SATILLA REGIONAL MEDICAL CENTER","WAYCROSS","FL - Jacksonville",36.2957746478873,1571881.71,507149.68,436622.09
"SAINT JOHN'S HEALTH SYSTEM","ANDERSON","IN - Indianapolis",35.2173913043478,1692715.46,507093.02,438229.8
"AUBURN REGIONAL MEDICAL CENTER","AUBURN","WA - Seattle",27.2962962962963,1870679.58,506797.63,459051.01
"CHESTNUT HILL HOSPITAL","PHILADELPHIA","PA - Philadelphia",31.3225806451613,3812858.25,506351.75,447845.81
"ALTON MEMORIAL HOSPITAL","ALTON","MO - St. Louis",33.2622950819672,1941463.62,506237.24,434318.04
"ROGER WILLIAMS MEDICAL CENTER","PROVIDENCE","RI - Providence",32.4347826086956,813640.91,506043.16,454273.86
"BOULDER COMMUNITY HOSPITAL","BOULDER","CO - Boulder",26.8,2584907.59,504989.96,440577.2
"DUKE HEALTH RALEIGH HOSPITAL","RALEIGH","NC - Raleigh",33.0322580645161,1892552.59,504974.84,433620.94
"PUTNAM HOSPITAL CENTER","CARMEL","CT - New Haven",36.3448275862069,2044884.7,504735.01,450233.07
"PUTNAM COMMUNITY MEDICAL CENTER","PALATKA","FL - Gainesville",34.7903225806452,1797666.16,503770.56,416661.82
"PARKVIEW COMMUNITY HOSPITAL MEDICAL CENTER","RIVERSIDE","CA - San Bernardino",26.1111111111111,2347739.52,503518.68,462111.6
"COMMUNITY MEM HSPTL","MENOMONEE FALLS","WI - Milwaukee",31.3823529411765,1459109.75,503415.24,425021.82
"THOMAS MEMORIAL HOSPITAL","SOUTH CHARLESTO","WV - Charleston",36,1472367.2,503097.51,433527.28
"DOCTORS HOSPITAL INC","CORAL GABLES","FL - Miami",28.4489795918367,3313666.29,502196.68,408729.04
"LANDMARK MEDICAL CENTER,  INC","WOONSOCKET","RI - Providence",30.3333333333333,1717557.83,500479.12,428806.04
"CUMBERLAND MEDICAL CENTER","CROSSVILLE","TN - Nashville",35.7391304347826,1495891.24,499498.94,430989.61
"MERCY MEDICAL CENTER","ROGERS","AR - Springdale",30.2096774193548,1456921.53,499263.2,420716
"FEATHER RIVER HOSPITAL","PARADISE","CA - Chico",31.7090909090909,4837278.73,498713.11,447103.2
"BAKERSFIELD HEART HOSPITAL","BAKERSFIELD","CA - Bakersfield",30.3137254901961,2789584.71,498493.42,446118.5
"SSM ST JOSEPH HOSPITAL WEST","LAKE SAINT LOUI","MO - St. Louis",34.0147058823529,1832781.48,497780.77,422550.93
"SAINT ROSE DOMINICAN HOSPITAL - DE LIMA","HENDERSON","NV - Las Vegas",28.1923076923077,3114818.43,497495.11,420681.22
"ST ELIZABETH FLORENCE","FLORENCE","KY - Covington",31.4262295081967,1427166.23,497474.47,431516.97
"SKY RIDGE MEDICAL CENTER","LONE TREE","CO - Denver",31.8727272727273,2912783.16,497334.11,378440.12
"TRUMBULL MEMORIAL HOSPITAL","WARREN","OH - Youngstown",36.5492957746479,2444590.49,496897.13,434138.24
"SKAGIT VALLEY HOSPITAL","MOUNT VERNON","WA - Everett",31.5901639344262,1834674.97,496702.07,434202.58
"GOOD SAMARITAN HOSPITAL","VINCENNES","IN - Evansville",40.4090909090909,1238170.17,495888.38,432845.02
"CONWAY REGIONAL MEDICAL CENTER","CONWAY","AR - Little Rock",33.4833333333333,1349111.92,495708.01,442623.85
"SOUTH FULTON MEDICAL CENTER","EAST POINT","GA - Atlanta",28.4222222222222,3381844.46,494805.69,444305.82
"JOHN H STROGER JR HOSPITAL","CHICAGO","IL - Chicago",25.047619047619,579365.94,493905.72,459246.2
"CONWAY MEDICAL CENTER","CONWAY","SC - Charleston",35.1935483870968,1706305.8,493340.93,431473.57
"KISHWAUKEE COMMUNITY HOSPITAL","DEKALB","IL - Rockford",30.3870967741935,2169513.98,492818.91,439500.06
"KALISPELL REGIONAL MEDICAL CENTER","KALISPELL","MT - Missoula",28.2295081967213,1323728.37,492703.89,418822.94
"ST ELIZABETH FT THOMAS","FORT THOMAS","KY - Covington",30.9516129032258,1508651.79,492691.85,421254.25
"FAIRVIEW RIDGES HOSPITAL","BURNSVILLE","MN - Minneapolis",33.4745762711864,1478594.77,491637.1,414554.93
"ST JOSEPH MEDICAL CENTER","BLOOMINGTON","IL - Bloomington",28.1964285714286,2048065.95,490520.39,393191.25
"WINDHAM COMM MEM HOSP & HATCH HOSP","WILLIMANTIC","CT - Hartford",26.7291666666667,796706.13,489502.98,443637.84
"MERCY HOSPITAL","PORTLAND","ME - Portland",31.5423728813559,1090302.79,489339.83,433020.29
"WATAUGA MEDICAL CENTER","BOONE","TN - Johnson City",28.7962962962963,942228.58,489284.83,437645.81
"FORT HAMILTON HUGHES MEMORIAL HOSPITAL","HAMILTON","OH - Cincinnati",33.5833333333333,1862388.54,489089.26,430658.82
"MOUNT NITTANY MEDICAL CENTER","STATE COLLEGE","PA - Danville",35.2916666666667,1903950.24,488688.81,384830.68
"WHEELING HOSPITAL","WHEELING","PA - Pittsburgh",26.6833333333333,923482.55,488396.84,421984.51
"SWEDISH MEDICAL CENTER/CHERRY HILL","SEATTLE","WA - Seattle",45.6136363636364,2394878.71,486678.99,435631.76
"DELAWARE COUNTY MEMORIAL HOSPITAL","DREXEL HILL","PA - Philadelphia",31.5471698113208,5490488.11,485149.26,429453.28
"MAYO CLINIC HLTH SYSTEM- FRANCISCAN MED CTR, INC","LA CROSSE","WI - La Crosse",29.1372549019608,1295215.22,485005.83,433301.52
"SOUTH CENTRAL REG MED CTR","LAUREL","MS - Hattiesburg",33.953125,1237017.74,484760.87,415312.76
"BRISTOL HOSPITAL","BRISTOL","CT - Hartford",30.1964285714286,1336252.15,484370.81,439469.12
"CULLMAN REGIONAL MEDICAL CENTER","CULLMAN","AL - Birmingham",34.4705882352941,1692382.46,484237.46,416719.79
"ALPENA REGIONAL MEDICAL CENTER","ALPENA","MI - Saginaw",29.5576923076923,1240567.82,483700.02,432852.24
"ST FRANCIS MEDICAL CENTER","GRAND ISLAND","NE - Omaha",33.1206896551724,1365213.87,483573.83,392288.25
"SAINT ROSE DOMINICAN HOSPITAL - SAN MARTIN CAMPUS","LAS VEGAS","NV - Las Vegas",24.3962264150943,3010650.07,483512.85,406295.48
"SOUTH BAY HOSPITAL","SUN CITY CENTER","FL - Tampa",38.7428571428571,3705783.84,483499.82,412548.26
"ST ELIZABETH BOARDMAN HEALTH CENTER","BOARDMAN","OH - Youngstown",39.3188405797101,1680869.12,483379.35,411325.36
"CARTERSVILLE MEDICAL CENTER","CARTERSVILLE","GA - Atlanta",29.8245614035088,2877340.88,483036.33,400837.98
"OLYMPIC MEDICAL CENTER","PORT ANGELES","WA - Seattle",29.2413793103448,871213.71,482988.37,417381.39
"BON SECOURS HOSPITAL","BALTIMORE","MD - Baltimore",33.1052631578947,513589.95,482858.15,453742.5
"OUR LADY OF BELLEFONTE HOSPITAL","ASHLAND","WV - Huntington",38.015625,1367220.79,482758.96,428040.45
"GRAYS HARBOR COMMUNITY HOSPITAL","ABERDEEN","WA - Seattle",34.1923076923077,1349757.07,482625.29,435142.49
"THOMAS HOSPITAL","FAIRHOPE","AL - Mobile",31.0757575757576,1723203.99,482542.28,408730.57
"AVERA ST LUKES","ABERDEEN","SD - Sioux Falls",28.811320754717,1213035.65,482240.98,426319.8
"LEGACY MERIDIAN PARK MEDICAL CENTER","TUALATIN","OR - Portland",26.1818181818182,1352079.72,482208.15,379049.69
"SCOTLAND MEMORIAL HOSPITAL","LAURINBURG","NC - Durham",33.6393442622951,1347814.29,482194.94,428271.7
"PACIFIC ALLIANCE MEDICAL CENTER","LOS ANGELES","CA - Los Angeles",23.5,952170.58,482090.41,455542.44
"MEMORIAL HERMANN KATY HOSPITAL","KATY","TX - Houston",27.625,1504373.69,481365.37,391726.92
"ST VINCENT'S MEDICAL CENTER SOUTHSIDE","JACKSONVILLE","FL - Jacksonville",36.2857142857143,2220813.57,481254.18,420286.22
"JEANES HOSPITAL","PHILADELPHIA","PA - Philadelphia",27.4827586206897,4158048.94,481096.3,413447.74
"HERRIN HOSPITAL","HERRIN","MO - St. Louis",38.6774193548387,1384172.98,481072.21,418593.98
"FAULKNER HOSPITAL","BOSTON","MA - Boston",36.8947368421053,1282834.62,480167.02,422320.01
"MEMORIAL HOSPITAL OF GARDENA","GARDENA","CA - Los Angeles",28.7777777777778,1534627.22,479418.29,439274
"MARION GENERAL HOSPITAL","MARION","OH - Columbus",34.8333333333333,1248875.11,479183.04,412715.09
"SKAGGS REGIONAL MEDICAL CENTER","BRANSON","MO - Springfield",34.4590163934426,1689156.48,479085.08,413579.47
"SAINT ANNE'S HOSPITAL","FALL RIVER","MA - Boston",31.2833333333333,899480.17,479076.59,429128.74
"WEST GEORGIA MEDICAL CENTER","LAGRANGE","GA - Atlanta",36.546875,1305688.91,478497.12,403821.89
"LAKES REGION GENERAL HOSPITAL","LACONIA","NH - Manchester",24,1610396.43,478385.9,427501.52
"BUTLER MEMORIAL HOSPITAL","BUTLER","PA - Pittsburgh",31.8805970149254,1652787.59,477272.49,418789.13
"ST MARYS HOSPITAL","CENTRALIA","MO - St. Louis",40.5441176470588,1159849.08,477149.28,411695.88
"ONSLOW MEMORIAL HOSPITAL","JACKSONVILLE","NC - Greenville",34.948275862069,1448338.34,477113.46,417476.27
"BLANCHARD VALLEY HOSPITAL","FINDLAY","OH - Toledo",28.3606557377049,1184941.01,476999.94,407445.39
"FAIRVIEW PARK HOSPITAL","DUBLIN","GA - Macon",28.9824561403509,1878806.9,476940.53,397558.98
"PARK PLAZA HOSPITAL","HOUSTON","TX - Houston",22.7906976744186,3346943.81,476456.19,422114.06
"CARTERET GENERAL HOSPITAL","MOREHEAD CITY","NC - Greenville",36.9193548387097,923013.5,476337.94,417405.6
"MERCY MEDICAL CENTER-CLINTON","CLINTON","IA - Davenport",32.8620689655172,1316758.73,476184.41,423220.1
"LAUREL REGIONAL MEDICAL CENTER","LAUREL","MD - Takoma Park",28.4857142857143,504332.27,474575.2,433774.04
"SIERRA NEVADA MEMORIAL HOSPITAL","GRASS VALLEY","CA - Sacramento",34.4259259259259,2172307.63,474571.36,425941.58
"COLUMBIA ST MARY'S HOSPITAL OZAUKEE, INC","MEQUON","WI - Milwaukee",27.6031746031746,1669189.18,474244.09,407166.29
"COLUMBUS REGIONAL HEALTHCARE SYSTEM","WHITEVILLE","NC - Wilmington",31.4827586206897,1034889.2,473868.47,423898.93
"METHODIST STONE OAK HOSPITAL","SAN ANTONIO","TX - San Antonio",27.7758620689655,2332122.31,472834.34,403533.81
"FLORIDA HOSPITAL DELAND","DELAND","FL - Orlando",32.6666666666667,1730881.7,472794.5,411185.26
"HOBOKEN UNIVERSITY MEDICAL CENTER","HOBOKEN","NJ - Hackensack",27.7872340425532,2588936.51,470953.17,432337.35
"SHARON REGIONAL HEALTH SYSTEM","SHARON","OH - Youngstown",36.8636363636364,1195714.9,470724.52,411039.3
"UPPER VALLEY MEDICAL CENTER","TROY","OH - Dayton",34.3870967741936,2020856.59,470423.64,382511.28
"CENTURA HEALTH-ST MARY CORWIN MEDICAL CENTER","PUEBLO","CO - Pueblo",28.1639344262295,2262215.04,470115.5,410360.39
"ORANGE COAST MEMORIAL MEDICAL CENTER","FOUNTAIN VALLEY","CA - Orange County",26.6122448979592,2462071.51,469961.31,405346.52
"ST JOSEPH HEALTH SERVICES OF RI","NORTH PROVIDENC","RI - Providence",27.1111111111111,1231245.46,469218.52,421226.5
"ROUND ROCK MEDICAL CENTER","ROUND ROCK","TX - Austin",30.9038461538462,2453717.66,469123.25,405220.02
"HALIFAX REGIONAL HOSPITAL","HALIFAX","NC - Durham",32.4468085106383,1053716.03,468802.3,404102.08
"IU HEALTH WEST HOSPITAL","AVON","IN - Indianapolis",30.3666666666667,1705412.34,467599.8,350964.62
"LAKE CITY MEDICAL CENTER","LAKE CITY","FL - Gainesville",33.8,1960291.53,467282.55,399230.89
"SUMMA HEALTH SYSTEM BARBERTON HOSPITAL","BARBERTON","OH - Akron",33.0357142857143,2216862.58,465914.62,406762.08
"KUAKINI MEDICAL CENTER","HONOLULU","HI - Honolulu",27.5853658536585,1286461.51,465808.6,401546.74
"OAKWOOD HERITAGE HOSPITAL","TAYLOR","MI - Dearborn",37.2586206896552,1302796.14,465161.66,415007.6
"ST JOSEPH HOSPITAL","NASHUA","NH - Manchester",29.6,1274232.44,464139.12,397572.89
"MERCY HOSPITAL","IOWA CITY","IA - Iowa City",36.1451612903226,1510264.08,463742.92,394290.42
"HARLEM HOSPITAL CENTER","NEW YORK","NY - Manhattan",19.0909090909091,527347.28,463633.82,438605.77
"SARATOGA HOSPITAL","SARATOGA SPRING","NY - Albany",36.1538461538462,1624782.21,463583.5,390845.79
"APPLETON MED CTR","APPLETON","WI - Appleton",28.8867924528302,839620.47,462956.84,403574.55
"HOLYOKE MEDICAL CENTER","HOLYOKE","MA - Springfield",30.7966101694915,734287.21,462722.18,411751.84
"DOCTORS HOSPITAL","DALLAS","TX - Dallas",28.3103448275862,3569112.64,462388.64,406476.56
"CLEVELAND CLINIC HOSPITAL","WESTON","FL - Miami",31.5573770491803,1818679.62,462262.8,401268.93
"TRUMAN MEDICAL CENTER HOSPITAL HILL","KANSAS CITY","MO - Kansas City",26.7954545454545,691255.09,462242.56,425099.68
"DENVER HEALTH MEDICAL CENTER","DENVER","CO - Denver",21.8787878787879,1000479.11,462102.07,426499.51
"ALEGENT HEALTH IMMANUEL MEDICAL CENTER","OMAHA","NE - Omaha",30.7037037037037,1870887.39,461206.84,398756.14
"PENINSULA HOSPITAL CENTER","FAR ROCKAWAY","NY - East Long Island",26.5526315789474,977803.46,460911.3,428194.18
"CASA GRANDE REGIONAL MEDICAL CENTER","CASA GRANDE","AZ - Phoenix",29.1851851851852,1562284.79,460482.05,406204.9
"SPRINGS MEMORIAL HOSPITAL","LANCASTER","NC - Charlotte",34.4920634920635,3167055.43,459241.36,391941.4
"PROVENA ST MARYS HOSPITAL","KANKAKEE","IL - Joliet",41.0833333333333,2350428.65,459200.08,384014.05
"WELLSTAR DOUGLAS HOSPITAL","DOUGLASVILLE","GA - Atlanta",29.5081967213115,1797762.57,458858.23,377154.48
"COLLEGE STATION MEDICAL CENTER","COLLEGE STATION","TX - Bryan",23.8148148148148,3149166.78,458763.51,401035.54
"NORTHSIDE HOSPITAL","ATLANTA","GA - Atlanta",24.4081632653061,2078297.8,458251.86,368111.19
"LEGACY SALMON CREEK MEDICAL CENTER","VANCOUVER","OR - Portland",35.1960784313725,1318305.48,457541.53,396669.26
"HILTON HEAD REGIONAL MEDICAL CENTER","HILTON HEAD ISL","GA - Savannah",31.7142857142857,1480724.91,456666.63,400280.3
"PROVIDENCE MEDFORD MEDICAL CENTER","MEDFORD","OR - Medford",26,1483043.61,456546.17,383412.83
"LAKEVIEW REGIONAL MEDICAL CENTER","COVINGTON","LA - Metairie",27.6304347826087,2939530.61,456209.93,393656.58
"DESERT VALLEY HOSPITAL","VICTORVILLE","CA - San Bernardino",29.469387755102,1913414.99,455898.01,416088.4
"WESTCHESTER GENERAL HOSPITAL","MIAMI","FL - Miami",49.8444444444444,1110779.97,455753.96,425914.24
"SEBASTIAN RIVER MEDICAL CENTER","SEBASTIAN","FL - Orlando",28.953125,2751631.83,455738.51,394040.23
"PRESBYTERIAN HOSPITAL MATTHEWS","MATTHEWS","NC - Charlotte",38.1060606060606,1439380.08,455247.07,376022.84
"ANNA JAQUES HOSPITAL","NEWBURYPORT","MA - Boston",36.0327868852459,798360.31,455092.9,401573.75
"JACKSON PARK HOSPITAL","CHICAGO","IL - Chicago",49.6410256410256,1581168.09,453469.5,420585.41
"DEACONESS HOSPITAL","OKLAHOMA CITY","OK - Oklahoma City",34.7230769230769,2162126.86,453220.13,386936.14
"COOLEY DICKINSON HOSPITAL INC,THE","NORTHAMPTON","MA - Springfield",35.0645161290323,987935.39,453140.81,394453.79
"ST FRANCIS HOSPITAL","WILMINGTON","DE - Wilmington",27.6315789473684,1381620.65,452764.52,389731.01
"MERCY MEDICAL CENTER-DUBUQUE","DUBUQUE","IA - Dubuque",40.2769230769231,1344797.16,452467.37,388591.54
"WATSONVILLE COMMUNITY HOSPITAL","WATSONVILLE","CA - Santa Cruz",22.5526315789474,3152578.19,452201.19,407324.04
"JOHNSTON MEMORIAL HOSPITAL","ABINGDON","TN - Kingsport",37.6984126984127,1792588.7,451957.04,387868.86
"INDIANA UNIVERSITY HEALTH LA PORTE HOSPITAL","LA PORTE","IN - South Bend",28.9333333333333,2073870.33,451513.23,375127.09
"WACCAMAW COMMUNITY HOSPITAL","MURRELLS INLET","SC - Charleston",41.4782608695652,1640550.42,450163.4,380388.62
"ST FRANCIS MEDICAL CENTER","TRENTON","PA - Philadelphia",29.5957446808511,3759691.82,449266.87,403703.66
"DALLAS REGIONAL MEDICAL CENTER","MESQUITE","TX - Dallas",26.7755102040816,2727430.14,448742.72,391873.65
"HARFORD MEMORIAL HOSPITAL","HAVRE DE GRACE","MD - Baltimore",36.0980392156863,475553.58,448175.6,396121.46
"PIONEERS MEMORIAL HEALTHCARE DISTRICT","BRAWLEY","CA - San Diego",26.2666666666667,1596219.34,447931.77,402448.36
"BARNES-JEWISH ST PETERS HOSPITAL","SAINT PETERS","MO - St. Louis",36.0943396226415,1201828.44,447829.11,363583.12
"TEXAS REGIONAL MEDICAL CENTER AT SUNNYVALE","SUNNYVALE","TX - Dallas",25.825,1678493.72,446996.1,405161.87
"METHODIST RICHARDSON MEDICAL CENTER","RICHARDSON","TX - Dallas",26.825,1575273.28,446712.78,396098.25
"ALHAMBRA HOSPITAL MEDICAL CENTER","ALHAMBRA","CA - Los Angeles",32.030303030303,2066028.41,445571.27,415041.2
"MEMORIAL HOSPITAL YORK","YORK","PA - York",21.9803921568627,974080.26,444634.5,385529.44
"MEMORIAL HOSPITAL","NACOGDOCHES","TX - Houston",26.1090909090909,1496261.34,444240.58,386274.45
"RUSH FOUNDATION HOSPITAL","MERIDIAN","MS - Meridian",28.6851851851852,1438263.56,444077.02,379414.76
"NORTH FULTON REGIONAL HOSPITAL","ROSWELL","GA - Atlanta",28.6949152542373,3760986.43,443605.85,378190.26
"PROVENA UNITED SAMARITANS MEDCTR-LOGAN","DANVILLE","IL - Urbana",39.3448275862069,2147621.62,443590.37,388856.86
"BON SECOURS COMMUNITY HOSPITAL","PORT JERVIS","NJ - Morristown",24.1521739130435,1767568.14,443240.48,393833.55
"SOUTHAMPTON HOSPITAL","SOUTHAMPTON","NY - East Long Island",33.7843137254902,1469394.2,443069.78,393647.53
"JOHN F KENNEDY MEMORIAL HOSPITAL, INC","INDIO","CA - San Diego",27.3142857142857,2772853.2,443002.69,410420.02
"THE FAUQUIER HOSPITAL, INC","WARRENTON","VA - Arlington",30.5471698113208,1268413.01,442879.38,355413.57
"PROVIDENCE CENTRALIA HOSPITAL","CENTRALIA","WA - Olympia",31.3913043478261,1536680.04,442805.11,388582.58
"SIBLEY MEMORIAL HOSPITAL","WASHINGTON","DC - Washington",38.5087719298246,1368385.77,442689.52,378746.23
"MARY IMMACULATE HOSPITAL","NEWPORT NEWS","VA - Newport News",45.6730769230769,1486720.84,442635.96,386006.51
"SAINT JOSEPH EAST","LEXINGTON","KY - Lexington",34.6521739130435,975530.34,442543.46,387446.27
"BAYLOR REGIONAL MEDICAL CENTER AT PLANO","PLANO","TX - Dallas",31.4807692307692,1763522.51,442017.08,379145.67
"ST MARY'S HOSPITAL","ATHENS","GA - Atlanta",33.4464285714286,1587378.65,441501.87,370894.29
"BANNER GATEWAY MEDICAL CENTER","GILBERT","AZ - Mesa",29.734693877551,1906216.48,441129.3,371139.49
"FLOWER HOSPITAL","SYLVANIA","OH - Toledo",29.9444444444444,2072559.84,440983.99,384689.79
"ARROWHEAD REGIONAL MEDICAL CENTER","COLTON","CA - San Bernardino",25.1891891891892,1105437.71,440423.19,408760.93
"CENTRAL CAROLINA HOSPITAL","SANFORD","NC - Durham",30.796875,2011348.83,440419.03,362897.89
"SOUTHERN HILLS HOSPITAL AND MEDICAL CENTER","LAS VEGAS","NV - Las Vegas",27.4864864864865,2648680.09,440201.34,358799.97
"REDLANDS COMMUNITY HOSPITAL","REDLANDS","CA - San Bernardino",23.780487804878,2184687.86,439892.98,397186.29
"ARROWHEAD HOSPITAL","GLENDALE","AZ - Phoenix",24.8235294117647,1482698.08,439806.3,367133.09
"CALIFORNIA HOSPITAL MEDICAL CENTER LA","LOS ANGELES","CA - Los Angeles",24.5161290322581,1272963.2,439556.9,417059.88
"ST PETERSBURG GENERAL HOSPITAL","SAINT PETERSBUR","FL - St. Petersburg",29.7755102040816,4027376.99,439511.97,386619.83
"CENTEGRA HEALTH SYSTEM - WOODSTOCK HOSPITAL","WOODSTOCK","IL - Rockford",31.5967741935484,1506518.09,438735.18,357621.02
"ALEGENT HEALTH MERCY HOSPITAL","COUNCIL BLUFFS","NE - Omaha",32.8979591836735,1621610.17,438645.98,380345.4
"ST VINCENT CHARITY MEDICAL CENTER","CLEVELAND","OH - Cleveland",28.3,1106863.87,437655.55,399254.18
"GRIFFIN HOSPITAL","DERBY","CT - New Haven",30.62,1265688.42,437294.33,388636.14
"ROBINSON MEMORIAL HOSPITAL","RAVENNA","OH - Akron",31.2352941176471,1372378.51,437188.61,365399.82
"SETON MEDICAL CENTER WILLIAMSON","ROUND ROCK","TX - Austin",28.1896551724138,2658902.27,437046.94,369805.36
"MEADVILLE MEDICAL CENTER","MEADVILLE","PA - Erie",32.0892857142857,1109712.64,436490.08,388462.7
"PIEDMONT NEWNAN HOSPITAL, INC","NEWNAN","GA - Atlanta",30.6111111111111,1579030.41,434878.64,377518.17
"WESTLAKE COMMUNITY HOSPITAL","MELROSE PARK","IL - Melrose Park",22.5833333333333,1532158.91,434138.69,403492.43
"HEARTLAND REGIONAL MEDICAL CENTER","MARION","KY - Paducah",25.9433962264151,2757072.77,433798.15,374509.63
"LAKEWOOD HOSPITAL","LAKEWOOD","OH - Cleveland",33.0862068965517,1824361.95,433708.92,381228.05
"ST LUKES REGIONAL MEDICAL CENTER","SIOUX CITY","IA - Sioux City",30.2115384615385,1096510.58,433699.17,375394.33
"HOWARD REGIONAL HEALTH SYSTEM","KOKOMO","IN - Indianapolis",29.8163265306122,1344532.26,433634.88,375233.94
"LAWRENCE MEMORIAL HOSPITAL","LAWRENCE","MO - Kansas City",33.0185185185185,1047622.59,433479.13,383200.07
"PETERSON REGIONAL MEDICAL CENTER","KERRVILLE","TX - San Antonio",30.1272727272727,1202865.28,433411.01,381194.84
"HOMESTEAD HOSPITAL","HOMESTEAD","FL - Miami",26.2608695652174,2055633.6,433221.25,365758.23
"MORRIS HOSPITAL & HEALTHCARE CENTERS","MORRIS","IL - Joliet",28.9230769230769,1571231.93,433145.66,355562.51
"MEMORIAL HOSPITAL AND HEALTH CARE CENTER","JASPER","IN - Evansville",37.9259259259259,856867.77,432780.15,377065.75
"UNIVERSITY MEDICAL CENTER","LEBANON","TN - Nashville",28.0188679245283,1987182.71,432616.26,379517.63
"BLUEFIELD REGIONAL MEDICAL CENTER","BLUEFIELD","VA - Roanoke",33.9322033898305,896302.56,432148.25,382390.08
"SUTTER SOLANO MEDICAL CENTER","VALLEJO","CA - San Francisco",19.6857142857143,2012773.78,431899.19,400636.79
"PHOENIXVILLE HOSPITAL","PHOENIXVILLE","PA - Philadelphia",26.6034482758621,3992126.37,431762.27,368582.89
"MENORAH MEDICAL CENTER","OVERLAND PARK","MO - Kansas City",25.6206896551724,2357737.94,431638.54,346571.03
"SAINT LUKE'S EAST LEE'S SUMMIT HOSPITAL","LEES SUMMIT","MO - Kansas City",33.96875,2362307.11,431611.37,352027.94
"LA PALMA INTERCOMMUNITY HOSPITAL","LA PALMA","CA - Orange County",25.5277777777778,1557354.08,431027.84,370496.49
"ST JOHNS PLEASANT VALLEY HOSPITAL","CAMARILLO","CA - Ventura",24.3958333333333,2950286.47,431017.59,377291.63
"MORRISTOWN HAMBLEN HOSPITAL ASSOCIATION","MORRISTOWN","TN - Knoxville",32,1207166.36,430072.22,375734.1
"HOLZER MEDICAL CENTER","GALLIPOLIS","OH - Columbus",35.3620689655172,1082483.25,429379.51,366844.38
"ADVENTIST MEDICAL CENTER","PORTLAND","OR - Portland",28.4090909090909,1094251.6,427681.38,365911.66
"BAPTIST REGIONAL MEDICAL CENTER","CORBIN","KY - Lexington",43.55,1287438.03,427490.24,364965.29
"WEST VALLEY HOSPITAL","GOODYEAR","AZ - Phoenix",26.56,1487844.28,427323.13,366122.19
"T J SAMSON COMMUNITY HOSPITAL","GLASGOW","KY - Louisville",37.18,888587.02,426758.2,380289.06
"UNIONTOWN HOSPITAL","UNIONTOWN","PA - Pittsburgh",32.655737704918,642332.04,426222.39,367730.64
"LAPEER REGIONAL MEDICAL CENTER","LAPEER","MI - Flint",34.2142857142857,1321765.54,425615.3,369971.36
"PRINCETON COMMUNITY HOSPITAL","PRINCETON","VA - Roanoke",41.15,894060.58,424559.4,365329.53
"CGH MEDICAL CENTER","STERLING","IL - Rockford",38.3035714285714,1771458.52,424159.56,374077.83
"IOWA LUTHERAN HOSPITAL","DES MOINES","IA - Des Moines",30.1960784313725,1303403.28,424032.42,365841.12
"NORTHWEST MISSISSIPPI REGIONAL MEDICAL CENTER","CLARKSDALE","TN - Memphis",31.6730769230769,1592141.08,423930.96,371906.57
"BETSY JOHNSON REGIONAL  HOSPITAL","DUNN","NC - Raleigh",41.3214285714286,1018067.69,423254.39,376187.85
"MAYO CLINIC METHODIST HOSPITAL","ROCHESTER","MN - Rochester",73.84,797650.64,422776.49,324108.86
"TEXAS HEALTH HARRIS METHODIST HOSPITAL SOUTHWEST F","FORT WORTH","TX - Fort Worth",30.8793103448276,1925245.21,421454.19,337876.74
"MEDICAL CENTER OF SOUTHEASTERN OKLAHOMA","DURANT","TX - Dallas",45.6379310344828,2276206.48,420799.79,379902.92
"AUBURN COMMUNITY HOSPITAL","AUBURN","NY - Syracuse",34.3090909090909,1003840.47,420782.48,365207.17
"HOLLYWOOD COMMUNITY HOSPITAL OF HOLLYWOOD","HOLLYWOOD","CA - Los Angeles",69.15625,1118128.18,420694.88,396547.15
"ALEGENT HEALTH LAKESIDE HOSPITAL","OMAHA","NE - Omaha",29.5925925925926,1796354.77,420415.49,333213.06
"HACKETTSTOWN REGIONAL MEDICAL CENTER","HACKETTSTOWN","NJ - Morristown",34.375,2799558.69,419835.31,374528.63
"LICKING MEMORIAL HOSPITAL","NEWARK","OH - Columbus",31.9423076923077,812327.97,419745.42,352150.12
"CARILION NEW RIVER VALLEY MEDICAL CENTER","CHRISTIANSBURG","VA - Roanoke",32.125,1241496,419093.09,331271.41
"TWIN CITIES COMMUNITY HOSPITAL","TEMPLETON","CA - San Luis Obispo",31.5818181818182,4100041.05,418868.06,355958.74
"LOGAN REGIONAL MEDICAL CENTER","LOGAN","WV - Charleston",41.9807692307692,1307482.64,418836.34,361346.05
"CASTLE MEDICAL CENTER","KAILUA","HI - Honolulu",28.974358974359,1203398.16,417369.97,364733.93
"COMMUNITY HOSPITAL OF SAN BERNARDINO","SAN BERNARDINO","CA - San Bernardino",21.6333333333333,1975070.73,417364.86,394697.33
"VALLEY HOSPITAL","SPOKANE","WA - Spokane",32.5,1156398.02,416390.53,360516.35
"CLOVIS COMMUNITY MEDICAL CENTER","CLOVIS","CA - Fresno",21.2972972972973,1580366.65,415941.38,335237.56
"AURORA BAYCARE MED CTR","GREEN BAY","WI - Green Bay",24.8571428571429,1231761.62,415217.45,333967.13
"CENTENNIAL HILLS HOSPITAL MEDICAL CENTER","LAS VEGAS","NV - Las Vegas",26.3518518518519,3217904.35,414976.64,332993.13
"MEDICAL WEST, AN AFFILIATE OF UAB HEALTH SYSTEM","BESSEMER","AL - Birmingham",27.8,1500951.28,414663.91,349415.12
"MARY BLACK MEMORIAL HOSPITAL","SPARTANBURG","SC - Spartanburg",31.037037037037,2357302.03,413998.5,345621.93
"QUINCY MEDICAL CENTER","QUINCY","MA - Boston",31.9464285714286,722028.37,413966.63,365510.69
"FRENCH HOSPITAL MEDICAL CENTER","SAN LUIS OBISPO","CA - San Luis Obispo",28.2272727272727,2898913.73,413668.82,371538.53
"WILLIAMSON MEDICAL CENTER","FRANKLIN","TN - Nashville",36.3275862068966,1311164.97,413121.96,347526.18
"THE REGIONAL MEDICAL CENTER OF ACADIANA","LAFAYETTE","LA - Lafayette",32.9574468085106,2241611.81,412711.79,357905.38
"BELOIT MEM HSPTL","BELOIT","WI - Madison",24.156862745098,1703545.91,411554.87,351700.28
"TRI-CITY REGIONAL MEDICAL CENTER","HAWAIIAN GARDEN","CA - Los Angeles",25.8235294117647,1693523.25,411384.62,380436.14
"FAITH REGIONAL HEALTH SERVICES","NORFOLK","NE - Omaha",27.4318181818182,1136749.87,410965.11,361890.66
"EMERSON HOSPITAL","W CONCORD","MA - Boston",29.4339622641509,1004796.81,409896.19,346959.91
"UNIVERSITY MEDICAL CENTER AT BRACKENRIDGE","AUSTIN","TX - Austin",24.2857142857143,1554462.45,409750.32,352033.97
"ST JOSEPH REGIONAL MEDICAL CENTER","LEWISTON","WA - Spokane",29.1351351351351,981830.67,409454.76,371846.48
"TRINITY REGIONAL MEDICAL CENTER","FORT DODGE","IA - Des Moines",32.7818181818182,1224498.27,409240.95,344158.35
"GRACE HOSPITAL INC","MORGANTON","NC - Charlotte",31.1372549019608,1308060.79,408929.9,357409.47
"ST MARY'S REGIONAL MEDICAL CENTER","ENID","OK - Oklahoma City",31.1311475409836,2102286.99,406645.84,344774.44
"NORTHERN LOUISIANA MEDICAL CENTER","RUSTON","LA - Shreveport",32.6071428571429,1927390.73,406192.19,357111.46
"CENTURA HEALTH-ST ANTHONY NORTH HOSPITAL","WESTMINSTER","CO - Denver",24.0408163265306,1776614.8,405421.51,353890.1
"MEDICAL CENTER OF LEWISVILLE","LEWISVILLE","TX - Dallas",29.5510204081633,2291291.34,404781.7,327998.31
"HALIFAX REGIONAL MEDICAL CENTER INC","ROANOKE RAPIDS","NC - Raleigh",41.8245614035088,968848.75,404328.43,356520.47
"JORDAN VALLEY MEDICAL CENTER","WEST JORDAN","UT - Salt Lake City",21.3636363636364,1219860.85,403980.12,329254.94
"SAN RAMON REGIONAL MEDICAL CTR","SAN RAMON","CA - Contra Costa County",20.15,3110248.56,403906.27,340983.6
"SUMNER REGIONAL MEDICAL CENTER","GALLATIN","TN - Nashville",35.4038461538462,1273443.98,403710.54,349503.02
"WHITTIER HOSPITAL MEDICAL CENTER","WHITTIER","CA - Los Angeles",26.5625,2214187.76,403388.05,375459.26
"CENTRAL TEXAS MEDICAL CENTER","SAN MARCOS","TX - Austin",23.3555555555556,1409829.82,403209.63,353818.89
"HARLINGEN MEDICAL CENTER","HARLINGEN","TX - Harlingen",27.325,1355095.81,402831.49,361510.24
"METROPLEX HOSPITAL","KILLEEN","TX - Temple",33.3636363636364,1407533.99,402323.75,343182.53
"SLIDELL MEMORIAL HOSPITAL AND MEDICAL CENTER","SLIDELL","LA - Slidell",24.9423076923077,2189687.03,402320.84,345850.02
"UH GEAUGA MEDICAL CENTER","CHARDON","OH - Cleveland",28.6363636363636,1553750.2,402267.48,354870.29
"HIGHLANDS REGIONAL MEDICAL CENTER","SEBRING","FL - Orlando",30.859649122807,2025833.05,401326.02,346971.31
"SOUTHERN MAINE MEDICAL CENTER","BIDDEFORD","ME - Portland",35.188679245283,1007204.11,401094.47,353142.46
"SIERRA VISTA REGIONAL HEALTH CENTER INC","SIERRA VISTA","AZ - Tucson",28.3095238095238,1094696.34,400580.17,360149.28
"SENTARA PRINCESS ANNE HOSPITAL","VIRGINIA BEACH","VA - Norfolk",30.88,1398856.64,400527.87,329635.05
"LARKIN COMMUNITY HOSPITAL","SOUTH MIAMI","FL - Miami",58.4,1555256.86,399469.14,376332.29
"WALKER BAPTIST MEDICAL CENTER","JASPER","AL - Birmingham",31.0877192982456,1609319.33,399359.56,338284.82
"ST ANTHONYS MEMORIAL HOSPITAL","EFFINGHAM","IL - Springfield",41.3770491803279,914193.63,399103.29,337128.26
"JENNIE STUART MEDICAL CENTER","HOPKINSVILLE","TN - Nashville",37.188679245283,1056393.87,399090.53,350547.12
"BAPTIST MEDICAL CENTER EAST","MONTGOMERY","AL - Montgomery",30.8461538461538,1390916.4,398604.68,336157.28
"MOREHEAD MEMORIAL HOSPITAL","EDEN","NC - Greensboro",32.2586206896552,845979.09,398031.53,348659.61
"SCOTT & WHITE HOSPITAL-ROUND ROCK","ROUND ROCK","TX - Austin",28.3333333333333,1207039.37,398016.21,341996.9
"NORTH VISTA HOSPITAL","NORTH LAS VEGAS","NV - Las Vegas",23.7428571428571,2475816.99,397698.8,341979.93
"THREE RIVERS COMMUNITY HOSPITAL","GRANTS PASS","OR - Medford",31.9791666666667,1272236.94,397258.71,342651.34
"ST MARY MEDICAL CENTER","GALESBURG","IL - Peoria",30.6086956521739,1147757.6,397118.38,355192.51
"MEDINA HOSPITAL","MEDINA","OH - Cleveland",31.1730769230769,1224843.94,396980.06,345673.6
"BAPTIST MEDICAL CENTER  BEACHES","JACKSONVILLE BE","FL - Jacksonville",33.7796610169492,2082465.88,396835.7,336788.67
"MIDMICHIGAN MEDICAL CENTER-GRATIOT","ALMA","MI - Lansing",27.6170212765957,602556.4,396046.8,354497.57
"MINDEN MEDICAL CENTER","MINDEN","LA - Shreveport",26.2222222222222,1036275.4,394882.12,349620.74
"HIGHLANDS REGIONAL MEDICAL CENTER","PRESTONSBURG","KY - Lexington",31.32,855133.43,394437.37,346557.11
"PRESBYTERIAN/ST LUKE'S MEDICAL CENTER","DENVER","CO - Denver",28.2258064516129,1896069.6,394367.77,348465.94
"WELLINGTON REGIONAL MEDICAL CENTER","WELLINGTON","FL - Fort Lauderdale",25.82,1703342.79,394018.86,344379.99
"ST JOSEPH HOSPITAL & HEALTH CENTER INC","KOKOMO","IN - Indianapolis",30.4222222222222,1403192.74,393974.96,343431.83
"MERCY FRANCISCAN HOSPITAL - MT AIRY","CINCINNATI","OH - Cincinnati",29.6851851851852,1058589.76,393920.22,324719.47
"MARION GENERAL HOSPITAL","MARION","IN - Indianapolis",29.0625,936265.9,393880.31,347341.41
"HELEN KELLER MEMORIAL HOSPITAL","SHEFFIELD","AL - Birmingham",30.3548387096774,968181.22,393746.62,338694.07
"LAKE NORMAN REGIONAL MEDICAL CENTER","MOORESVILLE","NC - Charlotte",25.9642857142857,1730668,393015.61,338250.75
"INOVA MOUNT VERNON HOSPITAL","ALEXANDRIA","VA - Arlington",43.46,1098450.33,392851.96,327040.67
"SCHUYLKILL MEDICAL CENTER - SOUTH JACKSON STREET","POTTSVILLE","PA - Reading",31.3,792561.89,392106.5,330954.11
"EAST TEXAS MEDICAL CENTER ATHENS","ATHENS","TX - Dallas",37.7966101694915,2305877.62,391215.03,341573.36
"COMMUNITY HOSPITAL OF ANDERSON AND MADISON COUNTY","ANDERSON","IN - Indianapolis",37.1206896551724,1055294.11,390621.93,333879.37
"CONTRA COSTA REGIONAL MEDICAL CENTER","MARTINEZ","CA - Contra Costa County",21.05,712846.93,390140.78,372389.23
"PALMS OF PASADENA HOSPITAL","SAINT PETERSBUR","FL - St. Petersburg",30.0961538461538,1997038.95,389924.54,334109.69
"CORAL GABLES HOSPITAL","CORAL GABLES","FL - Miami",34,2774429.87,389199.1,349960.26
"GUADALUPE REGIONAL MEDICAL CENTER","SEGUIN","TX - San Antonio",25.2083333333333,1112164.49,389113.81,341806.85
"METHODIST HOSPITAL","HENDERSON","IN - Evansville",35.0408163265306,1213248.68,389099.45,327921.04
"BECKLEY ARH HOSPITAL","BECKLEY","WV - Charleston",36.5862068965517,694694.46,388911.76,341874.17
"HEALTHALLIANCE HOSPITALS, INC","LEOMINSTER","MA - Worcester",27.4888888888889,836073.1,388078.01,345362.02
"BILOXI REGIONAL MEDICAL CENTER","BILOXI","MS - Gulfport",30.3207547169811,2610279.8,387383.06,321823.15
"ST CHARLES HOSPITAL","PORT JEFFERSON","NY - East Long Island",29.780487804878,1740791.74,384892.42,307000.32
"CHESTER RIVER HOSPITAL CENTER","CHESTERTOWN","MD - Baltimore",25.4102564102564,409104.15,384756.27,350037.96
"ADVENTIST BOLINGBROOK HOSPITAL","BOLINGBROOK","IL - Hinsdale",24.5777777777778,1515890.68,384357.69,317712.93
"BAY AREA MED CTR","MARINETTE","WI - Green Bay",29.6071428571429,1115952.74,383930.57,334629.37
"ANDERSON HOSPITAL","MARYVILLE","MO - St. Louis",32,1185848.99,383812.29,332584.76
"BELLIN MEMORIAL HSPTL","GREEN BAY","WI - Green Bay",29.8478260869565,1032135.55,383263.26,336513.9
"MILTON HOSPITAL INC","MILTON","MA - Boston",32.5531914893617,749936.26,383181.72,346566.33
"MADERA COMMUNITY HOSPITAL","MADERA","CA - Fresno",21.9428571428571,1007524.39,383033.87,352866.72
"SETON MEDICAL CENTER HAYS","KYLE","TX - Austin",23.8809523809524,2109766.25,382249.47,326580.59
"LANSDALE HOSPITAL","LANSDALE","PA - Philadelphia",29.5084745762712,1959707.08,382170.42,322761.13
"MERCY REGIONAL MEDICAL CENTER","DURANGO","NM - Albuquerque",24.3055555555556,1068339.22,379986.1,314542.78
"PROCTOR HOSPITAL","PEORIA","IL - Peoria",35.7169811320755,1352071.61,379668.14,319171.62
"SAN ANGELO COMMUNITY MEDICAL CENTER","SAN ANGELO","TX - San Angelo",30.5918367346939,2201322.89,379489.68,332891.61
"FHN MEMORIAL HOSPITAL","FREEPORT","IL - Rockford",29.6274509803922,1142015.5,379432.3,325499.49
"DEBORAH HEART AND LUNG CENTER","BROWNS MILLS","NJ - Camden",45.65625,2090892.19,378261.03,354837.56
"STANLY REGIONAL MEDICAL CENTER","ALBEMARLE","NC - Charlotte",35.093023255814,894285.38,378227.66,339831.22
"MISSOURI DELTA MEDICAL CENTER","SIKESTON","MO - Cape Girardeau",32.1707317073171,1450616.39,377173.91,344849.34
"LAC/HARBOR-UCLA MED CENTER","TORRANCE","CA - Los Angeles",15.0526315789474,891274.62,376337.12,362127.47
"COVENANT MEDICAL CENTER","WATERLOO","IA - Waterloo",32.9090909090909,1046051.04,374820.09,329676.57
"GREAT PLAINS REGIONAL MEDICAL CENTER","NORTH PLATTE","NE - Lincoln",29,871067.42,373731.38,316382.04
"KAISER FOUNDATION HOSPITAL - SACRAMENTO","SACRAMENTO","CA - Sacramento",23.1515151515152,1375021.08,373531.39,345485.21
"SACRED HEART HOSPITAL","ALLENTOWN","PA - Allentown",23.7948717948718,1797911.74,373035.73,320860.47
"LONG BEACH MEDICAL CENTER","LONG BEACH","NY - Manhattan",29.3333333333333,1209465.42,372931.06,337278.43
"METROPOLITAN HOSPITAL OF MIAMI","MIAMI","FL - Miami",28.5609756097561,1285314.17,372419.42,339599.33
"CARLISLE REGIONAL MEDICAL CENTER","CARLISLE","PA - Harrisburg",32.6415094339623,1614702.02,371892.9,315296.09
"MEMORIAL HOSPITAL OF SALEM COUNTY","SALEM","DE - Wilmington",31.9272727272727,2079877.63,371536.81,330387.11
"BOTHWELL REGIONAL HEALTH CENTER","SEDALIA","MO - Columbia",32.3606557377049,972654.42,371256.02,316262.85
"MAT-SU REGIONAL MEDICAL CENTER","PALMER","AK - Anchorage",24.78125,1226802.2,371122.45,322782.67
"MEDWEST HAYWOOD","CLYDE","NC - Asheville",32.5,976305.32,370763.55,318256.57
"MEASE HOSPITAL DUNEDIN","DUNEDIN","FL - Clearwater",27.9464285714286,1608102.85,370758.28,312399.85
"OAKBEND MEDICAL CENTER","RICHMOND","TX - Houston",22.7234042553191,1534244.63,370597.93,327243.54
"ST JOSEPH'S HOSPITAL","PHILADELPHIA","PA - Philadelphia",21.1785714285714,1246249.84,370545.09,342267.2
"SARAH BUSH LINCOLN HEALTH CENTER","MATTOON","IL - Urbana",37.8545454545455,1063772.83,370339.41,318994.35
"SAINT LOUISE REGIONAL HOSPITAL","GILROY","CA - San Jose",23.5483870967742,2399907.42,370134.96,337404.57
"SPRINGHILL MEDICAL CENTER","MOBILE","AL - Mobile",29.6111111111111,1198038.88,369230.64,301583.15
"ESSENTIA HEALTH ST JOSEPH'S MEDICAL CENTER","BRAINERD","MN - Minneapolis",31.7358490566038,830265.18,369032.33,319973.52
"MERCY HOSPITAL CLERMONT","BATAVIA","OH - Cincinnati",34.1836734693878,894287.47,368604.35,307479.64
"CAPE CANAVERAL HOSPITAL","COCOA BEACH","FL - Orlando",29.8679245283019,1552840.7,368225.6,312258.4
"HANOVER HOSPITAL","HANOVER","PA - York",35.3863636363636,665194.6,367771.85,324184.23
"DAMERON HOSPITAL","STOCKTON","CA - Stockton",29.2647058823529,2973435.45,367253.78,334137.56
"MONTGOMERY HOSPITAL","NORRISTOWN","PA - Philadelphia",23.5777777777778,2629231.24,365654.55,307060.81
"SAINT FRANCIS BARTLETT MEDICAL CENTER","BARTLETT","TN - Memphis",30.695652173913,2203659.17,365610.18,298667.87
"BRAZOSPORT REGIONAL HEALTH SYSTEM","LAKE JACKSON","TX - Houston",27.2727272727273,1252661.47,365196.89,316610
"FOOTHILL PRESBYTERIAN HOSPITAL","GLENDORA","CA - Los Angeles",19.3783783783784,1344807.81,365161.29,317878.64
"RIVERVIEW HOSPITAL","NOBLESVILLE","IN - Indianapolis",24.0612244897959,1193555.9,364613.82,316931.83
"EASTERN NEW MEXICO MEDICAL CENTER","ROSWELL","NM - Albuquerque",28.6875,2079666.29,364485.82,312696.27
"WEST CHESTER MEDICAL CENTER","WEST CHESTER","OH - Cincinnati",32.1836734693878,1418272.86,363746.15,300460.34
"KERSHAW HEALTH","CAMDEN","SC - Columbia",30.6,1275376.74,363634.53,311128.33
"SAMARITAN HOSPITAL","TROY","NY - Albany",25.9,915457.46,363182.83,313301.72
"GATEWAY REGIONAL MEDICAL CENTER","GRANITE CITY","MO - St. Louis",31.9387755102041,3066209.56,362483.19,317135.51
"TULARE REGIONAL MEDICAL CENTER","TULARE","CA - Bakersfield",27.7837837837838,1064963.51,362009.67,331015.03
"HENDRICKS REGIONAL HEALTH","DANVILLE","IN - Indianapolis",32.734693877551,1048001.24,361733.38,314837.34
"GALICHIA HEART HOSPITAL LLC","WICHITA","KS - Wichita",29.02,862739.01,361262.39,315913.65
"PATTIE A CLAY REGIONAL MEDICAL CENTER","RICHMOND","KY - Lexington",21.7631578947368,695444.15,360808.58,320578.71
"ST JAMES HEALTHCARE","BUTTE","MT - Missoula",21.6470588235294,883022.78,360588.28,323240.46
"HOLLAND COMMUNITY HOSPITAL","HOLLAND","MI - Grand Rapids",26.5918367346939,899090.21,360516.84,314570.55
"RAULERSON HOSPITAL","OKEECHOBEE","FL - Orlando",33.0476190476191,1876474.89,359975.21,305620.51
"LONGVIEW REGIONAL MEDICAL CENTER","LONGVIEW","TX - Longview",26.4222222222222,2183163.49,359971.64,303670.63
"UNITED MEDICAL CENTER","WASHINGTON","DC - Washington",22.7941176470588,1135875.41,359229.65,331303.05
"IU HEALTH GOSHEN HOSPITAL","GOSHEN","IN - South Bend",28.5102040816327,1224817.19,359128.91,298355.87
"NORTHSIDE HOSPITAL CHEROKEE","CANTON","GA - Atlanta",23,1683790.72,359010.04,307077.11
"RUTHERFORD HOSPITAL INC","RUTHERFORDTON","NC - Charlotte",32.1764705882353,853608.87,358931.39,314694.89
"PROVIDENCE ST MARY MEDICAL CENTER","WALLA WALLA","WA - Spokane",26.1388888888889,943067.66,358878.8,307002.77
"RANDOLPH HOSPITAL","ASHEBORO","NC - Greensboro",34.5555555555556,806382.52,357963.57,316093.58
"CAYUGA MEDICAL CENTER AT ITHACA","ITHACA","NY - Rochester",26.4081632653061,624634.95,355806.9,303207.3
"ASHTABULA COUNTY MEDICAL CENTER","ASHTABULA","OH - Cleveland",26.3877551020408,907626.81,355328.49,304169.37
"MCKEE MEDICAL CENTER","LOVELAND","CO - Greeley",25.4222222222222,1164251.1,354628.72,301198.3
"MERCY HOSPITAL OF FOLSOM","FOLSOM","CA - Sacramento",30.027027027027,1906854.83,353993.48,280296.39
"INTEGRIS BASS BAPTIST HEALTH CENTER","ENID","OK - Oklahoma City",23.1891891891892,1550044.1,353893.41,308445.2
"SUTTER AUBURN FAITH HOSPITAL","AUBURN","CA - Sacramento",27.4390243902439,1537053.22,353685.84,301652.82
"CATSKILL REGIONAL MEDICAL CENTER","HARRIS","NY - Albany",31.675,917126.91,353567.91,313506.47
"MERCY FRANCISCAN HOSPITAL WESTERN HILLS","CINCINNATI","OH - Cincinnati",35.6346153846154,1059429.11,352436.64,297231.02
"DYERSBURG REGIONAL MEDICAL CENTER","DYERSBURG","TN - Memphis",40.75,2093347.9,352366.05,305708.16
"MAINLAND MEDICAL CENTER","TEXAS CITY","TX - Houston",23.7857142857143,2388427.57,350858.97,311963.52
"MERCY HOSPITAL - CADILLAC","CADILLAC","MI - Grand Rapids",30.3076923076923,776950.81,350288.46,294404.63
"NEWPORT HOSPITAL","NEWPORT","RI - Providence",28.8648648648649,793084.85,350144.8,314055.94
"PARKER ADVENTIST HOSPITAL","PARKER","CO - Denver",23.0540540540541,1954722.31,347451.51,282360.79
"PENOBSCOT BAY MEDICAL CENTER","ROCKPORT","ME - Portland",27.8444444444444,750515.18,347270.12,297479.47
"BAYLOR MEDICAL CENTER AT CARROLLTON","CARROLLTON","TX - Dallas",25.8157894736842,1238984,347225.3,289141.19
"MARINA DEL REY HOSPITAL","MARINA DEL REY","CA - Los Angeles",26.2857142857143,2265604.61,346832.19,295492.51
"ALASKA REGIONAL HOSPITAL","ANCHORAGE","AK - Anchorage",25.0384615384615,1450181.53,346801.38,254708.8
"CLINTON MEMORIAL HOSPITAL","WILMINGTON","OH - Cincinnati",23.5111111111111,454715.67,346711.92,308846.93
"SOUTH SHORE HOSPITAL","CHICAGO","IL - Chicago",29.425,1061859.89,346689.89,315684.13
"CORAL SPRINGS MEDICAL CENTER","CORAL SPRINGS","FL - Fort Lauderdale",24.3260869565217,1444410.43,346099.03,304183.18
"ROANOKE CHOWAN HOSPITAL","AHOSKIE","NC - Greenville",30.7608695652174,836428.86,345521.2,305326.02
"LEWISGALE HOSPITAL MONTGOMERY","BLACKSBURG","VA - Roanoke",29.6666666666667,1061847.16,343734.95,290870.56
"WOMAN'S CHRISTIAN ASSOCIATION","JAMESTOWN","PA - Erie",28.18,786992.16,343289.43,282386.56
"SOUTHEASTERN OHIO REGIONAL MEDICAL CENTER","CAMBRIDGE","OH - Columbus",31.3555555555556,598119.5,343272.18,306284.74
"JENNIE EDMUNDSON HOSPITAL","COUNCIL BLUFFS","NE - Omaha",32.1063829787234,1091592.88,343103.42,287160.96
"WEST BOCA MEDICAL CENTER","BOCA RATON","FL - Fort Lauderdale",28.8653846153846,1767305.33,343075.74,290559.73
"EUCLID HOSPITAL","EUCLID","OH - Cleveland",34.32,1181021.19,342685.35,298029.71
"MCALESTER REGIONAL HEALTH CENTER","MCALESTER","OK - Tulsa",31.4893617021277,1001509.66,341755.84,303503.92
"EPHRATA COMMUNITY HOSPITAL","EPHRATA","PA - Lancaster",30.5625,1253103.15,339647.46,282746.83
"WOODLAND HEIGHTS MEDICAL CENTER","LUFKIN","TX - Houston",29.3404255319149,2333190.8,339420.91,289204.6
"ST AGNES HSPTL","FOND DU LAC","WI - Milwaukee",22.5,1106926.54,339101.47,291223.56
"GORDON HOSPITAL","CALHOUN","GA - Rome",30.1590909090909,1238454.54,338935.43,267700.63
"MERCY REGIONAL HEALTH CENTER","MANHATTAN","KS - Topeka",25.0408163265306,1075843.65,338702.33,293075.8
"HERITAGE HOSPITAL","TARBORO","NC - Greenville",30.3265306122449,1060682.99,338559,286917.17
"MERCY REGIONAL MEDICAL CENTER","VILLE PLATTE","LA - Lafayette",32.0612244897959,981661.09,338481.95,281244.67
"GENESIS MEDICAL CENTER ILLINI CAMPUS","SILVIS","IA - Davenport",30.5869565217391,920726.76,338336.84,291982.36
"ST JOSEPH HOSPITAL","BANGOR","ME - Bangor",33.7058823529412,748574.46,338330.43,291601.11
"RIVERSIDE COUNTY REGIONAL MEDICAL CENTER","MORENO VALLEY","CA - San Bernardino",35.0333333333333,1495014.55,337972.77,312687.73
"JAMESON MEMORIAL HOSPITAL","NEW CASTLE","OH - Youngstown",29.6666666666667,650398.11,337828.76,288451.68
"MERRIMACK VALLEY HOSPITAL","HAVERHILL","MA - Boston",27.5,631519.88,337283.63,288395.98
"SIERRA PROVIDENCE EAST MEDICAL CENTER","EL PASO","TX - El Paso",23.8,2465928.67,337043.16,289220.94
"SETON HEALTH SYSTEM-ST MARY'S CAMPUS","TROY","NY - Albany",28.0612244897959,1081096.5,336852.01,284842.44
"ST PETER'S HOSPITAL","HELENA","MT - Billings",25.1190476190476,744907.58,336506.63,280621.59
"CHESHIRE MEDICAL CENTER","KEENE","NH - Lebanon",27.8461538461538,701854.96,336263.88,300262.19
"SAMPSON REGIONAL MEDICAL CENTER","CLINTON","NC - Raleigh",31.0731707317073,741946.81,335481.55,298588.16
"CORTLAND REGIONAL MEDICAL CENTER, INC","CORTLAND","NY - Syracuse",31,596295.63,335224.19,300105.09
"PROVIDENCE LITTLE CO OF MARY MED CTR SAN PEDRO","SAN PEDRO","CA - Los Angeles",23.75,2188845.39,335018.05,304529.13
"JANE PHILLIPS MEDICAL CENTER","BARTLESVILLE","OK - Tulsa",31.4285714285714,806110.82,334729.07,287048.51
"HUNT REGIONAL MEDICAL CENTER","GREENVILLE","TX - Dallas",36.1739130434783,1046745.67,334681.19,293210.31
"ROXBOROUGH MEMORIAL HOSPITAL","PHILA","PA - Philadelphia",25.6216216216216,1160778.42,334262.48,301817.05
"GALESBURG COTTAGE HOSPITAL","GALESBURG","IL - Peoria",26.8222222222222,1765364.37,334124.32,284399.61
"CALDWELL MEMORIAL HOSPITAL","LENOIR","NC - Hickory",24.4358974358974,875360.15,333841.62,297426.17
"MARSHALL MEDICAL CENTER SOUTH","BOAZ","AL - Birmingham",28.9591836734694,806103.51,333794.43,283887.94
"LAKE FOREST HOSPITAL","LAKE FOREST","IL - Evanston",36.8,1431659.65,332539.47,284767.84
"ST CLAIRE REGIONAL MEDICAL CENTER","MOREHEAD","KY - Lexington",34.525,825483.25,332318.39,298219.44
"RUSH OAK PARK HOSPITAL","OAK PARK","IL - Melrose Park",29.0487804878049,1268667.49,332033.68,287292.68
"NACOGDOCHES MEDICAL CENTER","NACOGDOCHES","TX - Houston",23.7608695652174,2221737.47,332016.5,283026.43
"OZARKS MEDICAL CENTER","WEST PLAINS","MO - Springfield",35.0454545454545,815065.05,331617.5,294080.69
"ST JOSEPH MERCY PORT HURON","PORT HURON","MI - Detroit",33.5918367346939,752696.02,331549.07,286721.01
"OKLAHOMA HEART HOSPITAL","OKLAHOMA CITY","OK - Oklahoma City",79.5,1275975.88,331297.03,272821.54
"ALLE KISKI MEDICAL CENTER","NATRONA","PA - Pittsburgh",30.26,909519.94,330566.97,286753.8
"CHINO VALLEY MEDICAL CENTER","CHINO","CA - San Bernardino",29.6875,864431.99,330560.9,305570.03
"MERCY HEALTH PARTNERS, HACKLEY CAMPUS","MUSKEGON","MI - Muskegon",28.9090909090909,588738.69,330532.03,283135.79
"ST MARY'S HOSPITAL AT AMSTERDAM","AMSTERDAM","NY - Albany",30.1538461538462,766722.8,330271.44,281398.33
"MURRAY-CALLOWAY COUNTY HOSPITAL","MURRAY","KY - Paducah",29.8679245283019,1002527.48,330216.13,271905.42
"KENNEWICK GENERAL HOSPITAL","KENNEWICK","WA - Spokane",28.0952380952381,977791.98,330073.47,289478.36
"UPMC NORTHWEST","SENECA","PA - Erie",32.719298245614,759112.3,329783.01,287296.87
"BROWNWOOD REGIONAL MEDICAL CENTER","BROWNWOOD","TX - Abilene",34.1730769230769,1762555.34,329370.17,283227.24
"CAROLINA PINES REGIONAL MEDICAL CENTER","HARTSVILLE","SC - Columbia",29.8510638297872,1284189.75,329217.29,286393.75
"CENTRAL VERMONT MEDICAL CENTER","BARRE","VT - Burlington",28.2258064516129,521503.55,329134.63,299529.51
"SCHUYLKILL MEDICAL CENTER - EAST NORWEGIAN STREET","POTTSVILLE","PA - Reading",31.9272727272727,797008.74,327173.86,279811.3
"CYPRESS FAIRBANKS MEDICAL CENTER","HOUSTON","TX - Houston",21.9444444444444,2041009.92,326911.48,272119.75
"MEDICAL CENTER SOUTH ARKANSAS","EL DORADO","AR - Little Rock",36.7727272727273,1487535.3,326816.21,278380
"AVERA SACRED HEART HOSPITAL","YANKTON","SD - Sioux Falls",26.8974358974359,918353.99,326762.61,290670.84
"GREENVIEW REGIONAL HOSPITAL","BOWLING GREEN","TN - Nashville",27.9545454545455,1360855.25,326478.73,271499.36
"JACKSON COUNTY MEMORIAL HOSPITAL","ALTUS","OK - Oklahoma City",27.6190476190476,829832.19,325914.12,283244.71
"OVERLAND PARK REG MED CTR","OVERLAND PARK","MO - Kansas City",26.075,2103722.55,325912.4,254856.37
"LEWISGALE HOSPITAL PULASKI","PULASKI","VA - Roanoke",23.2272727272727,1013041.73,325299.22,279007.86
"DAVIS MEMORIAL HOSPITAL","ELKINS","WV - Morgantown",30.4807692307692,596378.24,324687.94,277266.72
"EXCELA HEALTH LATROBE HOSPITAL","LATROBE","PA - Pittsburgh",26.7560975609756,718453.52,324476.67,280491.29
"THOREK MEMORIAL HOSPITAL","CHICAGO","IL - Chicago",37.7058823529412,653728.67,324199.42,298173.97
"STRINGFELLOW MEMORIAL HOSPITAL","ANNISTON","AL - Birmingham",28.2592592592593,1876539.91,323940.7,255658.72
"MARY LANNING MEMORIAL HOSPITAL","HASTINGS","NE - Lincoln",28.0512820512821,745393.22,323552.64,285711.43
"CHRISTUS ST CATHERINE HOSPITAL","KATY","TX - Houston",23.5238095238095,1227372.36,323535.3,271251.64
"MEADOWLANDS HOSPITAL MEDICAL CENTER","SECAUCUS","NJ - Hackensack",23.1666666666667,3299011.76,322847.92,283494.47
"TEMPLE COMMUNITY HOSPITAL","LOS ANGELES","CA - Los Angeles",30.7297297297297,1256942.47,322368.23,296058.73
"THE MEDICAL CENTER OF SOUTHEAST TEXAS","PORT ARTHUR","TX - Beaumont",29.1521739130435,1758693.4,322254.66,272713.56
"LORIS COMMUNITY HOSPITAL","LORIS","SC - Florence",29.6857142857143,978524.31,321777.25,276121.17
"GETTYSBURG HOSPITAL","GETTYSBURG","PA - Harrisburg",30.7777777777778,727696.75,321580.54,266987.77
"MEMORIAL HOSPITAL PEMBROKE","PEMBROKE PINES","FL - Miami",22.1315789473684,1877365.87,321280.54,281809.55
"AVERA HEART HOSPITAL OF SOUTH DAKOTA LLC","SIOUX FALLS","SD - Sioux Falls",47.4090909090909,681198.11,320431.68,173673.5
"WEATHERFORD REGIONAL MEDICAL CENTER","WEATHERFORD","TX - Fort Worth",29.6530612244898,1377985.3,320349.51,277474.47
"MORTON PLANT NORTH BAY HOSPITAL","NEW PORT RICHEY","FL - Hudson",31.843137254902,1607597.74,320315.48,275020.92
"COFFEE REGIONAL MEDICAL CENTER","DOUGLAS","FL - Jacksonville",33.719298245614,1022935.96,319428.63,268255.02
"KATHERINE SHAW BETHEA HOSPITAL","DIXON","IL - Rockford",25.0851063829787,1385797.95,319117.21,270083.69
"SUMMIT HEALTHCARE REGIONAL MEDICAL CENTER","SHOW LOW","AZ - Phoenix",20.6551724137931,771409.84,318789.88,272223.34
"SAINT JOSEPH MERCY LIVINGSTON HOSPITAL","HOWELL","MI - Ann Arbor",27.047619047619,774028.96,318721.31,272338.25
"NORTH SUBURBAN MEDICAL CENTER","THORNTON","CO - Denver",20.7666666666667,1616998.21,317400.55,249330.36
"ST MARYS REGIONAL MEDICAL CENTER","RUSSELLVILLE","AR - Little Rock",31,1278142.66,317113.17,268516.18
"HENRY COUNTY MEDICAL CENTER","PARIS","TN - Jackson",24.2083333333333,935633.28,316228.12,274735.01
"ST LUKES NORTHLAND HOSPITAL","KANSAS CITY","MO - Kansas City",26.6136363636364,1473484.53,316151.91,251471.38
"LAKE WALES MEDICAL CENTER","LAKE WALES","FL - Orlando",33.1153846153846,2228542.3,315766.72,264816.88
"NEWTON MEDICAL CENTER","COVINGTON","GA - Atlanta",31.4042553191489,727936.11,315642.73,269078.45
"UPMC HORIZON","GREENVILLE","PA - Erie",27.2549019607843,944690.71,313535.89,257773.74
"HURON HOSPITAL","CLEVELAND","OH - Cleveland",25.1875,806497.36,313380.77,289461.98
"MARIA PARHAM MEDICAL CENTER","HENDERSON","NC - Durham",28.8048780487805,676321.72,313266.78,274602.64
"RIDGEVIEW MEDICAL CENTER","WACONIA","MN - Minneapolis",26.4146341463415,777458.63,313234.87,275748.89
"WEIRTON MEDICAL CENTER","WEIRTON","PA - Pittsburgh",28.4081632653061,691111.07,312913.79,266716.55
"SOUTHWESTERN VERMONT MEDICAL CENTER","BENNINGTON","NY - Albany",36.4,639622.26,312513.42,257763.61
"CHIPPEWA COUNTY WAR MEMORIAL HOSPITAL","SAULT SAINTE MA","MI - Petoskey",24.5428571428571,505398.14,312303.76,279862.3
"SOUTHERN TENNESSEE MEDICAL CENTER","WINCHESTER","TN - Nashville",35.4716981132075,1095379.34,311913.26,261191.64
"SOUTH BALDWIN REGIONAL MEDICAL CENTER","FOLEY","AL - Mobile",30.530612244898,2131671.52,311583.63,260400.57
"PACIFIC HOSPITAL OF LONG BEACH","LONG BEACH","CA - Los Angeles",54.125,1531851.43,311244.31,292546.21
"ST BERNARD HOSPITAL","CHICAGO","IL - Chicago",40.09375,617781.25,311142.26,284241.4
"ST CLOUD REGIONAL MEDICAL CENTER","SAINT CLOUD","FL - Orlando",26.468085106383,1766775.51,310202.97,258007.63
"INDIANA UNIVERSITY HEALTH NORTH HOSPITAL","CARMEL","IN - Indianapolis",25.8787878787879,1060148.59,310107.09,237444.75
"PASSAVANT AREA HOSPITAL","JACKSONVILLE","IL - Springfield",32.8684210526316,897537.1,309772.48,266303.06
"INDIANA REGIONAL MEDICAL CENTER","INDIANA","PA - Pittsburgh",29.98,680181.16,309517.94,268208.85
"TAHLEQUAH CITY HOSPITAL","TAHLEQUAH","OK - Tulsa",25.7272727272727,707483.77,309461.44,273457.56
"LAKE POINTE MEDICAL CENTER","ROWLETT","TX - Dallas",24.6521739130435,1703999.47,309186.03,266591.91
"JOHN RANDOLPH MEDICAL CENTER","HOPEWELL","VA - Richmond",30.0444444444444,2322711.06,309028.42,256618.78
"SALINE MEMORIAL HOSPITAL","BENTON","AR - Little Rock",35,906215.38,308580.38,262640.99
"GERALD CHAMPION REGIONAL MEDICAL CENTE","ALAMOGORDO","TX - El Paso",24.1428571428571,637258.79,308501.09,273825.77
"CRITTENDEN MEMORIAL HOSPITAL","WEST MEMPHIS","TN - Memphis",25.1904761904762,897736.39,307844.84,270076.1
"MILFORD HOSPITAL, INC","MILFORD","CT - New Haven",27.2222222222222,819092.82,307766.9,266378.42
"MCKENZIE-WILLAMETTE MEDICAL CENTER","SPRINGFIELD","OR - Eugene",24.2820512820513,936569.49,307270.96,262668.28
"WILLAMETTE VALLEY MEDICAL CENTER","MCMINNVILLE","OR - Portland",24,1028973.92,306348,272759.12
"OCHSNER MEDICAL CENTER-KENNER LLC","KENNER","LA - Metairie",17.8571428571429,1278674.93,306043.04,267453.66
"ARKANSAS HEART HOSPITAL","LITTLE ROCK","AR - Little Rock",88.4186046511628,1079862.06,305436.31,260263.25
"SOUTH JERSEY HEALTHCARE-ELMER HOSPITAL","ELMER","NJ - Camden",24.6136363636364,2205530.71,304536.11,259897.92
"COLUMBIA MEMORIAL HOSPITAL","HUDSON","NY - Albany",37.8571428571429,626000.53,304360.88,259339.81
"ST ELIZABETH HSPTL","APPLETON","WI - Appleton",21.9705882352941,594989.47,304286.32,253647.73
"PARKLAND MEDICAL CENTER","DERRY","NH - Manchester",25.9047619047619,1112021.34,304078.4,252774.49
"VERDUGO HILLS HOSPITAL","GLENDALE","CA - Los Angeles",26.2619047619048,1374591.67,303429.41,264383.24
"HEALTHEAST WOODWINDS HOSPITAL","WOODBURY","MN - St. Paul",30.25,941814.17,303227.2,238520.08
"UKIAH VALLEY MEDICAL CENTER/HOSPITAL D","UKIAH","CA - Napa",24.3142857142857,949326.98,303212.89,270181.55
"SIERRA VISTA REGIONAL MEDICAL CENTER","SAN LUIS OBISPO","CA - San Luis Obispo",25.8064516129032,2441341.13,302832.97,262927.52
"MOUNT VERNON HOSPITAL","MOUNT VERNON","NY - White Plains",19.5714285714286,543311.85,302472.74,277293.11
"OKLAHOMA HEART HOSPITAL SOUTH","OKLAHOMA CITY","OK - Oklahoma City",37.5,1256522.9,302108.53,256049.17
"ST MARYS REGIONAL MEDICAL CENTER","LEWISTON","ME - Portland",31.7575757575758,802494.97,301208.38,264912.93
"EASTERN NIAGARA HOSPITAL","LOCKPORT","NY - Buffalo",32.3181818181818,498742.62,301096.61,258224.41
"ALAMEDA HOSPITAL","ALAMEDA","CA - Alameda County",23.9,1190074.48,299065.79,274149
"ALAMEDA COUNTY MEDICAL CENTER","OAKLAND","CA - Alameda County",20.5714285714286,654479.48,298159.22,283714.05
"HAWAII MEDICAL CENTER WEST","EWA BEACH","HI - Honolulu",20.7142857142857,759755.64,297674,256848.01
"HUNTINGTON BEACH HOSPITAL","HUNTINGTON BEAC","CA - Orange County",26.6333333333333,1130217.9,297126.5,271734.87
"SALEM COMMUNITY HOSPITAL","SALEM","OH - Youngstown",26.046511627907,673936.64,296508.18,255598.01
"THEDA CLARK MED CTR","NEENAH","WI - Neenah",27.1621621621622,557409.55,295749.61,252913.12
"MONONGAHELA VALLEY HOSPITAL","MONONGAHELA","PA - Pittsburgh",26.9,877531.34,295394.23,252939.48
"FAIRMONT GENERAL HOSPITAL","FAIRMONT","WV - Morgantown",33.0697674418605,696659.25,294742.35,254639.78
"KETTERING MEDICAL CENTER - SYCAMORE","MIAMISBURG","OH - Kettering",33.3571428571429,1181250.69,294728.77,249792.65
"PETALUMA VALLEY HOSPITAL","PETALUMA","CA - Santa Rosa",23.5172413793103,1851729.52,294272.49,269787.67
"COMMUNITY MEMORIAL HEALTHCENTER, INC","SOUTH HILL","VA - Richmond",29.4285714285714,968783.46,294101.15,248937.53
"OLEAN GENERAL HOSPITAL","OLEAN","NY - Buffalo",34.7083333333333,512804.2,293884.82,249596.65
"UNION HOSPITAL","DOVER","OH - Canton",34.5208333333333,471835.64,292982.3,251755.34
"HORIZON MEDICAL CENTER","DICKSON","TN - Nashville",32.8684210526316,1080177.68,292064.54,240179.09
"SOUTHSIDE COMMUNITY HOSPITAL, INC","FARMVILLE","VA - Richmond",33.6666666666667,689979.77,291360.68,250818.55
"ORO VALLEY HOSPITAL","ORO VALLEY","AZ - Tucson",27.5238095238095,1474307.61,291172.75,250249.22
"FREMONT AREA MEDICAL CENTER","FREMONT","NE - Omaha",29.6923076923077,961641.63,290552.62,219294.25
"SAINT ANTHONY HOSPITAL","CHICAGO","IL - Chicago",22.5,922113.74,290189.32,259457.37
"EVANGELICAL COMMUNITY HOSPITAL","LEWISBURG","PA - Danville",34.9756097560976,555692.62,290187.05,247333.01
"UHHS BEDFORD MEDICAL CENTER","BEDFORD","OH - Cleveland",23.8,1136861.97,289849.06,253042.98
"INDIAN PATH MEDICAL CENTER","KINGSPORT","TN - Kingsport",31.5405405405405,1319819.6,289576.06,243240.54
"NIAGARA FALLS MEMORIAL MEDICAL CENTER","NIAGARA FALLS","NY - Buffalo",27.8787878787879,490586.67,289346.22,252644.03
"LUBBOCK HEART HOSPITAL LP","LUBBOCK","TX - Lubbock",43.6829268292683,1134589.6,289312.68,249837.34
"WISE REGIONAL HEALTH SYSTEM","DECATUR","TX - Dallas",21.8947368421053,1309076.91,289011.4,253178.68
"LOWER KEYS MEDICAL CENTER","KEY WEST","FL - Miami",23.1290322580645,1217989.79,288783.79,251960.29
"DAVIS REGIONAL MEDICAL CENTER","STATESVILLE","NC - Winston-Salem",23.5897435897436,1054670.07,288397.98,254521.84
"NORTHEAST REGIONAL MEDICAL CENTER","KIRKSVILLE","MO - Columbia",29.0344827586207,1121178.83,288260.37,256900.06
"ST FRANCIS REGIONAL MEDICAL CENTER","SHAKOPEE","MN - Minneapolis",27.1538461538462,873302.8,288082.75,241323.49
"OTTUMWA REGIONAL HEALTH CENTER","OTTUMWA","IA - Iowa City",25.5,618846.74,288055.48,248519.24
"UNIVERSITY MEDICAL CENTER OF EL PASO","EL PASO","TX - El Paso",16.4666666666667,674765.76,288021.73,261401.27
"JACKSON PURCHASE MEDICAL CENTER","MAYFIELD","KY - Paducah",36.8571428571429,802121.81,287782.41,246393.48
"LAURENS COUNTY HEALTHCARE SYSTEM","CLINTON","SC - Greenville",25.6470588235294,970236.42,287379.45,251169.8
"SHARON HOSPITAL","SHARON","CT - Hartford",21.7,530849.57,287367.8,262761.68
"TWIN COUNTY REGIONAL HOSPITAL","GALAX","NC - Winston-Salem",29.4878048780488,782724.46,287283.83,245796.15
"HUGH CHATHAM MEMORIAL HOSPITAL","ELKIN","NC - Winston-Salem",28.0238095238095,851770.94,287233.04,250188.07
"CAROLINAS MEDICAL CENTER-LINCOLN","LINCOLNTON","NC - Charlotte",30.6666666666667,1026366.06,286767.91,244709.67
"ST MARYS HOSPITAL","STREATOR","IL - Peoria",25.9411764705882,756138.21,286508.57,248243.31
"SUTTER TRACY COMMUNITY HOSPITAL","TRACY","CA - Stockton",22.7575757575758,1491452.35,285568.41,250136.97
"CULPEPER REGIONAL HOSPITAL","CULPEPER","VA - Charlottesville",29.4615384615385,803634.9,284984.55,236024
"ALLIANCE COMMUNITY HOSPITAL","ALLIANCE","OH - Canton",24.2702702702703,567907,284921.76,250055.47
"ST MARY'S MEDICAL CENTER","WEST PALM BEACH","FL - Fort Lauderdale",22.3103448275862,1464153.75,284374.04,245815.86
"PRAIRIE LAKES HOSPITAL","WATERTOWN","SD - Sioux Falls",27.0526315789474,567442.1,284367.13,247268.2
"ST MARY'S MEDICAL CENTER","BLUE SPRINGS","MO - Kansas City",24.5,1207799.45,283904.87,241616.57
"SILVER LAKE MEDICAL CENTER","LOS ANGELES","CA - Los Angeles",54,859848.55,283677.15,261967.38
"NAVARRO REGIONAL HOSPITAL","CORSICANA","TX - Dallas",26.6666666666667,1215470.79,283417.91,243626.89
"KING'S DAUGHTERS' HOSPITAL AND HEALTH SERVICES,THE","MADISON","KY - Louisville",25.3333333333333,798338.42,283223.46,238781.87
"MOUNT ST MARY'S HOSPITAL AND  HEALTH CENTER","LEWISTON","NY - Buffalo",27.6976744186047,455939.39,283106.5,239493.73
"PHOEBE NORTH","ALBANY","GA - Albany",24.7105263157895,1157162.33,282788.92,235149.09
"COMMUNITY-GENERAL HOSPITAL OF GREATER SYRACUSE","SYRACUSE","NY - Syracuse",38.2285714285714,655776.83,281949.66,242679.21
"NORWEGIAN-AMERICAN HOSPITAL","CHICAGO","IL - Chicago",42.1379310344828,775361.02,281742.11,255959.36
"KENMORE MERCY HOSPITAL","KENMORE","NY - Buffalo",33.5789473684211,609791.53,281571.51,223260.35
"HEYWOOD HOSPITAL","GARDNER","MA - Worcester",27.3783783783784,410250.97,281529.26,252445.73
"VENTURA COUNTY MEDICAL CENTER","VENTURA","CA - Ventura",19.36,955108.75,281481.81,259913.6
"SANDHILLS REGIONAL MEDICAL CENTER","HAMLET","NC - Charlotte",26.4318181818182,1243145.2,281435.35,241892.45
"OSWEGO HOSPITAL","OSWEGO","NY - Syracuse",28.7857142857143,600021.76,281369.19,247301.35
"LEWISTOWN HOSPITAL","LEWISTOWN","PA - Harrisburg",32.0243902439024,572057.34,281312.54,240105.44
"ST LUKE'S SUGAR LAND HOSPITAL","SUGAR LAND","TX - Houston",18.125,1153064.5,281153.92,231843.44
"CORNING HOSPITAL","CORNING","PA - Sayre",28.3777777777778,612331.87,281109.11,240946.18
"OCHSNER MEDICAL CENTER-BATON ROUGE","BATON ROUGE","LA - Baton Rouge",21.2222222222222,744640.29,281060.07,246105.55
"ADVENTIST GLENOAKS","GLENDALE HEIGHT","IL - Melrose Park",45.5769230769231,1029540.31,280955.73,251788.32
"SAINT LUKE'S SOUTH HOSPITAL","OVERLAND PARK","MO - Kansas City",30.4772727272727,1400970.85,280868.65,222664.71
"FRANKFORT REGIONAL MEDICAL CENTER","FRANKFORT","KY - Lexington",29.5,1175419.57,280288,236951.26
"NORTHWESTERN MEDICAL CENTER INC","SAINT ALBANS","VT - Burlington",23.8620689655172,338582.15,280041.45,254929.4
"ROCKVILLE GENERAL HOSPITAL","ROCKVILLE","CT - Hartford",23.8484848484848,665787.59,279995.57,239554.04
"SANFORD BEMIDJI MEDICAL CENTER","BEMIDJI","ND - Fargo/Moorhead MN",27.1388888888889,662654.2,279809.39,239909.25
"UHHS RICHMOND HEIGHTS HOSPITAL","RICHMOND HEIGHT","OH - Cleveland",23.7714285714286,717206.44,279723.56,250845.99
"WUESTHOFF MEDICAL CENTER - MELBOURNE","MELBOURNE","FL - Orlando",25.1842105263158,1077627.06,279562.82,233626.53
"CHRISTUS ST JOHN HOSPITAL","NASSAU BAY","TX - Houston",24.025,1128638.9,279015.98,228095.35
"CAROLINAS MED CTR-UNIVERSITY","CHARLOTTE","NC - Charlotte",25.6,807270.73,278474.69,226058.58
"LANCASTER REGIONAL MEDICAL CENTER","LANCASTER","PA - Lancaster",24.1818181818182,1260663.44,278239.81,241548.81
"CROSSGATES RIVER OAKS HOSPITAL","BRANDON","MS - Jackson",25.625,2041266.11,278182.95,226975.69
"GREENBRIER VALLEY MEDICAL CENTER","RONCEVERTE","WV - Charleston",34.3333333333333,501648.75,278108.21,242364.47
"FRISBIE MEMORIAL HOSPITAL","ROCHESTER","ME - Portland",25.375,749864.48,278006.14,234116.79
"MID COAST HOSPITAL","BRUNSWICK","ME - Portland",30.5581395348837,656369.96,277999.25,232717.89
"UNITY HEALTH CENTER","SHAWNEE","OK - Oklahoma City",30.5581395348837,636071.36,277989.76,239471.45
"BOZEMAN DEACONESS HOSPITAL","BOZEMAN","MT - Billings",25.1578947368421,608561.84,277610.77,234922.41
"TAYLOR REGIONAL HOSPITAL","CAMPBELLSVILLE","KY - Louisville",24.225,655675.05,277371.9,243799.68
"DEKALB MEDICAL CENTER AT HILLANDALE","LITHONIA","GA - Atlanta",25.2105263157895,703104.31,276890.26,239554.42
"SAINT ANTHONY'S HEALTH CENTER","ALTON","MO - St. Louis",25.4857142857143,1253622.43,276354.91,243863.06
"TITUS REGIONAL MEDICAL CENTER","MOUNT PLEASANT","TX - Tyler",23.6857142857143,645195.34,276109.51,243247.45
"VIA CHRISTI HOSPITAL PITTSBURG INC","PITTSBURG","MO - Joplin",27.9487179487179,921229.41,274724.34,234137.98
"HENDERSONVILLE MEDICAL CENTER","HENDERSONVILLE","TN - Nashville",26.2058823529412,1344286.58,273839,209598.38
"ENGLEWOOD COMMUNITY HOSPITAL","ENGLEWOOD","FL - Sarasota",29.5,1926346.34,273718.44,228176.59
"MARSHALL MEDICAL CENTER NORTH","GUNTERSVILLE","AL - Huntsville",34.6,688879.93,273480.14,229737.37
"COMMUNITY HEALTH CENTER OF BRANCH COUNTY","COLDWATER","MI - Kalamazoo",26.1842105263158,619674.37,272868.52,236449.22
"IBERIA GENERAL HOSPITAL AND MEDICAL CENTER","NEW IBERIA","LA - Lafayette",28.2142857142857,1251558.53,272390.82,234044.52
"NORTHCREST MEDICAL CENTER","SPRINGFIELD","TN - Nashville",27.3939393939394,698128.18,272339.81,241318.34
"PRESBYTERIAN HOSPITAL HUNTERSVILLE","HUNTERSVILLE","NC - Charlotte",33.4736842105263,788947.66,272304.51,228288.22
"LEWISGALE HOSPITAL ALLEGHANY","LOW MOOR","VA - Roanoke",26.5217391304348,916637.8,271811.51,222387.14
"PARKWAY MEDICAL CENTER","DECATUR","AL - Huntsville",26.325,1444073.65,271495.23,194172.62
"OHIO VALLEY MEDICAL CENTER","WHEELING","PA - Pittsburgh",18.7941176470588,761116.29,271452.17,242644.72
"DEARBORN COUNTY HOSPITAL","LAWRENCEBURG","OH - Cincinnati",27.9772727272727,793895.97,271248.4,231671.41
"YORK HOSPITAL","YORK","ME - Portland",29.2857142857143,937254.45,270864.96,232065.03
"BAPTIST EASLEY HOSPITAL","EASLEY","SC - Greenville",31.6285714285714,1087434.21,269908.26,225697.02
"GOOD SHEPHERD MEDICAL CENTER MARSHALL","MARSHALL","LA - Shreveport",25.3513513513514,1042159.89,269592.94,234310.88
"SOUTH FLORIDA BAPTIST HOSPITAL","PLANT CITY","FL - Lakeland",25.0909090909091,1160909.71,269513.69,222960.65
"WHEATON FRANCISCAN INC - ELMBROOK MEMORIAL","BROOKFIELD","WI - Milwaukee",23.6388888888889,836355.54,269184.48,226530.86
"MONTCLAIR HOSPITAL MEDICAL CENTER","MONTCLAIR","CA - Los Angeles",20.5652173913043,686474.27,269180.69,250377.49
"RUSSELL HOSPITAL","ALEXANDER CITY","AL - Birmingham",24.275,469627.75,268872.6,228633.93
"MARSHALLTOWN MEDICAL & SURGICAL CENTER","MARSHALLTOWN","IA - Des Moines",25.4210526315789,664873.54,268810.3,215839.85
"ARKANSAS METHODIST MEDICAL CENTER","PARAGOULD","AR - Jonesboro",32.5853658536585,621842.09,268779.19,229684.65
"MEDWEST HARRIS","SYLVA","NC - Asheville",29.1176470588235,680675.73,268760.5,229179.92
"FORT DUNCAN MEDICAL CENTER","EAGLE PASS","TX - San Antonio",28.6153846153846,1445266.35,268657.85,232203.34
"ST CLARE'S HOSPITAL OF WESTON INC","WESTON","WI - Wausau",27.1818181818182,598143.72,268587.24,223593.63
"BERT FISH MEDICAL CENTER","NEW SMYRNA BEAC","FL - Ormond Beach",25.1025641025641,901516.21,268258.94,232167.07
"BAYLOR MEDICAL CENTER AT WAXAHACHIE","WAXAHACHIE","TX - Dallas",28.7714285714286,884031.98,267751.6,229129.01
"HEART HOSPITAL OF NEW MEXICO","ALBUQUERQUE","NM - Albuquerque",27.2666666666667,1301923.5,267541.95,223042.79
"ST MARYS HSPTL MED CTR","GREEN BAY","WI - Green Bay",25.1470588235294,718523.48,266921.79,200705.64
"ROME MEMORIAL HOSPITAL, INC","ROME","NY - Syracuse",26.2439024390244,807781.19,266514.53,233058
"SETON  NORTHWEST HOSPITAL","AUSTIN","TX - Austin",23.2941176470588,1495951.57,266415.71,217539.14
"WILKES REGIONAL MEDICAL CENTER","NORTH WILKESBOR","NC - Winston-Salem",29.906976744186,616946.71,265700.55,229727.9
"COLLETON MEDICAL CENTER","WALTERBORO","SC - Charleston",32.2571428571429,1010832.89,265562.32,226552.39
"HELEN ELLIS MEMORIAL HOSPITAL","TARPON SPRINGS","FL - Clearwater",24.5952380952381,1172931.61,265213.46,231278.81
"THE FINLEY HOSPITAL","DUBUQUE","IA - Dubuque",30.7333333333333,676300.95,264884.8,222996.15
"PARKLAND HEALTH CENTER","FARMINGTON","MO - St. Louis",32.195652173913,531285.4,264573.79,229771.58
"SAN DIMAS COMMUNITY HOSPITAL","SAN DIMAS","CA - Los Angeles",22.8518518518519,1507848.07,264103.36,241159.71
"SAINT ALPHONSUS MEDICAL CENTER - NAMPA","NAMPA","ID - Boise",21.9714285714286,688850.46,263822.47,224174.24
"METROPOLITAN HOSPITAL CENTER","NEW YORK","NY - Manhattan",20.3181818181818,245305.11,263308.3,246727.74
"ALBANY MEMORIAL HOSPITAL","ALBANY","NY - Albany",27.3571428571429,570589.8,262385.69,220633.09
"BANNER HEART HOSPITAL","MESA","AZ - Mesa",58.5714285714286,1391564.04,262365.47,225942.47
"COLUMBIA HOSPITAL","WEST PALM BEACH","FL - Fort Lauderdale",19.8484848484848,1720877.32,262067.52,230087.1
"STILLWATER MEDICAL CENTER","STILLWATER","OK - Tulsa",29.7777777777778,629880.58,261805.7,221253.8
"SOUTH COUNTY HOSPITAL INC","WAKEFIELD","RI - Providence",26.95,767200.21,261436.61,227261.64
"CALIFORNIA PACIFIC MEDICAL CTR - ST. LUKE'S CAMPUS","SAN FRANCISCO","CA - San Francisco",19.85,1222418.89,261412.82,240426
"MERCY HOSPITAL - GRAYLING","GRAYLING","MI - Traverse City",27.8048780487805,541577.2,261396.7,223640.05
"BROWARD HEALTH IMPERIAL POINT MEDICAL CENTER","FORT LAUDERDALE","FL - Fort Lauderdale",21.7567567567568,1051026.54,260561.89,230466.21
"CAPITAL MEDICAL CENTER","OLYMPIA","WA - Olympia",23.6666666666667,1052292.14,260412.04,216698.86
"NORTHERN NEVADA MEDICAL CENTER","SPARKS","NV - Reno",24.2727272727273,1493897.3,260208.78,218431.59
"PIEDMONT MOUNTAINSIDE HOSPITAL INC","JASPER","GA - Atlanta",27.0588235294118,818449.28,260013.35,224233.66
"EMMA L BIXBY MEDICAL CENTER","ADRIAN","MI - Ann Arbor",26.9,881128.96,259576.36,221204.09
"COMMUNITY MEDICAL CENTER INC","MISSOULA","MT - Missoula",24.8695652173913,565569.58,259189.2,220063.59
"RIVER OAKS HOSPITAL","JACKSON","MS - Jackson",27.8235294117647,1538108.47,258739.16,224533.62
"AUDRAIN MEDICAL CENTER","MEXICO","MO - Columbia",26.8421052631579,550198.63,257538.45,224988.06
"LEHIGH REGIONAL MEDICAL CENTER","LEHIGH ACRES","FL - Fort Myers",26.8947368421053,1473611.99,257470,222425.15
"COLQUITT REGIONAL MEDICAL CENTER","MOULTRIE","FL - Tallahassee",25.6969696969697,544159.93,256934.72,222704.19
"LUTHERAN HOSPITAL","CLEVELAND","OH - Cleveland",26.3939393939394,945526.16,256640.38,226411.53
"METHODIST MANSFIELD MEDICAL CENTER","MANSFIELD","TX - Fort Worth",24.8,1113628.89,256523.75,223114.27
"NIX HEALTH CARE SYSTEM","SAN ANTONIO","TX - San Antonio",52,1085648.92,256229.15,233324.2
"WEST CALCASIEU CAMERON HOSPITAL","SULPHUR","LA - Lake Charles",26.4594594594595,815867.3,255611.7,210390.19
"BRUNSWICK COMMUNITY HOSPITAL","SUPPLY","NC - Wilmington",29.8285714285714,763871.61,255354.87,222766.3
"WESTERLY HOSPITAL","WESTERLY","RI - Providence",28.5263157894737,630460.79,255152.11,220841.1
"ATHENS-LIMESTONE HOSPITAL","ATHENS","AL - Huntsville",28.2307692307692,562122.11,255149.78,213241.93
"PACIFICA HOSPITAL OF THE VALLEY","SUN VALLEY","CA - Los Angeles",37.3809523809524,500698.45,254896.36,237716.78
"RIVERSIDE SHORE MEMORIAL HOSPITAL","NASSAWADOX","VA - Norfolk",25.5952380952381,708452.18,254784.66,215095.11
"VALLEY VIEW REGIONAL HOSPITAL","ADA","OK - Oklahoma City",27.1290322580645,574482.66,254091.83,224861.01
"EMORY JOHNS CREEK HOSPITAL","JOHNS CREEK","GA - Atlanta",17.9117647058824,814299,254053.59,208259.59
"UPSON REGIONAL MEDICAL CENTER","THOMASTON","GA - Macon",24.5833333333333,633981.3,253887.11,217224.97
"NEW MILFORD HOSPITAL","NEW MILFORD","CT - New Haven",22.0666666666667,788489.15,253675.16,216508.17
"DUNCAN REGIONAL HOSPITAL, INC","DUNCAN","OK - Lawton",30.3953488372093,768443.94,253584.98,211220.87
"DAY KIMBALL HOSPITAL","PUTNAM","CT - Hartford",33.8108108108108,414697.84,253174.97,216906.03
"DELANO REGIONAL MEDICAL CENTER","DELANO","CA - Bakersfield",19,695446.15,252977.08,229722.46
"MEMORIAL HOSPITAL OF TAMPA","TAMPA","FL - Tampa",27.175,1367913.03,252795.09,203734.31
"GREENE MEMORIAL HOSPITAL","XENIA","OH - Kettering",22.5428571428571,950430.31,252754.32,219287.34
"LAC+USC MEDICAL CENTER","LOS ANGELES","CA - Los Angeles",16.1764705882353,864734.23,252001.45,236306.08
"WINONA HEALTH SERVICES","WINONA","WI - La Crosse",19.5142857142857,486440.11,251834.34,217814.78
"OCHSNER MEDICAL CENTER - NORTHSHORE, LLC","SLIDELL","LA - Slidell",21,1761348.14,251495.54,225452.46
"SUTTER COAST HOSPITAL","CRESCENT CITY","OR - Medford",23.9565217391304,799670.85,251451.68,225775.45
"AURORA MEMORIAL HSPTL BURLINGTON","BURLINGTON","WI - Milwaukee",23.6774193548387,834103.31,251326.94,209839.21
"FISHER-TITUS HOSPITAL","NORWALK","OH - Cleveland",25.7674418604651,679743.5,251105.47,216732.37
"BOLIVAR MEDICAL CENTER","CLEVELAND","TN - Memphis",25.5,951031.62,250836.76,215550.12
"MERCY ST ANNE HOSPITAL","TOLEDO","OH - Toledo",31.025,1497781.23,250493.75,211540.75
"COOSA VALLEY MEDICAL CENTER","SYLACAUGA","AL - Birmingham",27.8378378378378,1044672.59,250488.71,204766.16
"CLINCH VALLEY MEDICAL CENTER","RICHLANDS","TN - Kingsport",34.7777777777778,982758.64,250233.49,199932.39
"ODESSA REGIONAL HOSPITAL","ODESSA","TX - Odessa",25.4615384615385,1077619.99,250205.08,215089.94
"NORTHERN HOSPITAL OF SURRY COUNTY","MOUNT AIRY","NC - Winston-Salem",37.9189189189189,516118.84,250096.63,216397.46
"HARRINGTON MEMORIAL HOSPITAL","SOUTHBRIDGE","MA - Worcester",28.4571428571429,410670.13,249795.47,222257.38
"ST ELIZABETH COMMUNITY HOSPITAL","RED BLUFF","CA - Chico",25.3333333333333,1057592.65,249504.4,219019.66
"AURORA LAKELAND MED CTR","ELKHORN","WI - Milwaukee",23.3125,790523.17,249403.22,215578.33
"BAYSTATE FRANKLIN MEDICAL CENTER","GREENFIELD","MA - Springfield",26.7142857142857,587887.94,249117.25,213755.17
"DICKINSON COUNTY MEMORIAL HOSPITAL","IRON MOUNTAIN","WI - Green Bay",21.725,605505.73,248500.17,211163.68
"INDIANA HEART HOSPITAL THE","INDIANAPOLIS","IN - Indianapolis",47.4444444444444,985697.53,248271.37,211967.16
"SOUTHERN HILLS MEDICAL CTR","NASHVILLE","TN - Nashville",21.8620689655172,948411.96,247739.09,202919.3
"EDWARD WHITE HOSPITAL","SAINT PETERSBUR","FL - St. Petersburg",20.2647058823529,1755346.47,247658.31,209286.43
"HILL COUNTRY MEMORIAL HOSPITAL INC","FREDERICKSBURG","TX - San Antonio",26.7741935483871,574963.98,246922.26,210056.6
"JACKSON HOSPITAL","MARIANNA","AL - Dothan",28.4324324324324,561622.69,246764.07,209345.26
"FRANCISCAN ST ELIZABETH HEALTH - LAFAYETTE CENTRAL","LAFAYETTE","IN - Lafayette",35.5263157894737,756290.43,245920.33,210785.18
"OTTAWA REGIONAL HOSPITAL & HEALTHCARE CENTER","OTTAWA","IL - Peoria",26.4333333333333,674108.03,245542.7,217544.61
"AURORA MED CTR KENOSHA","KENOSHA","WI - Milwaukee",26.1176470588235,846778.03,245290.92,198731.56
"DOCTORS HOSPITAL TIDWELL","HOUSTON","TX - Houston",17.96,675631.49,245113.76,218466.21
"MAINE COAST MEMORIAL HOSPITAL","ELLSWORTH","ME - Bangor",21.6388888888889,623106.49,244929.1,212321.63
"BARTOW REGIONAL MEDICAL CENTER","BARTOW","FL - Lakeland",26.5384615384615,1164782.64,243855.65,203169.07
"HANCOCK REGIONAL HOSPITAL","GREENFIELD","IN - Indianapolis",25.7222222222222,627857.5,243482.21,212693.22
"WAYNE MEMORIAL HOSPITAL","JESUP","GA - Savannah",28.3823529411765,570907.93,243312.84,218400.6
"MILES MEMORIAL HOSPITAL (LINCOLN COUNTY HEALTHCARE","DAMARISCOTTA","ME - Portland",23.0416666666667,482084.68,242599.18,215867.54
"RIVER PARK HOSPITAL","MC MINNVILLE","TN - Nashville",27.4210526315789,952044.15,242522.01,211002.44
"WOOSTER COMMUNITY HOSPITAL","WOOSTER","OH - Canton",27.5952380952381,324109.77,242180.41,204506.25
"FRANKLIN MEMORIAL HOSPITAL","FARMINGTON","ME - Portland",23.2222222222222,562870.28,242094.57,215115
"WAYNE MEMORIAL HOSPITAL","HONESDALE","PA - Scranton",26.5151515151515,466940.34,241687.24,212376.52
"CANONSBURG GENERAL HOSPITAL","CANONSBURG","PA - Pittsburgh",17.9677419354839,613487.42,241284.15,214607.06
"ST ALEXIUS HOSPITAL","SAINT LOUIS","MO - St. Louis",47.9666666666667,854350.91,239899.36,215017.56
"HENRY COUNTY MEMORIAL HOSPITAL","NEW CASTLE","IN - Indianapolis",28.8571428571429,754326.8,239869.81,199528.32
"ST JOSEPH'S HOSPITAL, INC","ELMIRA","NY - Elmira",31.4166666666667,679533.99,239762.04,210911.82
"GARRETT COUNTY MEMORIAL HOSPITAL","OAKLAND","WV - Morgantown",22.4137931034483,254426.12,239397.12,213521.92
"DOCTORS HOSPITAL OF MANTECA","MANTECA","CA - Stockton",27.6176470588235,2829219.93,239253.96,205589.39
"CITIZENS MEMORIAL HOSPITAL","BOLIVAR","MO - Springfield",21.8333333333333,561674.56,238416.38,210883.67
"MERCY HOSPITAL WASHINGTON","WASHINGTON","MO - St. Louis",31.4117647058824,927621.54,238223.62,206011.56
"HI-DESERT MEDICAL CENTER","JOSHUA TREE","CA - Palm Springs/Rancho M",18.2,755559.77,237900.32,216088.74
"ROSELAND COMMUNITY HOSPITAL","CHICAGO","IL - Chicago",27.8928571428571,864068.25,237047.07,214871.55
"EAST LOS ANGELES DOCTORS HOSPITAL","LOS ANGELES","CA - Los Angeles",19.5263157894737,783436.6,236742.77,222007.53
"KNOX COMMUNITY HOSPITAL","MOUNT VERNON","OH - Columbus",26.65625,577142.5,236607.08,200305.78
"SANTA ROSA MEDICAL CENTER","MILTON","FL - Pensacola",25.4871794871795,1166335.97,236354.03,200267.85
"SOUTHWESTERN MEDICAL CENTER","LAWTON","OK - Lawton",19.5925925925926,866619.65,235706.63,209818.15
"HERITAGE VALLEY SEWICKLEY","SEWICKLEY","PA - Pittsburgh",24.5833333333333,503300.23,235564.09,193990.16
"MEMORIAL HOSPITAL","MANCHESTER","KY - Lexington",32.3333333333333,707826.04,235536.4,196097.99
"WESTERN MEDICAL CENTER SANTA ANA","SANTA ANA","CA - Orange County",20.2105263157895,1083142.8,235495.75,214912.76
"LAKEWOOD RANCH MEDICAL CENTER","BRADENTON","FL - Bradenton",23.35,1192517.53,235431.07,193478.27
"MARLBOROUGH HOSPITAL","MARLBOROUGH","MA - Worcester",28.1052631578947,585227.65,235154.63,195181.88
"LAKE GRANBURY MEDICAL CENTER","GRANBURY","TX - Fort Worth",20.8965517241379,1533291.21,235153.95,202070.58
"PAYSON REGIONAL MEDICAL CENTER","PAYSON","AZ - Phoenix",24.88,1326205.03,234632.08,209987.04
"AURELIA OSBORN FOX MEMORIAL HOSPITAL","ONEONTA","NY - Binghamton",29.2105263157895,400680.86,234292.8,204200.6
"ST JOSEPH HOSPITAL","FORT WAYNE","IN - Fort Wayne",20.8928571428571,844883,233957.89,203993.02
"SOLDIERS AND SAILORS MEMORIAL HOSPITAL","WELLSBORO","PA - Sayre",24,508326.36,233924.6,210847.74
"NORTH ARKANSAS REGIONAL MEDICAL CENTER","HARRISON","AR - Springdale",35.2972972972973,624733.33,233842.93,197859.44
"AFFINITY MEDICAL CENTER","MASSILLON","OH - Canton",24.1111111111111,879594.37,232584.39,195121.81
"OCONEE REGIONAL MEDICAL CENTER","MILLEDGEVILLE","GA - Macon",23.6333333333333,733949.89,232273.32,202630.89
"RIVERSIDE WALTER REED HOSPITAL","GLOUCESTER","VA - Newport News",29.0975609756098,636331.84,231985.24,192918.27
"SHANDS LAKE SHORE REGIONAL MEDICAL CENTER","LAKE CITY","FL - Gainesville",27.609756097561,954399.25,231053.58,198560.84
"NOBLE HOSPITAL","WESTFIELD","MA - Springfield",24.4166666666667,510856.88,230893.46,201028.03
"FORT WASHINGTON HOSPITAL","FORT WASHINGTON","DC - Washington",22.1785714285714,244845.79,230533.26,204969.26
"GULF BREEZE HOSPITAL","GULF BREEZE","FL - Pensacola",30.390243902439,1041779.76,230093.38,183615.11
"MONTEREY PARK HOSPITAL","MONTEREY PARK","CA - Los Angeles",19.15,1683341.05,229694.82,215012.22
"BAYLOR HEART AND VASCULAR HOSPITAL","DALLAS","TX - Dallas",38.8695652173913,702099.21,229611.6,194135.75
"LOWER BUCKS HOSPITAL","BRISTOL","PA - Philadelphia",26.5142857142857,1936396.74,229558.52,195110.18
"GEORGE H. LANIER MEMORIAL HOSPITAL","VALLEY","AL - Birmingham",21.4444444444444,393696.06,229027.63,193545.6
"COLISEUM NORTHSIDE HOSPITAL","MACON","GA - Macon",25.75,911543.87,229005.66,185464.77
"MEADOWS REGIONAL MEDICAL CENTER","VIDALIA","GA - Savannah",28.2631578947368,864286.79,228913.38,186867.55
"MINISTRY ST MARYS HOSPITAL","RHINELANDER","WI - Wausau",23.96,609708.46,228296.18,206309
"HILLSDALE COMMUNITY HEALTH CENTER","HILLSDALE","MI - Kalamazoo",26.90625,491818.29,227437.37,196769.42
"LEGACY MOUNT HOOD MEDICAL CENTER","GRESHAM","OR - Portland",20.3666666666667,686521.27,227244.85,192025.16
"HOWARD YOUNG MED CTR","WOODRUFF","WI - Marshfield",22.6,511012.9,226916.07,204694.35
"JOHNSON MEMORIAL HOSPITAL","STAFFORD SPRING","CT - Hartford",25.1428571428571,627380.84,226864.31,191704.18
"WAYNESBORO HOSPITAL","WAYNESBORO","PA - Harrisburg",24.3666666666667,562407.83,226799.67,189152.83
"COLUMBUS COMMUNITY HOSPITAL","COLUMBUS","NE - Omaha",24.5185185185185,381340.67,225474.72,195321.09
"MUSKOGEE COMMUNITY HOSPITAL","MUSKOGEE","OK - Tulsa",17.6111111111111,407020.35,225053.48,204820.27
"SCHNECK MEDICAL CENTER","SEYMOUR","IN - Indianapolis",23.875,557163.71,224934.39,189150.37
"NATCHEZ COMMUNITY HOSPITAL/SWING BED","NATCHEZ","MS - Jackson",27.9512195121951,1633419.84,224569.95,189592.78
"STONECREST MEDICAL CENTER","SMYRNA","TN - Nashville",21.9642857142857,753457.07,224107.91,171046.93
"SUMMA WESTERN RESERVE HOSPITAL","CUYAHOGA FALLS","OH - Akron",25,1090480.2,222783.97,195867.1
"ST JOSEPHS COM HSPTL WEST BEND","WEST BEND","WI - Milwaukee",22.4117647058824,650312.7,222173.91,190172.32
"DOUGLAS COUNTY HOSPITAL","ALEXANDRIA","MN - Minneapolis",33.6923076923077,499098.84,222042.98,198332.46
"MATAGORDA REGIONAL MEDICAL CENTER","BAY CITY","TX - Houston",18.9428571428571,610132.98,221762.38,193933.42
"WALTON REGIONAL MEDICAL CENTER","MONROE","GA - Atlanta",24.6285714285714,668984.19,221571.01,192778.64
"LEE'S SUMMIT MEDICAL CENTER","LEES SUMMIT","MO - Kansas City",22.25,1303142.86,221377.82,172224.63
"AURORA SHEBOYGAN MEM MED CTR","SHEBOYGAN","WI - Milwaukee",29.1538461538462,547008.67,221101.83,177837.94
"SACRED HEART HOSPITAL ON THE EMERALD COAST","MIRAMAR BEACH","FL - Pensacola",25.8235294117647,1083010.22,220752.84,170454.38
"CARLSBAD MEDICAL CENTER","CARLSBAD","TX - Lubbock",26.4722222222222,1123791.2,220576,181698.92
"MAYO CLINIC HEALTH SYSTEM - FAIRMONT","FAIRMONT","MN - Minneapolis",21.6296296296296,384828.57,220137.2,198153.54
"HUNTSVILLE MEMORIAL HOSPITAL","HUNTSVILLE","TX - Houston",26.7741935483871,786981.23,219831.1,187579.9
"ST CATHERINE HOSPITAL","GARDEN CITY","KS - Wichita",22.2941176470588,454710.26,219608.03,201315.88
"MEMORIAL HEALTHCARE","OWOSSO","MI - Lansing",26.7,720556.98,219224.63,189509.51
"EAST LIVERPOOL CITY HOSPITAL","EAST LIVERPOOL","PA - Pittsburgh",36.6842105263158,423425.39,219187.91,188970.92
"MENIFEE VALLEY MEDICAL CENTER","SUN CITY","CA - San Bernardino",24.258064516129,903313.96,218652.2,191344.23
"KOSCIUSKO COMMUNITY HOSPITAL","WARSAW","IN - Fort Wayne",25.7222222222222,1029652.82,218544.63,184060.7
"GRENADA LAKE MEDICAL CENTER","GRENADA","MS - Oxford",24.4285714285714,589067.12,218409.01,186600.81
"SOUTHAMPTON MEMORIAL HOSPITAL","FRANKLIN","VA - Norfolk",22.59375,933868.47,217812.31,191424.87
"WING MEMORIAL HOSPITAL AND MEDICAL CENTER","PALMER","MA - Springfield",32,536618.97,217596.74,184163.45
"OGDEN REGIONAL MEDICAL CENTER","OGDEN","UT - Ogden",21.1481481481481,741864.98,217358.12,174203.43
"BEAUFORT COUNTY MEDICAL CENTER","WASHINGTON","NC - Greenville",24.3636363636364,340786.65,217188.32,185320.76
"GARDEN PARK MEDICAL CENTER","GULFPORT","MS - Gulfport",25.3666666666667,1338563.92,217146.37,181552.38
"MARION REGIONAL HOSPITAL","MULLINS","SC - Florence",27.5641025641026,757364.3,216903.42,184824.68
"AROOSTOOK MEDICAL CENTER,THE","PRESQUE ISLE","ME - Bangor",26.695652173913,548657.44,216054.47,194619.98
"WARREN GENERAL HOSPITAL","WARREN","PA - Erie",26.3,503098.88,215758.24,191181.63
"CANTON-POTSDAM HOSPITAL","POTSDAM","VT - Burlington",25.258064516129,342911.63,215662.97,188190.66
"LAUGHLIN MEMORIAL HOSPITAL, INC","GREENEVILLE","TN - Knoxville",30.4117647058824,550195.8,215610.28,184209.61
"WEST BRANCH REGIONAL MEDICAL CENTER","WEST BRANCH","MI - Saginaw",30.3714285714286,332179.69,215580.8,188063.28
"INTEGRIS GROVE HOSPITAL","GROVE","MO - Joplin",27.0833333333333,616080.46,215349.13,180633.52
"EXEMPLA SAINT JOSEPH HOSPITAL","DENVER","CO - Denver",21.3809523809524,1013174.15,214697.75,147554.9
"SCOTTSDALE HEALTHCARE-THOMPSON PEAK HOSPITAL","SCOTTSDALE","AZ - Phoenix",26.6086956521739,927514.42,214299.68,165387.15
"LOMPOC VALLEY MEDICAL CENTER","LOMPOC","CA - Santa Barbara",20.5,359913.05,214112.17,189285.65
"NEWARK-WAYNE COMMUNITY HOSPITAL","NEWARK","NY - Rochester",24.8333333333333,504815.39,213270.47,181659.86
"KANSAS MEDICAL CENTER LLC","ANDOVER","KS - Wichita",30.6071428571429,608105.95,213159.28,184425.87
"BRADFORD REGIONAL MEDICAL CENTER","BRADFORD","PA - Erie",26.1515151515152,383908.89,213156.36,184069.15
"BETH ISRAEL DEACONESS HOSPITAL - NEEDHAM","NEEDHAM","MA - Boston",24.1515151515152,389914.16,212999.3,184816.33
"TWIN RIVERS REGIONAL MEDICAL CENTER","KENNETT","AR - Jonesboro",26.8333333333333,1010280.51,212290.57,185660.63
"NATHAN LITTAUER HOSPITAL","GLOVERSVILLE","NY - Albany",26.46875,652375.84,212160.19,186352.09
"MOBERLY REGIONAL MEDICAL CENTER","MOBERLY","MO - Columbia",27.037037037037,942279.15,211319.82,187567.39
"CENTENNIAL MEDICAL CENTER","FRISCO","TX - Dallas",22.1071428571429,1690152.73,210819.5,161923.49
"MAJOR HOSPITAL","SHELBYVILLE","IN - Indianapolis",26.1,632102.27,210707.59,174101.89
"MINISTRY ST MICHAELS HOSPITAL OF STEVENS POINT","STEVENS POINT","WI - Marshfield",32.2258064516129,440139.32,210680.18,179739.57
"TEXAS HEALTH HARRIS METHODIST HOSPITAL CLEBURNE","CLEBURNE","TX - Fort Worth",26.5483870967742,847049.17,210404.12,181215.28
"BEAVER DAM COM HSPTL","BEAVER DAM","WI - Madison",21.68,694882.66,210382.16,188275.39
"LANE REGIONAL MEDICAL CENTER","ZACHARY","LA - Baton Rouge",29.2121212121212,892302.04,210344.45,180610.8
"RICE MEMORIAL HOSPITAL","WILLMAR","MN - Minneapolis",24.5384615384615,410503.2,210102.5,185284.82
"NEWTON MEDICAL CENTER","NEWTON","KS - Wichita",25.3,661895.8,209918.75,183536.51
"WILCOX MEMORIAL HOSPITAL","LIHUE","HI - Honolulu",18,504171.09,209687.46,187387.39
"CENTRAL MICHIGAN COMMUNITY HOSPITAL","MOUNT PLEASANT","MI - Lansing",31.1388888888889,546952.86,209580.65,178755.34
"SAN GORGONIO MEMORIAL HOSPITAL","BANNING","CA - San Bernardino",18.95,730868.02,209410.33,191833.2
"LECONTE MEDICAL CENTER","SEVIERVILLE","TN - Knoxville",22.9677419354839,602925.24,208889.82,175268.26
"VALLEY VIEW MEDICAL CENTER","FORT MOHAVE","NV - Las Vegas",22.1034482758621,1067242.66,208783.82,167892.45
"PENNOCK HOSPITAL","HASTINGS","MI - Grand Rapids",21.5,460821.51,208371.81,179494.93
"LDS HOSPITAL","SALT LAKE CITY","UT - Salt Lake City",35.1818181818182,501239.66,207669.05,146091.57
"CENTRAL PENINSULA GENERAL HOSPITAL","SOLDOTNA","AK - Anchorage",19.1111111111111,482658.18,207639.95,182150.37
"MEMORIAL HOSPITAL MIRAMAR","MIRAMAR","FL - Miami",24,1169379.93,207555.93,177928.73
"EAST COOPER MEDICAL CENTER","MOUNT PLEASANT","SC - Charleston",26.2413793103448,1158883.23,207337.88,174408.17
"HAZEL HAWKINS MEMORIAL HOSPITAL","HOLLISTER","CA - San Jose",20.55,765898.31,206991.97,184260.75
"TUALITY COMMUNITY HOSPITAL","HILLSBORO","OR - Portland",20.24,646003.33,206729.6,182308.41
"PALESTINE REGIONAL MEDICAL CENTER","PALESTINE","TX - Tyler",34.6285714285714,707760.73,206496.26,170955.81
"ST VINCENT HEART CENTER OF INDIANA LLC","INDIANAPOLIS","IN - Indianapolis",76.36,852992.81,206369.51,175062.78
"GNADEN HUETTEN MEMORIAL HOSPITAL","LEHIGHTON","PA - Allentown",26.0277777777778,477230.43,206144.97,173873.79
"PAUL B HALL REGIONAL MEDICAL CENTER","PAINTSVILLE","KY - Lexington",28.5,1840150.63,205877.56,179487.28
"BERGER HOSPITAL","CIRCLEVILLE","OH - Columbus",21.2142857142857,452589.37,205771.2,178690.89
"COAST PLAZA HOSPITAL","NORWALK","CA - Los Angeles",19.4,651279.41,205701.24,189961.96
"UNIVERSITY MEDICAL CENTER-MESABI/ MESABA CLINICS","HIBBING","MN - Minneapolis",26.9677419354839,443348.57,205647.79,176050.72
"FLAGET MEMORIAL HOSPITAL (MEMBER OF SAINT JOSEPH H","BARDSTOWN","KY - Louisville",27.6,505434.81,205393.57,170441.62
"HAWAII MEDICAL CENTER EAST","HONOLULU","HI - Honolulu",14.9285714285714,510594.29,205236.54,173891.07
"PONCA CITY MEDICAL CENTER","PONCA CITY","OK - Oklahoma City",27.1212121212121,697622.73,205159.15,169346.85
"UPSTATE CAROLINA MEDICAL CENTER","GAFFNEY","SC - Spartanburg",26.4285714285714,859249.64,204839.98,172728.78
"MEMORIAL HOSPITAL LOS BANOS","LOS BANOS","CA - Modesto",20.125,432191.02,204742.98,198042.26
"LIVINGSTON REGIONAL HOSPITAL","LIVINGSTON","TN - Nashville",31.3823529411765,648180.6,203972.75,174317.33
"VAL VERDE REGIONAL MEDICAL CENTER","DEL RIO","TX - San Antonio",23.6896551724138,553938.86,203681.68,179069.56
"TOWN & COUNTRY HOSPITAL","TAMPA","FL - Tampa",25.8,1109276.98,203617.79,175689.81
"LOS ANGELES METROPOLITAN MEDICAL CTR","LOS ANGELES","CA - Los Angeles",54.4375,965876.65,203388.61,194061.2
"NORTHERN DUTCHESS HOSPITAL","RHINEBECK","NY - Albany",27.2,691175.75,203367.27,178780.22
"ST JOSEPHS HEALTHCARE SYSTEM","PARKERSBURG","WV - Charleston",24.1,530317.54,203035.2,156563.03
"MONTROSE MEMORIAL HOSPITAL","MONTROSE","CO - Grand Junction",19.9310344827586,455605.74,202711.5,172060.33
"ST LUKE'S MINERS MEMORIAL HOSPITAL","COALDALE","PA - Allentown",19.4666666666667,721123.44,201874.86,175704.51
"UNIVERSITY OF TEXAS HEALTH SCIENCE CENTER AT TYLER","TYLER","TX - Tyler",27.04,828683.81,201780.63,154009.74
"TRINITY HOSPITAL OF AUGUSTA","AUGUSTA","GA - Augusta",23.1,736411.43,200800.83,170452.57
"JENNERSVILLE REGIONAL HOSPITAL","WEST GROVE","PA - Lancaster",28.1515151515152,1314446.98,200654.93,173617.01
"BAPTIST MEMORIAL HOSPITAL UNION COUNTY","NEW ALBANY","MS - Tupelo",25.8787878787879,578515.14,200399.85,168360
"WHITESBURG ARH HOSPITAL","WHITESBURG","KY - Lexington",34.8571428571429,609106.6,200287.45,166533.13
"GENEVA GENERAL HOSPITAL","GENEVA","NY - Rochester",22.9655172413793,313797.97,200277.94,166016.48
"DEKALB REGIONAL MEDICAL CENTER","FORT PAYNE","AL - Birmingham",27.6060606060606,1044598.33,199257.95,168161.65
"HARLAN APPALACHIAN REGIONAL HEALTHCARE HOSPITAL","HARLAN","KY - Lexington",39.0285714285714,495029.23,199247.13,172335.16
"YAVAPAI REGIONAL MEDICAL CENTER-EAST","PRESCOTT VALLEY","AZ - Phoenix",25.7037037037037,531015.15,198968.12,172718
"THE HEART HOSPITAL BAYLOR PLANO","PLANO","TX - Dallas",38.6315789473684,788331.76,198606.43,158646.92
"NORTHERN MAINE MEDICAL CENTER","FORT KENT","ME - Bangor",17.7142857142857,292621.75,198421.8,180287.81
"ST ALPHONSUS MEDICAL CENTER - ONTARIO, INC","ONTARIO","ID - Boise",24.4814814814815,494306.26,198135,167011.95
"TRINITY BETTENDORF","BETTENDORF","IA - Davenport",29.8518518518519,543294.91,198114.54,163770.14
"BYRD REGIONAL HOSPITAL","LEESVILLE","LA - Alexandria",33.9411764705882,1154998.87,198023.93,166542.52
"GILMORE MEMORIAL HOSPITAL","AMORY","MS - Tupelo",25.75,759515.67,197758.03,164498.3
"TECHE REGIONAL MEDICAL CENTER","MORGAN CITY","LA - Houma",23.9310344827586,764978.34,197222.29,170824.54
"HENRIETTA D GOODALL HOSPITAL","SANFORD","ME - Portland",22.0322580645161,421193.56,196464.63,169994.31
"MINERAL AREA REGIONAL MEDICAL CENTER","FARMINGTON","MO - St. Louis",29.3030303030303,704463.58,196427.72,167457.67
"WYTHE COUNTY COMMUNITY HOSPITAL","WYTHEVILLE","VA - Roanoke",24.4444444444444,444203.75,196234.85,167196.64
"BAPTIST HOSPITAL NORTHEAST","LA GRANGE","KY - Louisville",23.125,447861.25,195706.3,169079.62
"CITIZENS BAPTIST MEDICAL CENTER","TALLADEGA","AL - Birmingham",19.9,596739.18,195630.73,164275.61
"PEKIN MEMORIAL HOSPITAL","PEKIN","IL - Peoria",29,846930.38,195365.07,158363.86
"WESTERN PLAINS MEDICAL COMPLEX","DODGE CITY","KS - Wichita",18.7407407407407,646947.53,195199.37,159626.88
"SHAMOKIN AREA COMMUNITY HOSPITAL","COAL TOWNSHIP","PA - Danville",26.1515151515152,318737.99,194831.65,168561.65
"PARADISE VALLEY HOSPITAL","PHOENIX","AZ - Phoenix",21.9583333333333,684353.1,194799.26,164739.5
"ACMH HOSPITAL","KITTANNING","PA - Pittsburgh",20.9393939393939,391734.02,194733.88,165168.81
"MEMORIAL MEDICAL CENTER OF WEST MICHIGAN","LUDINGTON","MI - Muskegon",24.04,496657.23,194506.73,164093.82
"LOUISIANA MEDICAL CENTER AND HEART HOSPITAL, LLC","LACOMBE","LA - Slidell",18.5384615384615,881907.53,194308.08,167024.7
"OAKLAWN HOSPITAL","MARSHALL","MI - Kalamazoo",27.5,665085.74,194184.85,167685.63
"O'BLENESS MEMORIAL HOSPITAL","ATHENS","OH - Columbus",28.9444444444444,298762.53,193734.42,179871.12
"KENTUCKY RIVER MEDICAL CENTER","JACKSON","KY - Lexington",32.3421052631579,918643.18,193652.22,168387.46
"PARK RIDGE HEALTH","HENDERSONVILLE","NC - Asheville",26.448275862069,479663.61,193615.48,167782.62
"FORT HEALTHCARE","FORT ATKINSON","WI - Madison",26.551724137931,512712.5,193478.31,167506.82
"JOHNSON MEMORIAL HOSPITAL","FRANKLIN","IN - Indianapolis",24.1923076923077,560221.89,193381.96,155434.86
"MURPHY MEDICAL CENTER INC","MURPHY","GA - Atlanta",25.1428571428571,408185.58,193345.04,169537.47
"ARROYO GRANDE COMMUNITY HOSPITAL","ARROYO GRANDE","CA - San Luis Obispo",30.2307692307692,1039093.25,193265.24,168276.94
"MEMORIAL HOSPITAL","LOGANSPORT","IN - Indianapolis",22.5217391304348,436179.03,193137.45,174211.98
"FAIRVIEW LAKES  HEALTH SERVICES","WYOMING","MN - Minneapolis",24.0714285714286,560132.23,193014.45,161788.35
"CLAXTON-HEPBURN MEDICAL CENTER","OGDENSBURG","NY - Syracuse",21.8148148148148,298832.77,192917.36,170123.25
"SUTTER AMADOR HOSPITAL","JACKSON","CA - Sacramento",23.2380952380952,729869.37,192801.69,172727.72
"ADIRONDACK MEDICAL CENTER","SARANAC LAKE","VT - Burlington",23.3333333333333,342743.69,192745.02,171335.53
"OCONOMOWOC MEM HSPTL","OCONOMOWOC","WI - Milwaukee",24.04,570733.11,191877.72,158382.26
"NORTH CENTRAL BRONX HOSPITAL","BRONX","NY - Bronx",17.1333333333333,259779.58,191866.25,175823.02
"CARY MEDICAL CENTER","CARIBOU","ME - Bangor",23.3928571428571,380815.11,191379.11,164869.59
"MCLEOD MEDICAL CENTER - DILLON","DILLON","SC - Florence",21.8888888888889,551113.9,191284.54,159259.18
"KING'S DAUGHTERS MEDICAL CENTER-BROOKHAVEN","BROOKHAVEN","MS - Jackson",25.7142857142857,425037.35,190640.18,168890.89
"FLORIDA HOSPITAL CARROLLWOOD","TAMPA","FL - Tampa",24,840488.97,189882.31,137667.39
"GREATER EL MONTE COMMUNITY HOSPITAL","SOUTH EL MONTE","CA - Los Angeles",24.6666666666667,875170.02,189384.73,180084.64
"COFFEYVILLE REGIONAL MEDICAL CENTER","COFFEYVILLE","OK - Tulsa",24.4838709677419,391071.01,189080.54,164088.56
"HEART HOSPITAL OF LAFAYETTE","LAFAYETTE","LA - Lafayette",30.8695652173913,689058.18,188930.69,161376.73
"COMMUNITY HOSPITALS AND WELLNESS CENTERS","BRYAN","IN - Fort Wayne",23.4,379763.15,188284.87,155044.06
"PAMPA REGIONAL MEDICAL CENTER","PAMPA","TX - Amarillo",18.0357142857143,697694.35,188216.15,159797.65
"NEBRASKA HEART HOSPITAL","LINCOLN","NE - Lincoln",46.4,367093.85,187865.09,155137.29
"ISLAND HOSPITAL","ANACORTES","WA - Everett",24.9285714285714,348832.76,187620.22,160645.88
"LAKEVIEW HOSPITAL","BOUNTIFUL","UT - Salt Lake City",26.6086956521739,658421.61,187329.53,136772.69
"HOLY FAMILY MEMORIAL INC","MANITOWOC","WI - Green Bay",23.7037037037037,535970.45,187226.5,156194.31
"TEXAS HEALTH HARRIS METHODIST HOSPITAL STEPHENVILL","STEPHENVILLE","TX - Fort Worth",21.4230769230769,543569.22,187125.46,159047.32
"ST MARGARETS HOSPITAL","SPRING VALLEY","IL - Peoria",29.0909090909091,597736.19,186539.49,159330.35
"UNITED MEMORIAL MEDICAL CENTER","BATAVIA","NY - Buffalo",29.0344827586207,420537.59,186238.87,162297.1
"LEA REGIONAL MEDICAL CENTER","HOBBS","TX - Lubbock",22.25,862219.75,186063.73,161120.64
"JENNINGS AMERICAN LEGION HOSPITAL","JENNINGS","LA - Lafayette",38.46875,510803.02,185314.28,161634.77
"TEXAS HEALTH PRESBYTERIAN HOSPITAL ROCKWALL","ROCKWALL","TX - Dallas",23.0714285714286,665444.95,185041.68,149755.85
"ALICE HYDE MEDICAL CENTER","MALONE","VT - Burlington",25.2,288621.44,184908.75,159462.35
"SAN JOAQUIN GENERAL HOSPITAL","FRENCH CAMP","CA - Stockton",18.8461538461538,598092,184835.97,172544.69
"WESTERN MISSOURI MEDICAL CENTER","WARRENSBURG","MO - Kansas City",24.5,423362.83,184706.84,168251.34
"SPECTRUM HEALTH UNITED MEMORIAL - UNITED CAMPUS","GREENVILLE","MI - Grand Rapids",26.2222222222222,344383.56,184691.92,156587.84
"WAYNE HOSPITAL","GREENVILLE","OH - Dayton",25.5357142857143,406675.96,184586.56,155690.38
"CAMC TEAYS VALLEY HOSPITAL","HURRICANE","WV - Charleston",21.9090909090909,473270.59,184357.94,150461.94
"TENNOVA HEALTHCARE-JEFFERSON MEMORIAL HOSPITAL","JEFFERSON CITY","TN - Knoxville",26.2,618933.2,183573.35,147453.57
"F F THOMPSON HOSPITAL","CANANDAIGUA","NY - Rochester",22.741935483871,368489.39,183421.86,149528.01
"CRISP REGIONAL HOSPITAL","CORDELE","GA - Macon",25.6666666666667,444571.7,183414.24,159516.2
"NORTHPORT MEDICAL CENTER","NORTHPORT","AL - Tuscaloosa",18.9047619047619,583718.24,183350.26,160606.14
"DIVINE SAVIOR HLTHCARE","PORTAGE","WI - Madison",21.4,463120.96,183236.35,161169.82
"ELK REGIONAL HEALTH CENTER","SAINT MARYS","PA - Erie",30.3714285714286,430119.47,183118.52,156101.31
"ST LUKE'S PATIENTS MEDICAL CENTER","PASADENA","TX - Houston",26.6785714285714,798199.88,182924.66,150613.57
"SYCAMORE SHOALS HOSPITAL","ELIZABETHTON","TN - Johnson City",30.65625,702787.51,182829.53,154685.31
"HUTCHESON MEDICAL CENTER","FORT OGLETHORPE","TN - Chattanooga",20.36,551734.96,182793.55,160892.92
"CROCKETT HOSPITAL","LAWRENCEBURG","TN - Nashville",29.6969696969697,614171.4,182709.98,150877.47
"METHODIST HOSPITAL OF CHICAGO","CHICAGO","IL - Chicago",71.3333333333333,417668.83,182593.23,166042.88
"EASTERN LONG ISLAND HOSPITAL","GREENPORT","NY - East Long Island",20.84,699982.49,182395.14,159420.63
"ARIZONA REGIONAL MEDICAL CENTER","MESA","AZ - Mesa",23.5,805504.13,182123.22,162305.25
"CARONDELET HEART AND VASCULAR INSTITUTE","TUCSON","AZ - Tucson",24.5416666666667,817391.75,181998.01,157848.81
"PINNACLE HOSPITAL","CROWN POINT","IN - Gary",17.5714285714286,344120.19,181552.26,175687.77
"MERCY MED CTR OF OSHKOSH","OSHKOSH","WI - Neenah",30.3076923076923,351425.93,181444.72,149179.65
"WARREN MEMORIAL HOSPITAL","FRONT ROYAL","VA - Winchester",23.6086956521739,247820.57,181356.11,157803.46
"GRAND ITASCA CLINIC AND HOSPITAL","GRAND RAPIDS","MN - Minneapolis",19.16,324419.79,181230.22,158900
"VICTOR VALLEY COMMUNITY HOSPITAL","VICTORVILLE","CA - San Bernardino",18.4705882352941,611776.67,181092.14,166968.73
"SAINT JAMES HOSPITAL","PONTIAC","IL - Bloomington",19.0555555555556,476409.59,180967.27,152927.33
"RICHLAND MEMORIAL HOSPITAL","OLNEY","IN - Evansville",23.5172413793103,566885.88,180636.01,156319.55
"GRADY MEMORIAL HOSPITAL","DELAWARE","OH - Columbus",23.3333333333333,471662.34,180521.94,154058.83
"THE MONROE CLINIC","MONROE","WI - Madison",28.3333333333333,541571.72,180419.07,155146.57
"STERLING REGIONAL MEDCENTER","STERLING","CO - Greeley",17.1176470588235,368521.28,180391.05,157047.7
"ST LUKES MEDICAL CENTER","PHOENIX","AZ - Phoenix",30.2631578947368,873799.52,179867.85,147123.02
"PINEVILLE COMMUNITY HOSPITAL","PINEVILLE","TN - Knoxville",32.8484848484849,306912.24,179801.21,140504.22
"BELLEVUE MEDICAL CENTER","BELLEVUE","NE - Omaha",21.1290322580645,772801.12,178852.27,150700.53
"ST FRANCIS HOSPITAL","ESCANABA","MI - Marquette",21.375,510505.12,178410.96,157644.9
"WEST VALLEY MEDICAL CENTER","CALDWELL","ID - Boise",27.3333333333333,517482.89,178203.04,149635.21
"EAST OHIO REGIONAL HOSPITAL","MARTINS FERRY","PA - Pittsburgh",24.1071428571429,548816.3,177844.29,156720.82
"MARY RUTAN HOSPITAL","BELLEFONTAINE","OH - Columbus",21.05,272715.5,177682.63,154756.83
"MAYO CLINIC HEALTH SYSTEM - AUSTIN","AUSTIN","MN - Rochester",29.3333333333333,380402.07,177611.14,153582.58
"PASCO REGIONAL MEDICAL CENTER","DADE CITY","FL - Tampa",21.7741935483871,1028254.48,177382.92,149039.65
"MARTIN GENERAL HOSPITAL","WILLIAMSTON","NC - Greenville",23.0689655172414,781867.69,177306.16,153518.64
"BARSTOW COMMUNITY HOSPITAL","BARSTOW","CA - San Bernardino",20.8,1028092.69,177255.66,160189.84
"WITHAM HEALTH SERVICES","LEBANON","IN - Indianapolis",21.76,511941.97,177201.96,151177.81
"NATCHITOCHES REGIONAL MEDICAL CENTER","NATCHITOCHES","LA - Shreveport",24.3448275862069,399777.83,176931.76,151153.81
"SAMARITAN HOSPITAL","MOSES LAKE","WA - Spokane",20.3636363636364,314817.84,176560.03,157140.95
"BAPTIST MEMORIAL HOSPITAL UNION CITY","UNION CITY","TN - Memphis",23.15625,430126.28,176371.55,148843.94
"EAST TEXAS MEDICAL CENTER JACKSONVILLE","JACKSONVILLE","TX - Tyler",20,1186305.8,175964.7,155961.47
"COMMUNITY AND MISSION  HOSPITAL OF HUNTINGTON PARK","HUNTINGTON PARK","CA - Los Angeles",22.4444444444444,695039.86,175753.53,160747.23
"ST JAMES MERCY HOSPITAL","HORNELL","NY - Rochester",19.2,250079.74,175733.08,160430.93
"GRANVILLE MEDICAL CENTER","OXFORD","NC - Durham",23.0416666666667,380928.92,175698.72,148555.52
"ONEIDA HEALTHCARE CENTER","ONEIDA","NY - Syracuse",21.76,416120.8,175631.68,151975.56
"RIVERSIDE TAPPAHANNOCK HOSPITAL","TAPPAHANNOCK","VA - Richmond",25.4642857142857,446991.31,175242.35,147653.75
"ST VINCENT CARMEL HOSPITAL INC","CARMEL","IN - Indianapolis",26.5714285714286,717679.37,175040.32,144271.06
"ENNIS REGIONAL MEDICAL CENTER","ENNIS","TX - Dallas",20.625,635489.1,174973.61,154934.81
"NORTON COMMUNITY HOSPITAL","NORTON","TN - Kingsport",33.3666666666667,645278.14,174789.67,150025.95
"CHENANGO MEMORIAL HOSPITAL, INC","NORWICH","NY - Binghamton",19.2272727272727,405282.58,174685.92,154920.12
"SCENIC MOUNTAIN MEDICAL CENTER","BIG SPRING","TX - Lubbock",27.5357142857143,859917.74,174579.01,148653.84
"INTEGRIS BAPTIST REG HEALTH CENTER","MIAMI","MO - Joplin",28.3870967741935,473246.26,173807,144695.28
"STAFFORD HOSPITAL, LLC","STAFFORD","VA - Richmond",22.04,607609.79,173654.28,137546.7
"GREER MEMORIAL HOSPITAL","GREER","SC - Greenville",34.9523809523809,548433.17,173164.44,146301.74
"LORETTO HOSPITAL","CHICAGO","IL - Chicago",66.4782608695652,266431.43,173149.47,157650.41
"MASSENA MEMORIAL HOSPITAL","MASSENA","VT - Burlington",25.6153846153846,284128.86,173009.09,148876.92
"LABETTE HEALTH","PARSONS","KS - Wichita",32.875,364713.39,172674.03,151079.57
"STEPHENS COUNTY HOSPITAL","TOCCOA","GA - Atlanta",29,504284.41,172622.79,140419.82
"NATIVIDAD MEDICAL CENTER","SALINAS","CA - Salinas",24.6428571428571,921728.15,172362.83,153957.55
"TEXAS HEALTH PRESBYTERIAN HOSPITAL KAUFMAN","KAUFMAN","TX - Dallas",23.9230769230769,555423.5,171964.52,143460.78
"DAUTERIVE HOSPITAL","NEW IBERIA","LA - Lafayette",22.05,689080.43,171795.97,149311.78
"CHELSEA COMMUNITY HOSPITAL","CHELSEA","MI - Ann Arbor",26.695652173913,321370.5,170746.51,145977.48
"ANDALUSIA REGIONAL HOSPITAL","ANDALUSIA","FL - Pensacola",31.6875,532491.36,170721.47,137273.47
"HERITAGE MEDICAL CENTER","SHELBYVILLE","TN - Nashville",27.9677419354839,609201.41,170542.57,145549.48
"ST VINCENT MEDICAL CENTER/NORTH","SHERWOOD","AR - Little Rock",20.1481481481481,570922.35,170534.88,141655.89
"MIDDLESBORO APPALACHIAN REGIONAL HEALTHCARE HOSPIT","MIDDLESBORO","TN - Knoxville",24.9333333333333,479131,170325.71,143838.66
"WAHIAWA GENERAL HOSPITAL","WAHIAWA","HI - Honolulu",16.4444444444444,261373.39,170188.63,149917.35
"SMITH NORTHVIEW HOSPITAL","VALDOSTA","FL - Tallahassee",19.84,646375.14,170142.46,147692.99
"SONOMA VALLEY HOSPITAL","SONOMA","CA - Santa Rosa",19.5555555555556,575503.75,170057.87,153064.98
"DESOTO MEMORIAL HOSPITAL","ARCADIA","FL - Sarasota",21.8846153846154,502732.29,169615.99,142418.33
"WESTLAKE REGIONAL HOSPITAL","COLUMBIA","KY - Louisville",28.72,347669.36,169171.6,152108.95
"MEDICAL CENTER ENTERPRISE","ENTERPRISE","AL - Dothan",28.6176470588235,933663.42,168867.91,135801.93
"SPRUCE PINE COMMUNITY HOSPITAL","SPRUCE PINE","NC - Asheville",25.9230769230769,265215.31,168469.37,146255.09
"NORTHWEST MEDICAL CENTER","WINFIELD","AL - Birmingham",26.8965517241379,601572.26,168468.48,141315.27
"EXEMPLA GOOD SAMARITAN MEDICAL CENTER LLC","LAFAYETTE","CO - Boulder",17.4285714285714,964056.02,168208.71,139288.18
"DOCTORS HOSPITAL","COLUMBUS","GA - Columbus",24.04,606706.48,168131.12,139534.19
"LEE REGIONAL MEDICAL CENTER","PENNINGTON GAP","TN - Kingsport",29.3103448275862,385037.32,168129.07,141836.16
"RIVER PARISHES HOSPITAL","LAPLACE","LA - Metairie",17.5833333333333,646098.35,168102.5,132941.12
"MAGEE WOMENS HOSPITAL OF UPMC HEALTH SYSTEM","PITTSBURGH","PA - Pittsburgh",31.1875,534860.7,167979.58,133815.2
"ST CLARE HSPTL HLTH SVCS","BARABOO","WI - Madison",21.375,480045.26,167830.38,144834.47
"AVERA QUEEN OF PEACE","MITCHELL","SD - Sioux Falls",27.3181818181818,490314.93,167563.68,146305.93
"ENCINO HOSPITAL MEDICAL CENTER","ENCINO","CA - Los Angeles",25.6,917824.47,167212.69,147712.07
"CLARION HOSPITAL","CLARION","PA - Pittsburgh",27.0740740740741,241684.29,166841.95,142434.42
"VALDESE GENERAL HOSPITAL INC","VALDESE","NC - Hickory",23.6521739130435,668273.53,166393.38,141064.96
"ARKANSAS VALLEY REGIONAL MEDICAL CENTER","LA JUNTA","CO - Colorado Springs",22.7826086956522,283705.41,166320.94,146570.52
"HIGHLANDS MEDICAL CENTER","SCOTTSBORO","AL - Huntsville",40.9655172413793,387126.96,165218.56,139341.55
"NEWMAN REGIONAL HEALTH","EMPORIA","KS - Topeka",24.9230769230769,406945.88,165175.59,140359.35
"IROQUOIS MEMORIAL HOSPITAL","WATSEKA","IL - Urbana",21.5833333333333,258673.61,164629.15,145684.69
"THE MCDOWELL HOSPITAL","MARION","NC - Asheville",22.6363636363636,284426.85,164607.88,143291.32
"CLARK REGIONAL MEDICAL CENTER","WINCHESTER","KY - Lexington",26.75,327003.08,164418.24,142696.39
"WOOD COUNTY HOSPITAL","BOWLING GREEN","OH - Toledo",21.8888888888889,358402.23,164145.54,130786.09
"DELTA COUNTY MEMORIAL HOSPITAL","DELTA","CO - Grand Junction",25.9259259259259,406789.85,163914.13,137041.09
"COSHOCTON COUNTY MEMORIAL HOSPITAL","COSHOCTON","OH - Columbus",25,282490.28,163456.93,143792.61
"CHRISTUS SPOHN HOSPITAL ALICE","ALICE","TX - Corpus Christi",25.4074074074074,976190.86,163419.14,134969.28
"RUSSELLVILLE HOSPITAL","RUSSELLVILLE","AL - Birmingham",29.36,522860.58,163341.1,143476.21
"SOUTHERN VIRGINIA REGIONAL MEDICAL CENTER","EMPORIA","VA - Richmond",29.6206896551724,944818.73,163181.09,139159.13
"GULF COAST MEDICAL CENTER","WHARTON","TX - Houston",17.4117647058824,581406.02,163061.9,148443.52
"KANSAS HEART HOSPITAL","WICHITA","KS - Wichita",41.45,430637.24,162948.76,141330.2
"CAMPBELL COUNTY MEMORIAL HOSPITAL","GILLETTE","MT - Billings",19.4375,291255.24,162774.63,147219.99
"THOMASVILLE MEDICAL CENTER","THOMASVILLE","NC - Winston-Salem",20.1428571428571,361200.83,162730.68,137424.11
"WELLMONT LONESOME PINE HOSPITAL","BIG STONE GAP","TN - Kingsport",22.7857142857143,415585.6,162701.16,139855.33
"GOLDEN VALLEY MEMORIAL HOSPITAL","CLINTON","MO - Kansas City",28.2692307692308,404155.08,162639.41,137406.99
"SACRED HEART HOSPITAL","CHICAGO","IL - Chicago",36.0909090909091,391799.75,162576.7,146633.38
"MAYO CLINIC HEALTH SYSTEM - ALBERT LEA","ALBERT LEA","MN - Rochester",21.4615384615385,338823.27,162538.76,139171.94
"MONROE COUNTY MEDICAL CENTER","TOMPKINSVILLE","KY - Louisville",31.9230769230769,243051.7,162222.45,142571.37
"LAKE REGION HEALTHCARE CORPORATION","FERGUS FALLS","ND - Fargo/Moorhead MN",21.6153846153846,432620.94,162012.9,139989.04
"ST LUKE'S QUAKERTOWN HOSPITAL","QUAKERTOWN","PA - Allentown",19.037037037037,1057504.95,161722.2,129462.79
"KAISER FOUNDATION HOSPITAL FONTANA","FONTANA","CA - San Bernardino",19.6666666666667,371883.37,161482.25,148156.91
"LEXINGTON MEMORIAL HOSPITAL INC","LEXINGTON","NC - Winston-Salem",27.8846153846154,343485.04,161469.98,137939.53
"MARYVALE HOSPITAL","PHOENIX","AZ - Phoenix",15.5625,472986.14,161437.64,144327.82
"CENTURA HEALTH-ST THOMAS MORE HOSPITAL","CANON CITY","CO - Colorado Springs",20.9565217391304,504763.28,161303.48,139292.3
"HOPKINS COUNTY MEMORIAL HOSPITAL","SULPHUR SPRINGS","TX - Dallas",25.2222222222222,416000.53,161220.61,134501.91
"BLUFFTON REGIONAL MEDICAL CENTER","BLUFFTON","IN - Fort Wayne",24.8928571428571,599846.61,161065.02,124766.09
"BARNES-JEWISH WEST COUNTY HOSPITAL","CREVE COEUR","MO - St. Louis",31.1,393956.94,160874.43,135527.52
"WILLIAMSON ARH HOSPITAL","SOUTH WILLIAMSO","KY - Lexington",34.7931034482759,419920.95,160478.4,134848.76
"DAVIS HOSPITAL AND MEDICAL CENTER","LAYTON","UT - Ogden",21.7272727272727,472994.39,160193.77,132593.22
"HAMILTON GENERAL HOSPITAL","HAMILTON","TX - Waco",24.7666666666667,301041.66,160178.69,136079.07
"SMYTH COUNTY COMMUNITY HOSPITAL","MARION","TN - Kingsport",22.7407407407407,566600.36,159888.56,132271.03
"PERSON MEMORIAL HOSPITAL","ROXBORO","NC - Durham",22.9545454545455,309393.41,159389.38,140996.73
"WILLIAMSON MEMORIAL HOSPITAL","WILLIAMSON","WV - Charleston",26,308433.76,159350.61,130798.97
"AMERICAN LEGION HOSPITAL","CROWLEY","LA - Lafayette",29.4814814814815,205021.12,159127.36,137035.35
"ATHENS REGIONAL MEDICAL CENTER","ATHENS","TN - Knoxville",23.7692307692308,491716.31,158825.52,135099.99
"RAPPAHANNOCK GENERAL HOSPITAL","KILMARNOCK","VA - Richmond",19.125,315228.65,158629.13,136152.82
"CAMBRIDGE MEDICAL CENTER","CAMBRIDGE","MN - Minneapolis",25.5,556514.62,158444.32,130431.55
"ILLINOIS VALLEY COMMUNITY HOSPITAL","PERU","IL - Peoria",33.1538461538462,496955.35,158370.15,132905.51
"CALIFORNIA PACIFIC MEDICAL CTR-DAVIES CAMPUS HOSP","SAN FRANCISCO","CA - San Francisco",23.0769230769231,795825.65,157886.94,137545.44
"EAST VALLEY HOSPITAL MEDICAL CENTER","GLENDORA","CA - Los Angeles",20.7647058823529,734333.22,157781,144706.09
"HABERSHAM COUNTY MEDICAL CTR","DEMOREST","GA - Atlanta",23,280368.68,157651.84,135921.5
"LAC/OLIVE VIEW-UCLA MEDICAL CENTER","SYLMAR","CA - Los Angeles",18.3076923076923,363735.32,157591.81,148171.61
"MEADOWVIEW REGIONAL MEDICAL CENTER","MAYSVILLE","KY - Lexington",27.84,439080.78,157499.38,125535.32
"NEWBERRY COUNTY MEMORIAL HOSPITAL","NEWBERRY","SC - Columbia",21.2380952380952,395976.34,157137.52,136051.17
"CLEARFIELD HOSPITAL","CLEARFIELD","PA - Altoona",28.0740740740741,314673.1,156993.93,135952.8
"SPENCER MUNICIPAL HOSPITAL","SPENCER","SD - Sioux Falls",26.7916666666667,403987.95,156873.69,135098.21
"INLAND HOSPITAL","WATERVILLE","ME - Portland",19.6875,275336.7,156856.34,140206.18
"FRESNO HEART AND SURGICAL HOSPITAL","FRESNO","CA - Fresno",38.6923076923077,549458.88,156791.71,136056.71
"VILLAGE HOSPITAL","GREER","SC - Greenville",17,360953.18,156742.25,130141.03
"AURORA MED CTR OSHKOSH","OSHKOSH","WI - Neenah",22.95,474264.47,156734.07,132724.96
"LANDER REGIONAL HOSPITAL","LANDER","WY - Casper",17.25,434705.23,156274.39,129241.82
"ST JOHNS HOSPITAL-LEBANON","LEBANON","MO - Springfield",27.25,333172.35,155974.01,135426.52
"TRINITY MEDICAL CENTER","BRENHAM","TX - Houston",19.4,446735.6,155914.43,137398.84
"TRINITY MUSCATINE","MUSCATINE","IA - Iowa City",16.5263157894737,321373.86,155144.15,138706.79
"OCH REGIONAL MEDICAL CENTER","STARKVILLE","MS - Tupelo",26.375,432408.1,155025.98,135308.4
"LOGAN REGIONAL HOSPITAL","LOGAN","UT - Salt Lake City",22.9444444444444,343157.11,154912.4,113082.87
"NATCHEZ REGIONAL MEDICAL CENTER","NATCHEZ","MS - Jackson",26.3703703703704,1026707.09,154627.35,131204.39
"ST NICHOLAS HOSPITAL","SHEBOYGAN","WI - Milwaukee",21.4545454545455,439898.87,154544.71,126646.59
"SOUTHWEST REGIONAL MEDICAL CENTER","WAYNESBURG","WV - Morgantown",21.6818181818182,264662.52,154069.36,134751.65
"RIDGECREST REGIONAL HOSPITAL","RIDGECREST","CA - San Bernardino",21.1666666666667,508814.3,154013.46,136113.83
"ST FRANCIS HOSPITAL","CHARLESTON","WV - Charleston",38.7391304347826,316995.32,153763.18,129967.03
"PLAINS REGIONAL MEDICAL CENTER  CLOVIS","CLOVIS","TX - Lubbock",25.4615384615385,645733.6,153760.7,128512.86
"PHOEBE SUMTER MEDICAL CENTER","AMERICUS","GA - Albany",15.8421052631579,353266.72,153699.22,129947.63
"FANNIN REGIONAL HOSPITAL","BLUE RIDGE","GA - Atlanta",27.1304347826087,654569.22,153491.67,133336.84
"PROVIDENCE MILWAUKIE HOSPITAL","MILWAUKIE","OR - Portland",18.9444444444444,265568.68,153310.56,130534.72
"LAKEWAY REGIONAL HOSPITAL","MORRISTOWN","TN - Knoxville",23.96,816424.01,153180.96,132343.07
"MIDMICHIGAN MEDICAL CENTER-CLARE","CLARE","MI - Lansing",23.6153846153846,318895.8,152616.2,129322.34
"ST ANTHONY COMMUNITY HOSPITAL","WARWICK","NJ - Ridgewood",24.5454545454545,706537.3,152571.88,131167.72
"WALLACE THOMSON HOSPITAL","UNION","SC - Spartanburg",28.16,486169.38,152492.5,123818.17
"EAST EL PASO PHYSICIANS MEDICAL CENTER, LLC","EL PASO","TX - El Paso",17.7826086956522,766666.53,152440.74,131749.05
"SPECTRUM HEALTH GERBER MEMORIAL","FREMONT","MI - Grand Rapids",21.625,305956.47,152424.83,130492.17
"HOT SPRING COUNTY MEDICAL CENTER","MALVERN","AR - Little Rock",24.4074074074074,346137.14,152142.81,130980.63
"BANNER CHURCHILL COMMUNITY HOSPITAL","FALLON","NV - Reno",22.6842105263158,373905.8,151629.99,131731.89
"JEWISH HOSPITAL - SHELBYVILLE","SHELBYVILLE","KY - Louisville",22.2272727272727,473076.29,151250.88,129407.63
"SPOTSYLVANIA REGIONAL MEDICAL CENTER","FREDERICKSBURG","VA - Richmond",20.2916666666667,452956.3,151121.07,114840.08
"TEXAS HEALTH HARRIS METHODIST HOSPITAL AZLE","AZLE","TX - Fort Worth",21.2173913043478,405425.79,151030.82,126885.14
"TROY REGIONAL MEDICAL CENTER","TROY","AL - Montgomery",19.5238095238095,448198.6,151028.72,132629.56
"CLAREMORE REGIONAL HOSPITAL","CLAREMORE","OK - Tulsa",24.56,571350.53,150855.82,129826.41
"RUSSELL COUNTY MEDICAL CENTER","LEBANON","TN - Kingsport",34.1071428571429,567719.98,150821.04,128304.04
"MAPLE GROVE HOSPITAL","MAPLE GROVE","MN - Minneapolis",17.6842105263158,434256.86,150543.24,125031.47
"KEOKUK AREA HOSPITAL","KEOKUK","IA - Iowa City",19.695652173913,280133.56,150169.79,128786.49
"CLARENDON MEMORIAL HOSPITAL","MANNING","SC - Columbia",20.2380952380952,387839.76,150128.68,131099.09
"GRADY MEMORIAL HOSPITAL","CHICKASHA","OK - Oklahoma City",18.7272727272727,316588.62,149975.55,128707.42
"REHOBOTH MCKINLEY CHRISTIAN HEALTH SER","GALLUP","NM - Albuquerque",22,280314.65,149965.9,128379.18
"RIVERVIEW HSPTL ASSOC","WISCONSIN RAPID","WI - Marshfield",27.5263157894737,283034.45,149949.57,133601.42
"WHITE COUNTY COMMUNITY HOSPITAL","SPARTA","TN - Nashville",18.7368421052632,486017.6,149774.88,133278.71
"THREE RIVERS MEDICAL CENTER","LOUISA","WV - Huntington",28.2758620689655,724637.57,149730.75,125631.47
"JAMESTOWN REGIONAL MEDICAL CENTER","JAMESTOWN","TN - Nashville",30.1428571428571,487602.31,149352.07,127881.63
"LAWRENCE MEDICAL CENTER","MOULTON","AL - Birmingham",24,328889.65,149161.36,132149.66
"GRAHAM HOSPITAL ASSOCIATION","CANTON","IL - Peoria",29.6818181818182,332858.3,149106.18,129953.62
"SAMARITAN HOSPITAL - PEOPLES HOSPITAL","ASHLAND","OH - Columbus",23.8260869565217,235640.04,148980.08,130077.7
"UNIV OF SOUTH ALABAMA MEDICAL CENTER","MOBILE","AL - Mobile",16.6666666666667,201855.33,148781.08,133104.38
"EASTERN OKLAHOMA MEDICAL CENTER","POTEAU","AR - Fort Smith",26.3928571428571,361661.83,148701.87,126847.71
"NORTH ADAMS REGIONAL HOSPITAL","NORTH ADAMS","MA - Springfield",33.5,341091.56,148560.92,130583.2
"SOUTH TEXAS REGIONAL MEDICAL CENTER","JOURDANTON","TX - San Antonio",22.28,649646.66,148518.95,125583.03
"HOLY CROSS HOSPITAL A DIV OF TAOS HEALTH SYSTEMS","TAOS","NM - Albuquerque",21.8125,235685.99,148095.57,128683.3
"PICKENS COUNTY MEDICAL CENTER","CARROLLTON","AL - Tuscaloosa",20.8333333333333,231222.43,147960.28,134219.79
"SAINT JOSEPH MOUNT STERLING","MOUNT STERLING","KY - Lexington",27.2857142857143,258439.09,147789.59,125093.67
"BRATTLEBORO MEMORIAL HOSPITAL","BRATTLEBORO","NH - Lebanon",20.8,241049.53,147301.52,131710.08
"TWIN LAKES REGIONAL MEDICAL CENTER","LEITCHFIELD","KY - Louisville",28.6,379413.84,146939.36,130204.69
"CAMERON REGIONAL MEDICAL CENTER","CAMERON","MO - Kansas City",24.5217391304348,372565.06,146908.82,127401.57
"CHRISTUS SPOHN HOSPITAL BEEVILLE","BEEVILLE","TX - Corpus Christi",21.4210526315789,602709.02,146851.44,131562.17
"FITZGIBBON MEMORIAL HOSPITAL","MARSHALL","MO - Columbia",21.0909090909091,326872.88,146780.52,127662.51
"HURON MEDICAL CENTER","BAD AXE","MI - Saginaw",22.5,168838.31,146776.37,132518.53
"SAINT JOSEPH'S REGIONAL MEDICAL CENTER - PLYMOUTH","PLYMOUTH","IN - South Bend",27.85,360734.69,146388.42,125737.35
"DODGE COUNTY HOSPITAL","EASTMAN","GA - Macon",20.4285714285714,286541.97,146193.27,126237.45
"WASHINGTON ST TAMMANY  REGIONAL MEDICAL CENTER","BOGALUSA","LA - Metairie",22.52,328831.2,145684.61,124726.31
"HIGHLAND COMMUNITY  HOSPITAL","PICAYUNE","LA - Slidell",25.7272727272727,388628.69,145271.31,126833.19
"AURORA MED CTR MANITOWOC CTY","TWO RIVERS","WI - Green Bay",19.0555555555556,311549.41,144897.07,122350.04
"MCCULLOUGH-HYDE MEMORIAL HOSPITAL","OXFORD","OH - Cincinnati",18.7391304347826,325765.38,144747.6,123762.29
"CUSHING REGIONAL HOSPITAL","CUSHING","OK - Tulsa",25.4347826086957,386736.58,144602.07,114692.33
"TEXAS HEALTH PRESBYTERIAN HOSPITAL ALLEN","ALLEN","TX - Dallas",19.2380952380952,560060.51,144272.15,114847.04
"BERWICK HOSPITAL CENTER","BERWICK","PA - Danville",26.3571428571429,998242.45,144230.66,117861.18
"HOSPITAL FOR SPECIAL SURGERY","NEW YORK","NY - Manhattan",494.5,456382.18,144217.75,118661.66
"ST JOHN RIVER DISTRICT HOSPITAL","EAST CHINA","MI - Detroit",19.2173913043478,326743.81,143868.73,121071.86
"ESSENTIA HEALTH ST MARYS","DETROIT LAKES","ND - Fargo/Moorhead MN",20.75,282242.08,143808.45,128233.57
"ST MARKS MEDICAL CENTER","LA GRANGE","TX - Houston",23.0454545454545,257826.53,143370.03,123273.64
"MOREHOUSE GENERAL HOSPITAL","BASTROP","LA - Monroe",20.3913043478261,241434.49,143360.24,126808.17
"SOMERSET HOSPITAL","SOMERSET","PA - Johnstown",18.0869565217391,411774.29,143333.98,123688.93
"LAS COLINAS MEDICAL CENTER","IRVING","TX - Dallas",18,1087632.4,143082.29,118287.78
"GRAND LAKE HEALTH SYSTEM","SAINT MARYS","OH - Dayton",22.3181818181818,290059.62,143081.46,122839.43
"WELLSTAR PAULDING HOSPITAL","DALLAS","GA - Atlanta",23.0869565217391,474868.19,143022.48,114420.62
"EXCELA HEALTH FRICK HOSPITAL","MOUNT PLEASANT","PA - Pittsburgh",21.625,375345.27,142936.24,119273.71
"PALM DRIVE HOSPITAL","SEBASTOPOL","CA - Santa Rosa",19.3076923076923,371267.61,142350.13,129936.83
"KINGS MOUNTAIN HOSPITAL INC","KINGS MOUNTAIN","NC - Charlotte",23.7142857142857,309502.61,142275.25,121823.04
"UNIVERSITY GENERAL HOSPITAL","HOUSTON","TX - Houston",20.0909090909091,661935.06,142210.48,127562.08
"HANCOCK MEDICAL CENTER","BAY SAINT LOUIS","LA - Slidell",16.8181818181818,433246,141967.62,122367.92
"SAINT FRANCIS HOSPITAL SOUTH","TULSA","OK - Tulsa",18.9047619047619,344879.35,141882,111846.15
"FAYETTE REGIONAL HEALTH SYSTEM","CONNERSVILLE","IN - Indianapolis",24.3809523809524,332701.66,141830.23,124792.17
"PALMERTON HOSPITAL","PALMERTON","PA - Allentown",25.52,339043.26,141692.73,120548.82
"CHRISTUS SPOHN HOSPITAL KLEBERG","KINGSVILLE","TX - Corpus Christi",31.5769230769231,797705.59,141614.97,119380.13
"AMERICAN FORK HOSPITAL","AMERICAN FORK","UT - Provo",21.9,382824.38,141219.01,115365.18
"ST CHARLES MEDICAL CENTER - REDMOND","REDMOND","OR - Bend",16.7142857142857,245317.75,140903.32,123514.7
"SAMARITAN ALBANY GENERAL HOSPITAL","ALBANY","OR - Eugene",19,351336.33,140902.06,114740.67
"TWIN CITIES HOSPITAL","NICEVILLE","FL - Pensacola",26.48,1297918.33,140612.88,113116.76
"MARIAN COMMUNITY HOSPITAL","CARBONDALE","PA - Scranton",22.84,296896.35,140471.82,120467.57
"CHESTERFIELD GENERAL HOSPITAL","CHERAW","SC - Florence",25.2083333333333,750274.01,140342.52,116367.62
"TITUSVILLE HOSPITAL","TITUSVILLE","PA - Erie",22.625,126778.8,140096.65,128064.54
"ST ELIZABETH HOSPITAL","GONZALES","LA - Baton Rouge",23.7619047619048,302158.38,139643.36,113602.65
"GILA REGIONAL MEDICAL CENTER","SILVER CITY","NM - Albuquerque",23,345796.74,139424.49,120697.14
"STURGIS HOSPITAL","STURGIS","MI - Kalamazoo",19.4736842105263,213482.24,138997.49,122633.92
"MISSOURI BAPTIST HOSPITAL SULLIVAN","SULLIVAN","MO - St. Louis",21.95,238618.58,138386.11,122019
"PERRY HOSPITAL","PERRY","GA - Macon",22.1818181818182,365751.65,138379.76,119460.95
"LAKEVIEW MED CENTER","RICE LAKE","WI - Marshfield",28.6666666666667,258797.08,138079.36,118853.75
"SHERIDAN MEMORIAL HOSPITAL","SHERIDAN","MT - Billings",25,283548.15,137845.21,124673.64
"EAST TEXAS MEDICAL CENTER CROCKETT","CROCKETT","TX - Tyler",26.32,626376.59,137842.63,113551.77
"PLEASANT VALLEY HOSPITAL","POINT PLEASANT","WV - Huntington",28.1071428571429,385017.73,137737.38,115159.91
"COMMUNITY HOSPITAL OF LONG BEACH","LONG BEACH","CA - Los Angeles",21.4375,1090121.23,137675.36,124364.93
"FORT MADISON COMMUNITY HOSPITAL","FORT MADISON","IA - Iowa City",24.0909090909091,267614.56,137491.01,120006.28
"HARRISON MEMORIAL HOSPITAL","CYNTHIANA","KY - Lexington",25.5,226597.02,137463.13,117621.39
"ST JOSEPHS HOSPITAL","BREESE","MO - St. Louis",18.1052631578947,289533.38,137362.73,120412.98
"HUTCHINSON AREA HEALTH CARE","HUTCHINSON","MN - Minneapolis",22,284097.72,137049.17,124633.79
"DALE MEDICAL CENTER","OZARK","AL - Dothan",25.6111111111111,245693.67,136936.44,122953.24
"CRAIG GENERAL HOSPITAL","VINITA","OK - Tulsa",21.76,276415.74,136911.28,115436.85
"SOUTH HAMPTON COMMUNITY HOSPITAL","DALLAS","TX - Dallas",21.9411764705882,585083.31,136587.91,122345.49
"LAKEVIEW MEMORIAL HOSPITAL","STILLWATER","MN - St. Paul",45.5294117647059,309693.88,136311.31,117576.94
"BELLFLOWER MEDICAL CENTER","BELLFLOWER","CA - Los Angeles",37.2142857142857,525877.48,136082.66,124587.36
"DUBLIN METHODIST HOSPITAL","DUBLIN","OH - Columbus",24.95,459825.57,136064.57,111997.31
"PLATTE VALLEY MEDICAL CENTER","BRIGHTON","CO - Denver",16.6111111111111,442188.47,135953.8,112607.2
"AURORA MED CENTER-WASHINGTON COUNTY","HARTFORD","WI - Milwaukee",20.2857142857143,451689.15,135784.31,113187.83
"HELENA REGIONAL MEDICAL CENTER","HELENA","TN - Memphis",21.95,540970.57,135758.08,112640.64
"ALEGENT HEALTH MIDLANDS HOSPITAL","PAPILLION","NE - Omaha",18.3478260869565,618453.01,135721.54,107992.86
"NASHOBA VALLEY MEDICAL CENTER","AYER","MA - Boston",25.304347826087,318197.33,135705.69,116661.73
"DELTA MEDICAL CENTER","MEMPHIS","TN - Memphis",19.15,439715.23,135662.82,120904.76
"BARROW REGIONAL MEDICAL CENTER","WINDER","GA - Atlanta",23.5,442034.44,135347.21,116712.64
"BAY PARK COMMUNITY HOSPITAL","OREGON","OH - Toledo",24.0434782608696,697283.9,135299,112152.2
"ROANE MEDICAL CENTER","HARRIMAN","TN - Knoxville",21.0869565217391,265147.13,135177.32,117208.17
"UNIVERSITY HOSPITALS AHUJA MEDICAL CENTER","BEACHWOOD","OH - Cleveland",19.76,564168.18,135020.07,113690.02
"KAISER FOUNDATION HOSPITAL","HONOLULU","HI - Honolulu",18.4444444444444,220799.36,134853.12,59173.95
"INTEGRIS CANADIAN VALLEY  HOSPITAL","YUKON","OK - Oklahoma City",22.0952380952381,731933.98,134592.58,113089.57
"MID-COLUMBIA MEDICAL CENTER","THE DALLES","OR - Portland",21.4666666666667,247717.58,134417.96,120578.26
"TAWAS ST JOSEPH HOSPITAL","TAWAS CITY","MI - Saginaw",24.6666666666667,166018.49,134396.9,116323.16
"NICHOLAS H NOYES MEMORIAL HOSPITAL","DANSVILLE","NY - Rochester",20.7,232940.83,133834.17,117354.02
"STONEWALL JACKSON MEM HOSP","WESTON","WV - Charleston",27.7692307692308,266845.5,133807.74,111878.59
"FRANKLIN WOODS COMMUNITY HOSPITAL","JOHNSON CITY","TN - Johnson City",29.7083333333333,618975.43,133678.67,109650.78
"TOUCHETTE REGIONAL HOSPITAL INC","CENTREVILLE","MO - St. Louis",26.9333333333333,228686.53,133589.02,121729.91
"ESPANOLA HOSPITAL","ESPANOLA","NM - Albuquerque",18.75,339450.7,133403.8,115139.4
"JOHN ED CHAMBERS MEM HOSP, INC","DANVILLE","AR - Little Rock",30.2,125662.4,133035.63,117490.89
"BAPTIST MEDICAL CENTER - NASSAU","FERNANDINA BEAC","FL - Jacksonville",25.875,481434.32,133010.01,108114.66
"SUTTER DAVIS HOSPITAL","DAVIS","CA - Sacramento",19.5714285714286,559456.67,132663.37,115819.05
"NORTHEASTERN NEVADA REGIONAL HOSPITAL","ELKO","UT - Salt Lake City",21.2857142857143,376894.56,132531.99,108151.22
"SUMMA WADSWORTH-RITTMAN HOSPITAL","WADSWORTH","OH - Akron",23.12,554641.31,132304.94,110552.28
"DUPLIN GENERAL HOSPITAL","KENANSVILLE","NC - Greenville",22.1428571428571,257959.82,132268.12,115909.2
"WAYNE GENERAL HOSPITAL","WAYNESBORO","MS - Hattiesburg",22.1538461538462,207941.17,132198.94,110722.9
"ST JOSEPHS HSPTL","CHIPPEWA FALLS","WI - Marshfield",21.9411764705882,317527.12,131859.9,107163.1
"INDIANA UNIVERSITY HEALTH MORGAN HOSPITAL INC","MARTINSVILLE","IN - Indianapolis",20.0454545454545,477551.48,131594.85,114183.8
"SUMMERSVILLE REGIONAL MEDICAL CENTER","SUMMERSVILLE","WV - Charleston",21.4,214315.94,131407.25,114098.18
"HILLCREST MEMORIAL HOSPITAL","SIMPSONVILLE","SC - Greenville",22.8888888888889,386977.8,131316.78,101862.25
"MT GRAHAM REGIONAL MEDICAL CENTER","SAFFORD","AZ - Tucson",19.9166666666667,273485.39,130942.19,119525.31
"COMMUNITY HOSPITAL","GRAND JUNCTION","CO - Grand Junction",21.2631578947368,371517.5,130651.55,109866.25
"JELLICO COMMUNITY HOSPITAL","JELLICO","TN - Knoxville",26.9444444444444,208635.69,130454.41,116307.63
"SWEETWATER HOSPITAL ASSOCIATION","SWEETWATER","TN - Knoxville",27.6086956521739,376435.62,130365.59,109865.51
"BERGEN REGIONAL MEDICAL CENTER","PARAMUS","NJ - Hackensack",25.6,529382.43,130277.7,118751.82
"MC DONOUGH DISTRICT HOSPITAL","MACOMB","IL - Springfield",25.1578947368421,302303.56,129865.42,108008.93
"HARRISBURG MEDICAL CENTER","HARRISBURG","IN - Evansville",27.695652173913,285090.71,129809.64,111355.3
"AURORA MEDICAL CENTER","GRAFTON","WI - Milwaukee",22,476374.25,129334.18,106143.01
"MUHLENBERG COMMUNITY HOSPITAL","GREENVILLE","TN - Nashville",27.4782608695652,330336.48,129025.82,107764.11
"BEAUREGARD MEMORIAL HOSPITAL","DERIDDER","LA - Lake Charles",26.5909090909091,560209.87,128839.96,113723.96
"BAPTIST HEALTH MEDICAL CENTER-STUTTGART","STUTTGART","AR - Little Rock",23.75,211216.6,128805.31,110612.07
"OWATONNA HOSPITAL","OWATONNA","MN - Rochester",22.2666666666667,345012.88,128783.03,107726.4
"MILLCREEK COMMUNITY HOSPITAL","ERIE","PA - Erie",22.9,267423.28,128740.74,114807.11
"DISTRICT ONE HOSPITAL","FARIBAULT","MN - Minneapolis",18.0625,178214.27,128699.43,114214.76
"PORTAGE HEALTH HOSPITAL","HANCOCK","MI - Marquette",17.9285714285714,192334.65,128670.24,115563.56
"VOLUNTEER COMMUNITY HOSPITAL","MARTIN","TN - Jackson",29.2608695652174,639454.05,128486.61,110749.25
"OTSEGO MEMORIAL HOSPITAL","GAYLORD","MI - Petoskey",25.9285714285714,226318.05,128412.5,115233.85
"MEDICAL PARK HOSPITAL","HOPE","AR - Texarkana",22.55,332115.73,128317.28,112174.71
"CHESTATEE REGIONAL HOSPITAL","DAHLONEGA","GA - Atlanta",21.1875,288440.64,128038.61,113840.27
"WESTVIEW HOSPITAL","INDIANAPOLIS","IN - Indianapolis",18.5,498855.86,128018.42,98002.74
"CARSON CITY HOSPITAL","CARSON CITY","MI - Lansing",20.75,189587.42,128001.89,113807.09
"VALLEY VIEW HOSPITAL ASSOCIATION","GLENWOOD SPRING","CO - Grand Junction",22.8,341599.51,127953.9,111699.82
"DAVIESS COMMUNITY HOSPITAL","WASHINGTON","IN - Evansville",21.4545454545455,229466.74,127930.11,109462.35
"MERCY TIFFIN HOSPITAL","TIFFIN","OH - Toledo",26.55,298653.12,127871.07,109008.94
"UW HLTH PARTNERS - WATERTOWN REGIONAL MEDICAL CTR","WATERTOWN","WI - Madison",21.9411764705882,289128.88,127799.78,111838.94
"OCHSNER BAPTIST MEDICAL CENTER LLC","NEW ORLEANS","LA - New Orleans",19.2105263157895,450374.72,127679.79,106297.95
"WOODLAND MEMORIAL HOSPITAL","WOODLAND","CA - Sacramento",25.9090909090909,525481.16,127150.99,98341.01
"NORTHRIDGE MEDICAL CENTER","COMMERCE","GA - Atlanta",15.8125,245714,127148.15,113564.09
"CHARITY HOSPITAL & MEDICAL CENTER OF LOUI AT NO","NEW ORLEANS","LA - New Orleans",16.1111111111111,256472.75,126602.65,118365.33
"CHINESE HOSPITAL","SAN FRANCISCO","CA - San Francisco",24.0625,430288.8,126464.28,112131.33
"CARILION FRANKLIN MEMORIAL HOSPITAL","ROCKY MOUNT","VA - Roanoke",21.1,269845.28,126365.69,104447.6
"HOMER MEMORIAL HOSPITAL","HOMER","LA - Shreveport",26.4761904761905,303678.08,126129.41,108453.68
"PALO PINTO GENERAL HOSPITAL","MINERAL WELLS","TX - Fort Worth",24.2631578947368,272143.15,125862.58,109394.11
"SPRING VIEW HOSPITAL","LEBANON","KY - Louisville",23.4705882352941,346445.3,125559.29,107686.81
"PLACENTIA LINDA HOSPITAL","PLACENTIA","CA - Orange County",23.1578947368421,847597.99,125405.99,106081.51
"JERSEY COMMUNITY HOSPITAL","JERSEYVILLE","MO - St. Louis",20.7727272727273,198771.87,125401.75,108801.25
"UNION GENERAL HOSPITAL","BLAIRSVILLE","GA - Atlanta",21,213815.34,125205.93,106580.08
"REYNOLDS MEMORIAL HOSPITAL","GLEN DALE","PA - Pittsburgh",22.375,247695.96,125159.85,103646.16
"COLORADO FAYETTE MEDICAL CENTER","WEIMAR","TX - Houston",23.9444444444444,174728.62,125048.98,111755.24
"TENNOVA HEALTHCARE-LAFOLLETT MEDICAL CENTER","LA FOLLETTE","TN - Knoxville",28.9090909090909,369705.39,124958.05,104420.66
"UNICOI COUNTY MEMORIAL HOSPITAL","ERWIN","TN - Johnson City",21.0526315789474,175581.19,124783.07,108722.52
"BUFFALO HOSPITAL","BUFFALO","MN - Minneapolis",21.1052631578947,328944.23,124431.37,101154.79
"MCCURTAIN MEMORIAL HOSPITAL","IDABEL","AR - Texarkana",24.0869565217391,199635.37,124148.03,105393.53
"CROSSROADS COMMUNITY HOSPITAL","MOUNT VERNON","MO - St. Louis",26.3529411764706,518861.04,123822.04,108083.45
"CLAIBORNE COUNTY HOSPITAL","TAZEWELL","TN - Knoxville",26.65,268185.09,123609.28,106217.39
"CUERO COMMUNITY HOSPITAL","CUERO","TX - Victoria",25.9090909090909,238537.63,123513.37,105279.26
"HARRIS HOSPITAL","NEWPORT","AR - Little Rock",25.5652173913043,713079.82,123409.06,104948.57
"MEMORIAL HERMANN SUGAR LAND HOSPITAL","SUGAR LAND","TX - Houston",23.125,342710.39,122754.36,97685.43
"UVALDE MEMORIAL HOSPITAL","UVALDE","TX - San Antonio",21.2777777777778,296455.89,122718.77,106527.7
"PARKVIEW REGIONAL HOSPITAL","MEXIA","TX - Waco",25.2777777777778,441378.87,122446.11,101048.27
"PROGRESS WEST HEALTHCARE CENTER","O FALLON","MO - St. Louis",22.9473684210526,267025.42,122393.8,101144.67
"TIPPAH COUNTY HOSPITAL","RIPLEY","TN - Memphis",20.3333333333333,144474.03,122346.63,107770.71
"TUBA CITY REGIONAL HEALTH CARE CORPORATION","TUBA CITY","AZ - Phoenix",19.0714285714286,179851.51,121975.77,110554.53
"VIRGINIA REGIONAL MEDICAL CENTER","VIRGINIA","MN - Duluth",20.4705882352941,215431.3,121964.04,107628.12
"BATES COUNTY MEMORIAL HOSPITAL","BUTLER","MO - Kansas City",20.6,362790.94,121931.36,110630.6
"RENOWN SOUTH MEADOWS MEDICAL CENTER","RENO","NV - Reno",26.952380952381,548699.74,121636.47,100449.77
"MEMORIAL MEDICAL CENTER LIVINGSTON","LIVINGSTON","TX - Houston",25.1363636363636,872640.58,121628.76,102676.18
"JONES MEMORIAL HOSPITAL","WELLSVILLE","NY - Rochester",22.2,155712.77,121606.4,106101.36
"BEDFORD MEMORIAL HOSPITAL","BEDFORD","VA - Lynchburg",21.7619047619048,345159.54,121581.98,94351.72
"TEXAS HEALTH PRESBYTERIAN HOSPITAL FLOWER MOUND","FLOWER MOUND","TX - Dallas",18.9444444444444,551169.92,121483.02,102352.68
"UNIVERSITY OF ARIZONA MEDICAL CTR- SOUTH CAM, THE","TUCSON","AZ - Tucson",38.3333333333333,277335.54,121428.38,110418.63
"ALTA VISTA REGIONAL HOSPITAL","LAS VEGAS","NM - Albuquerque",21.0625,490929.56,121401.76,106507.47
"TAKOMA REGIONAL HOSPITAL","GREENEVILLE","TN - Knoxville",20.4210526315789,337601.13,120916.96,104058.18
"THREE RIVERS HEALTH","THREE RIVERS","MI - Kalamazoo",20.5555555555556,239741.23,120750.63,101005.66
"FAYETTE MEDICAL CENTER","FAYETTE","AL - Tuscaloosa",20.5789473684211,360594.63,120595.38,104152.01
"MECOSTA COUNTY MEDICAL CENTER","BIG RAPIDS","MI - Grand Rapids",22.5294117647059,140485.93,120562.76,104831.07
"WOODS MEMORIAL HOSPITAL","ETOWAH","TN - Knoxville",21.0909090909091,287817.54,120319.19,100197.81
"THE HEART HOSPITAL AT DEACONESS GATEWAY LLC","NEWBURGH","IN - Evansville",32.2352941176471,421465.61,120282.69,100277.14
"KONA COMMUNITY HOSPITAL","KEALAKEKUA","HI - Honolulu",15.7142857142857,202483.1,120146.86,109142.08
"SAN LUIS VALLEY REGIONAL MEDICAL CENTER","ALAMOSA","CO - Colorado Springs",19.0625,272073.54,120040.67,101690.31
"ABBEVILLE GENERAL HOSPITAL","ABBEVILLE","LA - Lafayette",28.2777777777778,309353.8,119937.91,106855.62
"KAISER FOUNDATION HOSPITAL-SANTA CLARA","SANTA CLARA","CA - San Jose",24.125,279160.93,119753.41,112798.02
"CEDAR PARK REGIONAL MEDICAL CENTER","CEDAR PARK","TX - Austin",25,596443.5,119341.46,99094.75
"PRATTVILLE BAPTIST HOSPITAL","PRATTVILLE","AL - Montgomery",22.75,484677.73,119235.69,96352.3
"BARTLETT REGIONAL HOSPITAL","JUNEAU","AK - Anchorage",17.4,223151.14,119153.47,109280.24
"MOUNTAIN VIEW REGIONAL MEDICAL CENTER","NORTON","TN - Kingsport",30.8947368421053,270190.84,119121.44,98669.5
"HUALAPAI MOUNTAIN MEDICAL CENTER","KINGMAN","AZ - Phoenix",20.1052631578947,584064.39,118983.59,100697.22
"CARE REGIONAL MEDICAL CENTER","ARANSAS PASS","TX - Corpus Christi",17.9411764705882,258183.05,118837.26,106334.09
"SUSAN B ALLEN MEMORIAL HOSPITAL","EL DORADO","KS - Wichita",21.6875,359037.63,118713.96,100895.51
"LOGAN MEMORIAL HOSPITAL","RUSSELLVILLE","TN - Nashville",28.5,378007.32,118565.87,101353.1
"JACKSON GENERAL HOSPITAL","RIPLEY","WV - Charleston",22.7894736842105,286840.6,118430.39,101523.51
"JOHNSON REGIONAL MEDICAL CENTER","CLARKSVILLE","AR - Little Rock",19.5555555555556,177229.89,118129.82,100552.9
"WIREGRASS MEDICAL CENTER","GENEVA","AL - Dothan",21.8571428571429,172211.97,118017.29,100974.8
"CLEVELAND REGIONAL MEDICAL CTR","CLEVELAND","TX - Houston",28.9444444444444,996716.3,117752.51,103818.9
"FRANCISCAN ST FRANCIS HEALTH - MOORESVILLE","MOORESVILLE","IN - Indianapolis",63.5625,381776.79,117717.25,93511.09
"LA PAZ REGIONAL HOSPITAL","PARKER","AZ - Phoenix",17.5454545454545,223112.88,117676.94,107843.42
"KAISER FOUNDATION HOSPITAL OAKLAND/RICHMOND","OAKLAND","CA - Alameda County",23,372849.88,117524.59,108310.15
"ANDERSON REGIONAL MEDICAL CENTER SOUTH CAMPUS","MERIDIAN","MS - Meridian",17.6666666666667,539506.53,117501.58,102991.23
"KAISER FOUNDATION HOSPITAL AND REHAB CENTER","VALLEJO","CA - San Francisco",20.9166666666667,384730.5,117024.84,107903.79
"TEXAS COUNTY MEMORIAL HOSPITAL","HOUSTON","MO - Springfield",24.1052631578947,202878.7,117000.85,99563.49
"NEW ENGLAND BAPTIST HOSPITAL","BOSTON","MA - Boston",199.111111111111,227532.58,116736.41,109155.5
"VAN WERT COUNTY HOSPITAL","VAN WERT","IN - Fort Wayne",20.1538461538462,211681.2,116665.07,102079.22
"SILOAM SPRINGS MEMORIAL HOSPITAL","SILOAM SPRINGS","AR - Springdale",25.45,372827.58,116555.22,97292.61
"WYOMING COUNTY COMMUNITY HOSPITAL","WARSAW","NY - Rochester",20.4285714285714,106311.49,116518.18,105185.23
"J C BLAIR MEMORIAL HOSPITAL","HUNTINGDON","PA - Altoona",20.5,256018.09,116370.88,97881.2
"MEDICAL CENTER BARBOUR","EUFAULA","AL - Dothan",22.7619047619048,257056.92,116110.83,96396.78
"MEMORIAL HERMANN BAPTIST ORANGE HOSPITAL","ORANGE","TX - Beaumont",19.1111111111111,471944.17,115828.03,98545.56
"INTEGRIS CLINTON REGIONAL HOSPITAL","CLINTON","OK - Oklahoma City",21.8235294117647,251480.28,115616.6,101236.06
"WASHINGTON COUNTY REGIONAL MEDICAL CENTER","SANDERSVILLE","GA - Augusta",20.5833333333333,208896.68,115566.99,103135.01
"WILSON MEMORIAL HOSPITAL","SIDNEY","OH - Dayton",21.0952380952381,285833.05,115536.43,94875.58
"HEART OF LANCASTER REGIONAL MEDICAL CENTER","LITITZ","PA - Lancaster",19.0588235294118,403785.45,115276.52,97967.45
"DOCTORS' HOSPITAL OF MICHIGAN","PONTIAC","MI - Pontiac",20.25,192156.91,115002.24,102715.38
"COMMUNITY MEMORIAL HOSPITAL, INC","HAMILTON","NY - Syracuse",28.7333333333333,230188.55,114882.32,84195.62
"FORT LOUDOUN MEDICAL CENTER","LENOIR CITY","TN - Knoxville",20.047619047619,301974.01,114812.29,94202.05
"EVERGREEN MEDICAL CENTER","EVERGREEN","AL - Montgomery",29.6363636363636,181932.81,114762.08,95923.06
"MERCY HEALTH CENTER","FORT SCOTT","MO - Joplin",18.0555555555556,494828.57,114452.16,97945.7
"ST LUKES LAKESIDE HOSPITAL","THE WOODLANDS","TX - Houston",57.25,288023.85,114306.34,91384.37
"HILL REGIONAL HOSPITAL","HILLSBORO","TX - Waco",24.047619047619,479405.93,114078.37,92940.79
"CHOCTAW MEMORIAL HOSPITAL","HUGO","TX - Dallas",27.8636363636364,201378.37,113910.67,97066.79
"BUCHANAN GENERAL HOSPITAL","GRUNDY","TN - Kingsport",29.5,238655.78,113857.78,86287.86
"MEDINA MEMORIAL HOSPITAL","MEDINA","NY - Buffalo",19.7777777777778,132536.6,113791.47,98712.43
"COASTAL COMMUNITIES HOSPITAL","SANTA ANA","CA - Orange County",15.1111111111111,475784.98,113600.6,106072.57
"MEMORIAL HOSPITAL OF STILWELL","STILWELL","OK - Tulsa",24.1904761904762,152651,113475.86,99026.33
"MIMBRES MEMORIAL HOSPITAL","DEMING","TX - El Paso",20.4705882352941,461303.53,113307.64,94948.81
"REGIONAL MEDICAL CENTER AT MEMPHIS","MEMPHIS","TN - Memphis",16.9,454997.04,113154.04,98191.65
"GROVE CITY MEDICAL CENTER","GROVE CITY","PA - Pittsburgh",15.7368421052632,282495.68,112996.28,94183.35
"OAKDALE COMMUNITY HOSPITAL","OAKDALE","LA - Alexandria",22,295606.16,112866.51,100401.7
"EMANUEL MEDICAL CENTER","SWAINSBORO","GA - Augusta",20.35,256284.42,112857.24,95875.79
"PRESBYTERIAN-ORTHOPAEDIC HOSPITAL","CHARLOTTE","NC - Charlotte",101,448217.51,112437.55,93161.69
"FALLBROOK HOSPITAL","FALLBROOK","CA - San Diego",25,579919.79,112307.96,98306.86
"SHOALS HOSPITAL","MUSCLE SHOALS","AL - Birmingham",19.65,491383.08,111821.29,94563.43
"CLINTON COUNTY HOSPITAL, INC","ALBANY","KY - Louisville",30,197134.77,111731.1,96186.45
"GALLUP INDIAN MEDICAL CENTER","GALLUP","NM - Albuquerque",24.5,139197.5,111622.06,99027.31
"OHIO VALLEY GENERAL HOSPITAL","MCKEES ROCKS","PA - Pittsburgh",20,340037.71,110700.4,95164.41
"SKIFF MEDICAL CENTER","NEWTON","IA - Des Moines",27.65,225456.39,110410.72,89488.45
"WEBSTER GENERAL HOSPITAL/SWING BED","EUPORA","MS - Tupelo",28.5789473684211,304175.03,110040.47,91785.5
"CLAY COUNTY MEDICAL CENTER","WEST POINT","MS - Tupelo",23.4736842105263,201924.11,109946.24,94143.29
"ROLLING PLAINS MEMORIAL HOSPITAL","SWEETWATER","TX - Abilene",20.3125,198316.2,109928.55,96978.38
"COMMUNITY HOSPITAL INC","TALLASSEE","AL - Montgomery",21.1578947368421,171523.5,109607.82,93072.01
"MEMORIAL HOSPITAL","FREMONT","OH - Toledo",19.8947368421053,349464.81,109551.51,88360.24
"PROVIDENCE WILLAMETTE FALLS MEDICAL CENTER","OREGON CITY","OR - Portland",20.2857142857143,246242.31,109478.55,92754.53
"FRANKLIN REGIONAL MEDICAL CENTER","LOUISBURG","NC - Raleigh",19.3125,319395.25,109439.3,93000.04
"CRITTENDEN HEALTH SYSTEM","MARION","KY - Paducah",25.35,178060.73,109318.43,93196.23
"BRYAN W WHITFIELD MEM HOSP INC","DEMOPOLIS","AL - Birmingham",29.56,196808.2,109256.81,88664.65
"COLUMBUS COMMUNITY HOSPITAL","COLUMBUS","TX - Houston",17.6153846153846,161991.18,108554.5,95022.71
"HILLSIDE HOSPITAL","PULASKI","TN - Nashville",27.5625,265072.28,108304.74,95750.77
"STARR COUNTY MEMORIAL HOSPITAL","RIO GRANDE CITY","TX - McAllen",28.3333333333333,164910.55,107565.01,94690.43
"MOUNTAIN WEST MEDICAL CENTER","TOOELE","UT - Salt Lake City",16.1875,283069.38,107316.14,84323.18
"KAISER FOUNDATION HOSPITAL - SAN DIEGO","SAN DIEGO","CA - San Diego",17.7333333333333,317767,107249.07,91863.72
"MIZELL MEMORIAL HOSPITAL","OPP","AL - Dothan",27.4090909090909,265749.81,106938.24,89034.56
"MONTFORT JONES MEMORIAL HOSPITAL","KOSCIUSKO","MS - Jackson",24.8095238095238,208237.96,106825.77,90503.62
"AVOYELLES HOSPITAL","MARKSVILLE","LA - Alexandria",37.3888888888889,382321.29,106629.13,91414.06
"NOVATO COMMUNITY HOSPITAL","NOVATO","CA - San Francisco",36.6363636363636,571849,106518.85,94671.7
"BAPTIST MEMORIAL HOSPITAL BOONEVILLE","BOONEVILLE","MS - Tupelo",31.2352941176471,271573.04,105752.05,91321.57
"LEONARD J CHABERT MEDICAL CENTER","HOUMA","LA - Houma",17.1333333333333,167554.03,105468.8,91871.01
"TAYLOR REGIONAL HOSPITAL","HAWKINSVILLE","GA - Macon",16.875,179297.39,105439.27,90830.75
"CHRISTUS JASPER MEMORIAL HOSPITAL","JASPER","TX - Beaumont",22.4705882352941,312778.18,105361.83,91361.1
"BON SECOURS - RICHMOND COMMUNITY HOSPITAL","RICHMOND","VA - Richmond",43.5,275776.43,104878.94,94978.5
"FRANCISCAN ST ELIZABETH HEALTH - CRAWFORDSVILLE","CRAWFORDSVILLE","IN - Indianapolis",25.1052631578947,356725.15,104755.96,86338.69
"MONROE COUNTY HOSPITAL","MONROEVILLE","AL - Mobile",21.2380952380952,242360.97,103978.65,85920.93
"KANE COMMUNITY HOSPITAL","KANE","PA - Erie",22.4666666666667,196983.55,103764.6,91912.47
"MAGNOLIA HOSPITAL","MAGNOLIA","AR - Little Rock",25.3888888888889,182251.12,103757.18,90403.76
"GRANDVIEW MEDICAL CENTER","JASPER","TN - Chattanooga",24.3333333333333,363271.78,103243.87,87003.08
"ETMC HENDERSON","HENDERSON","TX - Tyler",21.5333333333333,436301.47,103137.06,90092.18
"SAINT JOHN HOSPITAL","LEAVENWORTH","MO - Kansas City",19.1578947368421,397684,102948.96,87403.23
"LEWIS COUNTY GENERAL HOSPITAL","LOWVILLE","NY - Syracuse",18.2142857142857,136226.99,102943,91016.5
"RIVERTON MEMORIAL HOSPITAL","RIVERTON","WY - Casper",16.4615384615385,243149.34,102681.01,85269.42
"RANSOM MEMORIAL HOSPITAL","OTTAWA","MO - Kansas City",21.375,257088.92,102651.33,87853.25
"COBB MEMORIAL HOSPITAL","ROYSTON","GA - Atlanta",19.6,179707.11,102616.6,91029.37
"GREAT PLAINS REGIONAL MEDICAL CENTER","ELK CITY","OK - Oklahoma City",18.125,422587.71,102612.54,87922.18
"GRINNELL REGIONAL MEDICAL CENTER","GRINNELL","IA - Des Moines",15.8,173291.06,102430.08,85784.69
"GEORGE COUNTY HOSPITAL","LUCEDALE","AL - Mobile",21.1666666666667,164026.32,102215.28,88838.92
"L V STABLER MEMORIAL HOSPITAL","GREENVILLE","AL - Montgomery",18.7222222222222,572966.12,102191.87,85702.7
"WOODWARD REGIONAL HOSPITAL","WOODWARD","OK - Oklahoma City",17.8823529411765,370396.16,102042.44,83375.84
"EMORY-ADVENTIST HOSPITAL","SMYRNA","GA - Atlanta",15.7647058823529,354115.36,101483.08,85983.14
"LAKELAND COMMUNITY HOSPITAL","HALEYVILLE","AL - Birmingham",36.5,245012.11,101216.22,84238.88
"SUNBURY COMMUNITY HOSPITAL","SUNBURY","PA - Danville",31.6666666666667,418088,101210.75,89803.58
"HARDIN MEDICAL CENTER","SAVANNAH","TN - Memphis",26.2142857142857,179264.14,101154.21,89780.66
"BAYLOR SURGICAL HOSPITAL AT FORT WORTH","FORT WORTH","TX - Fort Worth",55.6666666666667,217660.05,101102.64,56541.96
"MERCY HOSPITAL OF KANSAS INDEPENDENCE","INDEPENDENCE","KS - Wichita",14.1538461538462,340158.28,100963.7,89822.69
"TENNOVA HEALTHCARE-NEWPORT MEDICAL CENTER","NEWPORT","TN - Knoxville",25.2352941176471,263459.06,100851.3,85292.78
"DORMINY MEDICAL CENTER","FITZGERALD","GA - Macon",17.9411764705882,256674.65,100681.57,86097.64
"PARKVIEW HUNTINGTON HOSPITAL","HUNTINGTON","IN - Fort Wayne",23.0714285714286,243696.4,100615.47,83862.41
"EVANS MEMORIAL HOSPITAL","CLAXTON","GA - Savannah",18.8,258916.71,100609.49,88229.75
"JACK HUGHSTON MEMORIAL HOSPITAL","PHENIX CITY","GA - Columbus",86.2222222222222,301423.05,100505.78,87699.36
"SOUTH SUNFLOWER COUNTY HOSPITAL","INDIANOLA","MS - Jackson",19.1333333333333,144228.97,100144.03,85591.76
"PARKVIEW NOBLE HOSPITAL","KENDALLVILLE","IN - Fort Wayne",28.7142857142857,240677.38,99868.6,83297.99
"IVINSON MEMORIAL HOSPITAL","LARAMIE","CO - Fort Collins",31.3333333333333,159594.73,99673.03,90106.95
"OUACHITA COUNTY MEDICAL CENTER","CAMDEN","AR - Little Rock",22.0625,220987.42,99618.59,78578.32
"PURCELL MUNICIPAL HOSPITAL","PURCELL","OK - Oklahoma City",23.4444444444444,106030.06,99463.74,85377.78
"MCNAIRY REGIONAL HOSPITAL","SELMER","TN - Memphis",26.5789473684211,414811.47,99152.84,83068.28
"TISHOMINGO HEALTH SERVICES INC","IUKA","AL - Birmingham",18.3125,229832.79,98931.41,87239.68
"KAISER FOUNDATION HOSPITAL - LOS ANGELES","LOS ANGELES","CA - Los Angeles",15.8333333333333,283729.48,98849.35,94395.36
"MONROE HOSPITAL","BLOOMINGTON","IN - Indianapolis",18.8333333333333,373157.03,98828.41,83783.34
"ETMC CLARKSVILLE","CLARKSVILLE","TX - Dallas",29.8571428571429,552546.16,98454.92,79004.38
"COASTAL CAROLINA HOSPITAL","HARDEEVILLE","GA - Savannah",19.1578947368421,310872.75,98316.1,80490.77
"SAUK PRAIRIE MEM HSPTL","PRAIRIE DU SAC","WI - Madison",31.5,199514.19,97854.06,84312.22
"CONNALLY MEMORIAL MEDICAL CENTER","FLORESVILLE","TX - San Antonio",18.6875,257113.35,97796.37,82177.78
"BAMBERG COUNTY MEMORIAL HOSPITAL","BAMBERG","SC - Columbia",15.5454545454545,101867.94,97742.11,87930.18
"ANSON COMMUNITY HOSPITAL","WADESBORO","NC - Charlotte",17.1538461538462,240704.43,97434.76,87416.6
"MARICOPA MEDICAL CENTER","PHOENIX","AZ - Phoenix",18,271352.23,97357.04,92017.1
"CLIFTON SPRINGS HOSPITAL AND CLINIC","CLIFTON SPRINGS","NY - Rochester",24.2941176470588,172573.12,96880.91,83903.59
"VIA CHRISTI HOSPITAL WICHITA ST TERESA INC","WICHITA","KS - Wichita",19.6842105263158,455374.9,96870.41,72298.62
"HENDERSON COUNTY COMMUNITY HOSPITAL","LEXINGTON","TN - Jackson",20.3888888888889,498283.72,96293.19,81786.56
"D W MCMILLAN MEMORIAL HOSPITAL","BREWTON","FL - Pensacola",27,183418.4,96172.06,75881.68
"STONES RIVER HOSPITAL AND DEKALB COMMUNITY HOSP","SMITHVILLE","TN - Nashville",20.6923076923077,160721.56,95869.87,84674.79
"ST VINCENTS BLOUNT","ONEONTA","AL - Birmingham",18.6,253920.86,95675.91,80298.47
"APPLING HOSPITAL","BAXLEY","GA - Savannah",19.7333333333333,224677.48,95547.46,83495.87
"KELL WEST REGIONAL HOSPITAL","WICHITA FALLS","TX - Wichita Falls",31.25,252071.45,95452.82,81223.13
"ST FRANCIS HOSPITAL","MARYVILLE","MO - Kansas City",20.0833333333333,196968.78,95199.12,84585.99
"SAVOY MEDICAL CENTER","MAMOU","LA - Lafayette",27.2352941176471,430377.23,95134.83,79277.88
"WELLMONT HAWKINS COUNTY MEMORIAL HOSPITAL","ROGERSVILLE","TN - Knoxville",23.7692307692308,173947.48,95044.6,85372.52
"MAD RIVER COMMUNITY HOSPITAL","ARCATA","CA - Redding",16.7142857142857,317950.98,94843.65,78559.9
"MEMORIAL HOSPITAL, INC  TOWANDA","TOWANDA","PA - Sayre",18.1333333333333,204965.33,94833.81,83537.59
"FRANKLIN MEDICAL CENTER","WINNSBORO","LA - Monroe",32.1111111111111,137132.57,94631.37,80810.15
"ST ANTHONY REGIONAL HOSPITAL","CARROLL","IA - Des Moines",27.4666666666667,238006.22,94431.42,80265.07
"WALLA WALLA GENERAL HOSPITAL","WALLA WALLA","WA - Spokane",18.4615384615385,315078.28,94200.22,82799.34
"RIVERVIEW REGIONAL MEDICAL CENTER NORTH","CARTHAGE","TN - Nashville",23.0666666666667,255261.91,94196.48,82948.07
"LINCOLN MEDICAL CENTER","FAYETTEVILLE","AL - Huntsville",25.0666666666667,175794.75,94104.21,81376.16
"ATMORE COMMUNITY HOSPITAL","ATMORE","FL - Pensacola",20.8823529411765,374193.75,93296.75,79976.6
"SUMMIT MEDICAL CENTER","VAN BUREN","AR - Fort Smith",24.5555555555556,475886.56,93030.12,77968.47
"MERCY HOSPITAL OF DEFIANCE","DEFIANCE","IN - Fort Wayne",27.7222222222222,255827.98,92772.63,74771.37
"TYLER MEMORIAL HOSPITAL","TUNKHANNOCK","PA - Sayre",20.6470588235294,257902.36,92771.15,78911.91
"MILE BLUFF MEDICAL CENTER, INC","MAUSTON","WI - Madison",18,255605.8,92672.8,78937.65
"MISSOURI SOUTHERN HEALTHCARE","DEXTER","MO - Cape Girardeau",25.1875,201119.67,92662.99,79680.33
"CASTLEVIEW HOSPITAL","PRICE","UT - Salt Lake City",21.25,214274.86,92662.68,74764.96
"WINN PARISH MEDICAL CENTER","WINNFIELD","LA - Shreveport",21.7647058823529,325817.27,92652.48,79065.08
"TRUMAN MEDICAL CENTER LAKEWOOD","KANSAS CITY","MO - Kansas City",43.7777777777778,115339.7,92596.19,84130.72
"TRACE REGIONAL HOSP AND SWING BED","HOUSTON","MS - Oxford",18.8461538461538,175450.19,92222.34,83067.02
"VALLEY VIEW MEDICAL CENTER","CEDAR CITY","UT - Salt Lake City",23.8461538461538,164783.44,91817.29,72315.82
"CHESTER REGIONAL MEDICAL CENTER","CHESTER","SC - Columbia",20.3333333333333,231700.65,91594.77,78624.41
"BEACHAM MEMORIAL HOSPITAL","MAGNOLIA","MS - Jackson",23.6470588235294,163345.75,91484.28,77512.52
"MERCER COUNTY JOINT TOWNSHIP COMMUNITY HOSPITAL","COLDWATER","OH - Dayton",18,209920.63,91360.85,74458.36
"BAPTIST MEMORIAL HOSPITAL TIPTON","COVINGTON","TN - Memphis",20,174109.52,91353.14,77766.5
"UNITED REGIONAL MEDICAL CENTER","MANCHESTER","TN - Nashville",27.2142857142857,127704,91104.49,80091.31
"INFIRMARY WEST","MOBILE","AL - Mobile",14.7333333333333,329899.7,90953.95,76061.49
"BENEDICTINE HOSPITAL","KINGSTON","NY - Albany",31.1,293167.21,90904.89,79973.6
"ESSENTIA HEALTH DULUTH","DULUTH","MN - Duluth",52.3,156295.71,90843,81381.84
"PUNXSUTAWNEY AREA HOSPITAL","PUNXSUTAWNEY","PA - Pittsburgh",22.7222222222222,148300.99,90417.89,76334.64
"REGINA MEDICAL CENTER","HASTINGS","MN - St. Paul",19.1538461538462,262228.38,90368.08,79647.75
"ST MARYS HOSPITAL","PIERRE","SD - Sioux Falls",24,240182.86,90316.64,78020.6
"ROCKCASTLE REG HOSPITAL & RESPIRATORY CARE CTR","MOUNT VERNON","KY - Lexington",23.1333333333333,143197.9,90284.83,78169.22
"MEMORIAL HOSPITAL AND MANOR","BAINBRIDGE","FL - Tallahassee",20.1875,215441.54,90002.86,72319.42
"SOUTHEAST GEORGIA HEALTH SYSTEM- CAMDEN CAMPUS","SAINT MARYS","FL - Jacksonville",15.5555555555556,164408.92,89789.94,79562.27
"SPRINGHILL MEDICAL CENTER","SPRINGHILL","LA - Shreveport",18.375,143640.68,89767.38,78223.72
"FLEMING COUNTY HOSPITAL","FLEMINGSBURG","KY - Lexington",28.7857142857143,196794.38,89713.08,78445.64
"RESEARCH BELTON HOSPITAL","BELTON","MO - Kansas City",24.5,466462.16,89057.96,72073.5
"TANNER MEDICAL CENTER VILLA RICA","VILLA RICA","GA - Atlanta",25.25,216144.96,89043.99,78065.18
"KENTUCKIANA MEDICAL CENTER LLC","CLARKSVILLE","KY - Louisville",33.8571428571429,350135.24,89015.83,75402.34
"HARTSELLE MEDICAL CENTER","HARTSELLE","AL - Birmingham",20.7058823529412,608759.62,88820.26,74481.11
"LOVELACE WESTSIDE HOSPITAL","ALBUQUERQUE","NM - Albuquerque",21.9166666666667,330856.4,88273.26,65693.29
"MENA REGIONAL HEALTH SYSTEM","MENA","AR - Fort Smith",22.1428571428571,163068.21,88014.06,77335.29
"PRATT REGIONAL MEDICAL CENTER","PRATT","KS - Wichita",28.8,149314.68,88000.68,79066.48
"MASONIC HOME AND HOSPITAL","WALLINGFORD","CT - New Haven",22.75,70665.7,87700.6,79594.15
"BLOOMSBURG HOSPITAL","BLOOMSBURG","PA - Danville",23.4375,401567.93,87601.5,74363.17
"GRAHAM REGIONAL MEDICAL CENTER","GRAHAM","TX - Fort Worth",22.5,134251.26,87102.63,75481.47
"LAKE CITY COMMUNITY HOSPITAL","LAKE CITY","SC - Florence",16.6923076923077,133968.48,86750.78,76434.92
"WESLEY WOODS GERIATRIC HOSPITAL","ATLANTA","GA - Atlanta",18.7333333333333,223720.13,86469.4,75257.09
"ST ANTHONY'S HOSPITAL","HOUSTON","TX - Houston",14.5454545454545,323275.65,86194.44,78226.16
"NORTHFIELD HOSPITAL","NORTHFIELD","MN - Minneapolis",21.8333333333333,234321.88,86186.21,74809.98
"BELLEVUE HOSPITAL","BELLEVUE","OH - Cleveland",21.875,236372.54,86149.14,71742.94
"NORTH METRO MEDICAL CENTER","JACKSONVILLE","AR - Little Rock",18.4375,209434.3,86123.38,73077.43
"DESOTO REGIONAL HEALTH SYSTEM","MANSFIELD","LA - Shreveport",21.3125,152726.03,85483.6,72834.68
"DREW MEMORIAL HOSPITAL","MONTICELLO","AR - Little Rock",32,123438.99,85425.01,73514.18
"DALLAS MEDICAL CENTER","DALLAS","TX - Dallas",17.1666666666667,466207.41,85379.45,75983.04
"SOUTHWEST MEDICAL CENTER","LIBERAL","KS - Wichita",19.2,208162.17,85335.63,72154.74
"KAISER FOUNDATION HOSPITAL - SAN FRANCISCO","SAN FRANCISCO","CA - San Francisco",18.6,188524.22,85298.16,81093.09
"COMANCHE COUNTY MEDICAL CENTER","COMANCHE","TX - Abilene",19.625,185401.77,85135.84,69761.36
"VAIL VALLEY MEDICAL CENTER","VAIL","CO - Denver",48,151831.64,84893.42,79886.33
"WAYNE MEDICAL CENTER","WAYNESBORO","TN - Nashville",20.4666666666667,130469.11,84752.04,72545.4
"JAY HOSPITAL","JAY","FL - Pensacola",21.2307692307692,280763.2,84735.28,71554.39
"SPEARFISH REGIONAL HOSPITAL","SPEARFISH","SD - Rapid City",27,199906.49,84474.57,75274.45
"ANGLETON-DANBURY MEDICAL CENTER","ANGLETON","TX - Houston",21.6666666666667,182194.95,84341.4,71822.35
"ALLIANCE HEALTHCARE SYSTEM","HOLLY SPRINGS","TN - Memphis",17.3076923076923,167141.98,84211.95,71725.23
"FAIRVIEW RED WING HOSPITAL","RED WING","MN - Rochester",22.5,166717.21,83943.9,73005.13
"COLORADO PLAINS MEDICAL CENTER","FORT MORGAN","CO - Greeley",18.7272727272727,286906.77,83598.92,74632.97
"CARTHAGE AREA HOSPITAL, INC","CARTHAGE","NY - Syracuse",22.5714285714286,198458.1,83597.58,72293.03
"MCPHERSON HOSPITAL INC","MCPHERSON","KS - Wichita",18.6153846153846,135015.61,83241.15,72866.04
"MAGEE GENERAL HOSPITAL","MAGEE","MS - Jackson",33.8125,180818.96,83101.48,69423.69
"DOCTOR'S MEMORIAL HOSPITAL INC","PERRY","FL - Tallahassee",17.8461538461538,140992.73,82947.6,70749.71
"THE HOSPITAL AT WESTLAKE MEDICAL CENTER","AUSTIN","TX - Austin",32,156196.39,82623.03,70938.86
"GEORGETOWN COMMUNITY HOSPITAL","GEORGETOWN","KY - Lexington",18.2142857142857,240534.44,82613.6,67910.37
"YAMPA VALLEY MEDICAL CENTER","STEAMBOAT SPRIN","CO - Denver",26,139903.03,82512.44,75551.53
"LAKESIDE MEDICAL CENTER","BELLE GLADE","FL - Fort Lauderdale",16.7777777777778,288140.84,82270.35,75220.56
"UT SOUTHWESTERN UNIVERSITY HOSPITAL-ZALE LIPSHY","DALLAS","TX - Dallas",29.625,255754.41,82264.24,72210.3
"PARKVIEW ADVENTIST MEDICAL CENTER","BRUNSWICK","ME - Portland",14.6666666666667,275639.06,82205.54,69816.45
"KARMANOS CANCER CENTER","DETROIT","MI - Detroit",21.8,196094.02,81946.91,72500.15
"KAISER FOUNDATION HOSP SO SACRAMENTO","SACRAMENTO","CA - Sacramento",19,234035.41,81878.49,74864.84
"WHEATON FRANCISCAN HEALTHCARE- FRANKLIN, INC","FRANKLIN","WI - Milwaukee",17.9230769230769,278155.71,81847.27,67415.98
"COLUSA REGIONAL MEDICAL CENTER","COLUSA","CA - Sacramento",15.8888888888889,211987.93,81837.47,74286.28
"KAISER FOUNDATION HOSPITAL FREMONT/HAYWARD","HAYWARD","CA - Alameda County",19.625,234543.52,81703.07,74997.29
"ALTA VIEW HOSPITAL","SANDY","UT - Salt Lake City",27,185950.91,81577.39,57055.72
"FIVE RIVERS MEDICAL CENTER","POCAHONTAS","AR - Jonesboro",20.1333333333333,121927.87,81509.12,69179.62
"SHELBY MEMORIAL HOSPITAL","SHELBYVILLE","IL - Springfield",23.6428571428571,140292.65,81411.62,71370.2
"MOUNTAIN VIEW HOSPITAL","PAYSON","UT - Provo",27.0833333333333,232981.25,81185.4,66141.09
"ELLWOOD CITY HOSPITAL","ELLWOOD CITY","PA - Pittsburgh",18.7142857142857,132290.54,80976.6,67985.35
"LOCK HAVEN HOSPITAL","LOCK HAVEN","PA - Danville",18.5,352396.92,80965.28,71224.74
"TLC HEALTH NETWORK","GOWANDA","NY - Buffalo",19.5714285714286,119546.39,80594.23,66999.38
"MEMORIAL HOSPITAL SWEETWATER COUNTY","ROCK SPRINGS","UT - Salt Lake City",15.875,142791.27,80474.15,71877.93
"COFFEY COUNTY HOSPITAL","BURLINGTON","KS - Topeka",20.7,86414.03,80473.66,71752.86
"GOOD SAMARITAN HOSPITAL","BAKERSFIELD","CA - Bakersfield",61.7272727272727,166466.93,80401.63,70487.35
"NORTH TEXAS MEDICAL CENTER","GAINESVILLE","TX - Dallas",19,272929.24,79972.8,66799.98
"SAN LEANDRO HOSPITAL","SAN LEANDRO","CA - Alameda County",13.1428571428571,379892.83,79829.63,74404.62
"PARKWAY REGIONAL HOSPITAL","FULTON","KY - Paducah",16.2352941176471,297291.68,79516.17,64831.87
"TYLER COUNTY HOSPITAL","WOODVILLE","TX - Beaumont",18.7142857142857,143729.48,78860.61,67579.34
"LOS ALAMOS MEDICAL CENTER","LOS ALAMOS","NM - Albuquerque",15.4285714285714,140575.33,78759.09,67910.16
"METRO NASHVILLE GENERAL HOSPITAL","NASHVILLE","TN - Nashville",12.2857142857143,153421.45,78642.3,74327.94
"PALO VERDE HOSPITAL","BLYTHE","AZ - Phoenix",19.1428571428571,210872.57,78407.54,70803.3
"SAINT CLARE'S HOSPITAL/SUSSEX","SUSSEX","NJ - Morristown",16.3333333333333,445929.05,77996.25,67107.51
"BROWN COUNTY GENERAL HOSPITAL","GEORGETOWN","OH - Cincinnati",20.0909090909091,159062.84,77925.43,68688.08
"PROVIDENCE NEWBERG MEDICAL CENTER","NEWBERG","OR - Portland",19.2,155658.53,77815.26,61111.29
"ROSWELL REGIONAL HOSPITAL","ROSWELL","NM - Albuquerque",22.2307692307692,284740.51,77708.74,64880.36
"FALLS COMMUNITY HOSPITAL AND CLINIC","MARLIN","TX - Waco",27.8,137791.3,77599.4,69446.48
"CLAY COUNTY HOSPITAL","ASHLAND","AL - Birmingham",20.2857142857143,143125.68,77445.58,66544.5
"HOAG ORTHOPEDIC INSTITUTE","IRVINE","CA - Orange County",164.833333333333,301833.93,77418.15,67250.5
"PALM BAY HOSPITAL","PALM BAY","FL - Orlando",15.25,359847.15,77038.01,65607.79
"PEMISCOT MEMORIAL HOSPITAL","HAYTI","MO - Cape Girardeau",34.2,211609.62,76823.51,63041.8
"ELKVIEW GENERAL HOSPITAL","HOBART","OK - Oklahoma City",23.7,115635.76,76542.97,67619.19
"DECATUR COUNTY GENERAL HOSPITAL","PARSONS","TN - Jackson",24.6923076923077,77960.32,76503.14,67357.97
"NEVADA REGIONAL MEDICAL CENTER","NEVADA","MO - Joplin",16.2727272727273,147686.38,76389.52,66495.46
"MEMORIAL HOSPITAL OF UNION COUNTY","MARYSVILLE","OH - Columbus",19,167156.31,76239.33,64076.5
"ST JOHNS MEDICAL CENTER","JACKSON","UT - Salt Lake City",24,125862.42,75987.43,73051.46
"INTEGRIS MAYES COUNTY MEDICAL CENTER","PRYOR","OK - Tulsa",16.5454545454545,139317.02,75732.28,64400.32
"EASTLAND MEMORIAL HOSPITAL","EASTLAND","TX - Abilene",25.1428571428571,130923.55,75589.04,64452.34
"HEALTHMARK REGIONAL MEDICAL CENTER","DEFUNIAK SPRING","FL - Pensacola",21.7333333333333,213887.93,75258.33,64409.68
"MEMORIAL HOSPITAL","GONZALES","TX - San Antonio",18.2222222222222,124114.91,75224.3,67694.53
"SANFORD  WORTHINGTON MEDICAL CENTER","WORTHINGTON","SD - Sioux Falls",16.5,137457.57,75189.45,66429.35
"OAK VALLEY DISTRICT HOSPITAL","OAKDALE","CA - Modesto",13.8888888888889,353453.93,74936.24,66829.63
"CHILDRESS REGIONAL MEDICAL CENTER","CHILDRESS","TX - Amarillo",17.9166666666667,131516.64,74631.86,64288.25
"CENTURA HEALTH-AVISTA ADVENTIST HOSPITAL","LOUISVILLE","CO - Boulder",22.6666666666667,275930.65,74615.31,63319.76
"LASALLE GENERAL HOSPITAL","JENA","LA - Alexandria",24.0909090909091,164459.07,74343.08,65306.26
"GLEN ROSE MEDICAL CENTER","GLEN ROSE","TX - Fort Worth",19.3636363636364,182646.86,74246.52,63070.75
"SPECTRUM HEALTH ZEELAND COMMUNITY HOSPITAL","ZEELAND","MI - Grand Rapids",22.5454545454545,173809.42,74096.38,60490.45
"NORTHERN MONTANA HOSPITAL","HAVRE","MT - Great Falls",17.0909090909091,148338.94,73826.48,64276.98
"LAKE MARTIN COMMUNITY HOSPITAL","DADEVILLE","AL - Birmingham",17.5384615384615,68563.48,73721.08,63984.45
"BAYSTATE MARY LANE HOSPITAL","WARE","MA - Springfield",17.9230769230769,135091.9,73544.92,60652.39
"HOUSTON PHYSICIANS' HOSPITAL","WEBSTER","TX - Houston",38.25,420237.23,73266.01,67756.31
"ETMC CARTHAGE","CARTHAGE","LA - Shreveport",17.6428571428571,303135.27,73042.6,58391.13
"WAGONER COMMUNITY HOSPITAL","WAGONER","OK - Tulsa",45.75,117028.64,73015.65,61684.34
"CHICKASAW NATION MEDICAL CENTER","ADA","OK - Oklahoma City",18.7777777777778,87405.57,72782.34,65143.76
"KAISER SUNNYSIDE MEDICAL CENTER","CLACKAMAS","OR - Portland",21.25,107994.2,72696.18,66009.39
"SEQUOYAH MEMORIAL HOSPITAL","SALLISAW","AR - Fort Smith",20.4166666666667,75511.18,72365.58,61884.59
"MCKENZIE REGIONAL HOSPITAL","MC KENZIE","TN - Jackson",25.0666666666667,337233.46,72276.91,59921.54
"ST VINCENT'S ST CLAIR","PELL CITY","AL - Birmingham",21.5,202875.84,72209.03,59120.68
"MADISON RIVER OAKS MEDICAL CENTER","CANTON","MS - Jackson",19.2307692307692,273034.1,72197.8,60927.38
"BARTON MEMORIAL HOSPITAL","SOUTH LAKE TAHO","CA - Sacramento",26.2,231617.67,72071.64,65714.92
"LAKESIDE MEMORIAL HOSPITAL","BROCKPORT","NY - Rochester",19.4615384615385,212048.18,72069.89,59708.67
"BOWIE MEMORIAL HOSPITAL","BOWIE","TX - Wichita Falls",20.75,208599.73,72011.91,63061.32
"PECOS COUNTY MEMORIAL HOSPITAL","FORT STOCKTON","TX - Odessa",17.8333333333333,151483.01,71938.87,64185.89
"TRI LAKES MEDICAL CENTER","BATESVILLE","MS - Oxford",35.3571428571429,202937.39,71608.19,59220.3
"KAISER FOUNDATION HOSPITAL-SAN JOSE","SAN JOSE","CA - San Jose",17.1428571428571,230343.52,71504.02,65087.3
"NORTH OAK REGIONAL MEDICAL CENTER","SENATOBIA","TN - Memphis",23.5833333333333,186512.72,71209.65,60879.92
"NORTH BALDWIN INFIRMARY","BAY MINETTE","AL - Mobile",17.0909090909091,141151.91,70873.05,59564.57
"NESHOBA COUNTY GENERAL HOSPITAL","PHILADELPHIA","MS - Meridian",21,124043.25,70792.18,61522.15
"EAST TEXAS MEDICAL CENTER TRINITY","TRINITY","TX - Houston",17.5454545454545,334925.36,70663.1,61744.05
"ASHLAND COMMUNITY HOSPITAL","ASHLAND","OR - Medford",25,207888.71,70442.37,61449.09
"SOUTH HAVEN COMMUNITY HOSPITAL","SOUTH HAVEN","MI - St. Joseph",16.5,111118.16,70410.48,62479.05
"DUPONT HOSPITAL LLC","FORT WAYNE","IN - Fort Wayne",19,276936.19,70397.5,52589.72
"PAULS VALLEY GENERAL HOSPITAL","PAULS VALLEY","OK - Oklahoma City",22.5384615384615,150372.26,70151.91,59443.55
"LOVELACE WOMEN'S HOSPITAL","ALBUQUERQUE","NM - Albuquerque",17.1428571428571,184103.65,70052.84,54372.49
"GRACE MEDICAL CENTER","LUBBOCK","TX - Lubbock",36.875,259171.94,69869.37,59061.02
"GOODALL WITCHER HOSPITAL","CLIFTON","TX - Waco",18.0909090909091,154084.84,69697.93,61404.14
"MADISON MEMORIAL HOSPITAL","REXBURG","ID - Idaho Falls",19.9090909090909,117487.95,69693.97,56561.63
"CHILTON MEDICAL CENTER","CLANTON","AL - Birmingham",14.6666666666667,103388.51,69536.83,62670.11
"CRYSTAL CLINIC ORTHOPAEDIC CENTER","AKRON","OH - Akron",131.333333333333,104199.84,69525.83,59576.2
"WELCH COMMUNITY HOSPITAL","WELCH","VA - Roanoke",12.8571428571429,55852,69119.84,63504.32
"SALT LAKE REGIONAL MEDICAL CENTER","SALT LAKE CITY","UT - Salt Lake City",22.3333333333333,195130.88,68917.79,54192.07
"NORTH HAWAII COMMUNITY HOSPITAL","KAMUELA","HI - Honolulu",13.8,117139.58,68684.37,61995.07
"FAIRVIEW NORTHLAND REGIONAL HOSPITAL","PRINCETON","MN - Minneapolis",23.125,156979.56,68433.95,58571.74
"INDIANA UNIVERSITY HEALTH STARKE HOSPITAL","KNOX","IN - Gary",18.6666666666667,207736.32,68385.36,59861.59
"LAKES REGIONAL HEALTHCARE","SPIRIT LAKE","SD - Sioux Falls",23.9,135342.18,68292.48,59563.87
"ATLANTA MEMORIAL HOSPITAL","ATLANTA","AR - Texarkana",24.3846153846154,164567.32,68258.04,57736.02
"COVENANT HOSPITAL PLAINVIEW","PLAINVIEW","TX - Lubbock",19.9090909090909,183916.62,68166.99,58056.2
"MEDICAL CENTER OF NEWARK LLC","NEWARK","OH - Columbus",13.3333333333333,169020.12,67868.5,62002.56
"W W HASTINGS INDIAN HOSPITAL","TAHLEQUAH","OK - Tulsa",13.1,71716.24,67865.2,59534.04
"SHELBY REGIONAL MEDICAL CENTER","CENTER","TX - Houston",20.6153846153846,190671.6,67843.08,57307.75
"EDWARD JOHN  NOBLE HOSPITAL OF GOUVERNEUR","GOUVERNEUR","NY - Syracuse",19.8,90508.88,67536.39,58963.59
"PERRY COMMUNITY HOSPITAL","LINDEN","TN - Nashville",23.6923076923077,107715.39,67130.47,58387.59
"PROVIDENT HOSPITAL OF CHICAGO","CHICAGO","IL - Chicago",20.9,69649.65,67021.28,59158.06
"AURORA MEDICAL CENTER","SUMMIT","WI - Milwaukee",19,187837.72,66802.46,53941.36
"HEARTLAND SURGICAL SPEC HOSPITAL","OVERLAND PARK","MO - Kansas City",26.6,235577.17,66729.3,55620.28
"CUSHING MEMORIAL HOSPITAL","LEAVENWORTH","MO - Kansas City",28.3333333333333,234695.87,66579.93,56008.23
"BROOKS MEMORIAL HOSPITAL","DUNKIRK","NY - Buffalo",19.8333333333333,131996.46,66519.97,53682.1
"HARMON MEMORIAL HOSPITAL","HOLLIS","OK - Oklahoma City",19.3,76793.49,66475.61,59865.99
"MORTON COUNTY HOSPITAL","ELKHART","TX - Amarillo",20.4,69040.22,66153.35,58635.89
"KAISER FOUNDATION HOSPITAL - WALNUT CREEK","WALNUT CREEK","CA - Contra Costa County",19.5,213216.65,66107.28,61194.85
"INTEGRIS BLACKWELL REGIONAL HOSPITAL","BLACKWELL","OK - Oklahoma City",17.2222222222222,160856.88,65392.47,57831.93
"POMERENE HOSPITAL","MILLERSBURG","OH - Canton",18.6666666666667,118542.76,64830.64,57166.41
"BROWNSVILLE SURGICAL HOSPITAL","BROWNSVILLE","TX - Harlingen",19.75,263720.89,64795.9,61012.88
"SAINT CATHERINE MEDICAL CENTER FOUNTAIN SPRINGS","ASHLAND","PA - Reading",22.6923076923077,175794.97,64792.3,54169.77
"MURRAY MEDICAL CENTER","CHATSWORTH","GA - Atlanta",19,166099.17,64259.47,52762.69
"SHARP CORONADO HOSPITAL AND HLTHCR CTR","CORONADO","CA - San Diego",33.7777777777778,363351.95,64138.78,54344.42
"NORTH OTTAWA COMMUNITY HOSPITAL","GRAND HAVEN","MI - Muskegon",19.6666666666667,142443.23,64117.77,53044.74
"RENAISSANCE HOSPITAL GROVES","GROVES","TX - Beaumont",15,379162.63,63645.57,52637.55
"CUMBERLAND RIVER HOSPITAL","CELINA","TN - Nashville",19.8,74152.12,63381.12,57290.84
"GREAT BEND REGIONAL HOSPITAL","GREAT BEND","KS - Wichita",33.1818181818182,160292.31,63063.45,51839.77
"ST ANTHONY SUMMIT MEDICAL CENTER","FRISCO","CO - Denver",17,327702.7,63014.66,59744.74
"GEORGIANA HOSPITAL","GEORGIANA","AL - Montgomery",19.2307692307692,71160.84,62794.66,51183.6
"GOLETA VALLEY COTTAGE HOSPITAL","SANTA BARBARA","CA - Santa Barbara",43.1428571428571,277498.14,62786.69,54746
"WEST CARROLL MEMORIAL HOSPITAL","OAK GROVE","LA - Monroe",34.4615384615385,86792.09,62782.39,52317.21
"PARKVIEW WHITLEY HOSPITAL","COLUMBIA CITY","IN - Fort Wayne",15.5454545454545,151333.94,62664.34,49118.24
"PINE CREEK MEDICAL CENTER LLP","DALLAS","TX - Dallas",38.5,286103,62633.55,47026.87
"BOURBON COMMUNITY HOSPITAL","PARIS","KY - Lexington",16,121197.09,62245.53,52732.58
"RENAISSANCE HOSPITAL TERRELL","TERRELL","TX - Dallas",16.0909090909091,209779.53,62070.62,52017.74
"THE ORTHOPAEDIC HOSPITAL OF LUTHERAN HEALTH NETWOR","FT WAYNE","IN - Fort Wayne",106.6,276589.57,61995.5,53027.92
"TOPPENISH COMMUNITY HOSPITAL","TOPPENISH","WA - Yakima",14.75,152075.4,61387.16,51509.41
"WINDBER HOSPITAL","WINDBER","PA - Johnstown",14.9,151479.61,61188.79,51998.62
"FRANCISCAN PHYSICIANS HOSPITAL LLC","MUNSTER","IN - Munster",13.1666666666667,151190.89,61114.29,41465.8
"ST JOSEPH HOSPITAL","BUCKHANNON","WV - Charleston",18.7272727272727,126304.34,61112.23,51880.81
"E A CONWAY MEDICAL CENTER","MONROE","LA - Monroe",22.4,92365.65,61097.01,52499.15
"EAST TEXAS MEDICAL CENTER - GILMER","GILMER","TX - Tyler",19.4444444444444,257984.3,60768.91,52840.48
"BARNWELL COUNTY HOSPITAL","BARNWELL","SC - Columbia",22.25,82541.61,60736.17,54564.35
"SCOTT & WHITE HOSPITAL-LLANO","LLANO","TX - Austin",20.2222222222222,70452.96,60640.63,53119.78
"USMD HOSPITAL AT ARLINGTON L P","ARLINGTON","TX - Fort Worth",16.25,247444.49,60631.32,37753.09
"NORTHERN NAVAJO MEDICAL CENTER","SHIPROCK","NM - Albuquerque",28.4444444444444,72054.32,60574.39,52528.45
"EAST TEXAS MEDICAL CENTER - FAIRFIELD","FAIRFIELD","TX - Waco",19.3333333333333,262487.62,60502.48,52741.19
"HAMPTON REGIONAL MEDICAL CENTER","VARNVILLE","SC - Charleston",18.6,145610.88,60444.68,52920.6
"CARILION TAZEWELL COMMUNITY HOSPITAL","TAZEWELL","VA - Roanoke",19.4,101488.16,60252.98,52754.93
"ELBERT MEMORIAL HOSPITAL","ELBERTON","GA - Atlanta",18.8,112492.96,60115.12,51419.35
"NOCONA GENERAL HOSPITAL","NOCONA","TX - Dallas",21.6363636363636,86072.36,59875.45,51561.31
"YUKON KUSKOKWIM DELTA REG HOSPITAL","BETHEL","AK - Anchorage",22.8333333333333,45876.14,59637.32,54540.84
"MCBRIDE CLINIC ORTHOPEDIC HOSPITAL,  L L C","OKLAHOMA CITY","OK - Oklahoma City",227.6,164413.63,59285.96,51645.73
"CLINTON HOSPITAL ASSOCIATION","CLINTON","MA - Worcester",16.0909090909091,173913.97,59266.88,50518.51
"KAISER FOUNDATION HOSPITAL ANAHEIM","ANAHEIM","CA - Orange County",13.8571428571429,168719.45,59128.43,53149.74
"BAYLOR MEDICAL CENTER AT FRISCO","FRISCO","TX - Dallas",97.6666666666667,265697.11,59109.31,48964.49
"HAYWOOD PARK COMMUNITY HOSPITAL","BROWNSVILLE","TN - Memphis",23.2727272727273,89986.12,58963.22,49478.96
"MOUNTAIN VIEW REGIONAL HOSPITAL","CASPER","WY - Casper",40.4,249857.32,58687.19,53668.99
"BAYHEALTH - MILFORD MEMORIAL HOSPITAL","MILFORD","MD - Salisbury",15.4285714285714,147500.89,58595.34,49203.34
"CHEROKEE MEDICAL CENTER","CENTRE","GA - Rome",23.7,162618.17,58554.72,49445.41
"GREAT RIVER MEDICAL CENTER","BLYTHEVILLE","TN - Memphis",21.3333333333333,129510.08,58497.12,48342.48
"OKMULGEE MEMORIAL HOSPITAL","OKMULGEE","OK - Tulsa",20.6,86970.42,57847.81,49255.95
"GREENVILLE REGIONAL HOSPITAL","GREENVILLE","MO - St. Louis",24.375,82695.47,57633.92,48899.78
"HUMBOLDT GENERAL HOSPITAL INC","HUMBOLDT","TN - Jackson",20.9166666666667,81219.64,57429.48,47370.5
"MADISON COUNTY HOSPITAL INC","LONDON","OH - Columbus",16.5714285714286,120586.03,57051.35,45225.47
"KAISER FOUNDATION HOSPITAL - PANORAMA CITY","PANORAMA CITY","CA - Los Angeles",17.6666666666667,140438.81,56757.3,52540.78
"HUGHSTON HOSPITAL","COLUMBUS","GA - Columbus",95.25,218188.94,56498.96,36092.13
"ROOSEVELT GENERAL HOSPITAL","PORTALES","TX - Lubbock",15.6363636363636,106150.8,56466.43,46434.62
"DEKALB HEALTH","AUBURN","IN - Fort Wayne",21.0909090909091,148396.69,56361.51,45512.28
"VALLEY GENERAL HOSPITAL","MONROE","WA - Everett",17.5714285714286,123694.1,56341.02,49297.65
"MEMORIAL HOSPITAL & PHYSICIAN GROUP","FREDERICK","OK - Lawton",18.625,69144.97,56317.7,50611.17
"UPMC BEDFORD","EVERETT","PA - Altoona",22.4444444444444,101402.18,56305.18,47474.12
"RICHARDSON MEDICAL CENTER","RAYVILLE","LA - Monroe",18.7,84079.44,56182.52,49207.5
"SABINE MEDICAL CENTER","MANY","LA - Shreveport",28.1818181818182,82220.01,56084.8,46193.92
"CENTRAL TEXAS HOSPITAL","CAMERON","TX - Temple",13.9,72686.96,56075.67,48971.98
"MOUNT CARMEL NEW ALBANY SURGICAL HOSPITAL","NEW ALBANY","OH - Columbus",250,133261.26,56040.14,40427.3
"SOUTH CENTRAL KS  MED CENTER","ARKANSAS CITY","KS - Wichita",17.125,86240.26,55996.1,48300.91
"OKLAHOMA SURGICAL HOSPITAL, LLC","TULSA","OK - Tulsa",185,112447.45,55885.97,45084.53
"ARTESIA GENERAL HOSPITAL","ARTESIA","NM - Albuquerque",18,129316.87,55790.53,48291.51
"BLACK HILLS SURGICAL HOSPITAL LLP","RAPID CITY","SD - Rapid City",114.25,193365.12,55771.88,48519.02
"ASHLEY VALLEY MEDICAL CENTER","VERNAL","UT - Salt Lake City",16.3333333333333,120455.39,55010.5,38541.59
"MARION GENERAL HOSPITAL","COLUMBIA","MS - Jackson",20.2727272727273,100861,54691.7,45834.51
"TEXAS ORTHOPEDIC HOSPITAL","HOUSTON","TX - Houston",160,232488.51,54434.36,42233.6
"GEORGE L MEE MEMORIAL HOSPITAL","KING CITY","CA - Salinas",12,162959.75,54323.16,50664.04
"ORTHOPAEDIC HOSPITAL AT PARKVIEW NORTH LLC","FORT WAYNE","IN - Fort Wayne",116.75,251954.85,54097.42,44053.2
"NASON HOSPITAL","ROARING SPRING","PA - Altoona",18.25,81134.65,54086.8,46706.23
"MOORE COUNTY HOSPITAL DISTRICT","DUMAS","TX - Amarillo",16.5,113973.52,53865.5,47638.14
"SIOUXLAND SURGERY CENTER LP","DAKOTA DUNES","IA - Sioux City",90.5,246425.97,53807.48,47351.4
"KAISER FOUNDATION HOSPITAL - SOUTH BAY","HARBOR CITY","CA - Los Angeles",17.1428571428571,147969.61,53725.66,48256.93
"MARION REGIONAL MEDICAL CENTER","HAMILTON","MS - Tupelo",22.2727272727273,159118.37,53720.35,43779.03
"BAPTIST MEMORIAL HOSPITAL HUNTINGDON","HUNTINGDON","TN - Jackson",20.1818181818182,141099.33,53557.76,42129.97
"LOMA LINDA UNIVERSITY MEDICAL CENTER-MURRIETA","MURRIETA","CA - San Diego",19.3636363636364,249899.92,53236.34,45329.28
"CRENSHAW COMMUNITY HOSPITAL","LUVERNE","AL - Montgomery",17.8888888888889,145338.77,53083.23,44671.93
"KAISER FOUNDATION HOSPITAL - WEST LA","LOS ANGELES","CA - Los Angeles",18.5714285714286,174706.99,52878.94,47442.03
"BROWNFIELD REGIONAL MEDICAL CENTER","BROWNFIELD","TX - Lubbock",19.875,59917.09,52620.75,46383.3
"GEARY COMMUNITY HOSPITAL","JUNCTION CITY","KS - Topeka",19.5555555555556,150981.83,52433.1,41696.05
"STONES RIVER HOSPITAL & DEKALB COMMUNITY HOSPITAL","WOODBURY","TN - Nashville",18.6666666666667,77550.75,52405.85,47655.11
"MINERS MEDICAL CENTER","HASTINGS","PA - Johnstown",21.125,111086.77,52313.44,45795.68
"IRA DAVENPORT MEMORIAL HOSPITAL, INC","BATH","NY - Rochester",17,71821.79,51843.7,42449.56
"BROOKINGS HOSPITAL","BROOKINGS","SD - Sioux Falls",18.3333333333333,132960.56,51665.16,43517.85
"FRESNO SURGICAL HOSPITAL","FRESNO","CA - Fresno",196,140376.35,51594.8,42684.14
"MIDWEST SURGICAL HOSPITAL LLC","OMAHA","NE - Omaha",51.25,188422.96,51489.51,41395.11
"FOUNDATION SURGICAL HOSPITAL","BELLAIRE","TX - Houston",124.5,227878.61,51485.44,45529.45
"JEFFERSON HOSPITAL","LOUISVILLE","GA - Augusta",21.8888888888889,73889.79,51369.49,43687.15
"KAISER FOUNDATION HOSPITAL-MORENO VALLEY","MORENO VALLEY","CA - San Bernardino",17.5,194736.41,51254.13,44865.89
"SURGICAL SPECIALTY HOSPITAL OF ARIZONA","PHOENIX","AZ - Phoenix",83.75,140637.39,51069.3,43901.43
"TEXAS SPINE AND JOINT HOSPITAL","TYLER","TX - Tyler",159.5,178435.27,51045.82,38028.68
"COMMUNITY HOSPITAL","OKLAHOMA CITY","OK - Oklahoma City",62.5,212567.95,51012.49,45206.22
"INDIANA ORTHOPAEDIC HOSPITAL LLC","INDIANAPOLIS","IN - Indianapolis",162,141460.05,50935.12,41126.53
"SPECIALISTS HOSPITAL SHREVEPORT","SHREVEPORT","LA - Shreveport",55.75,325302.08,50834.17,44231.68
"WEST KENDALL BAPTIST HOSPITAL","MIAMI","FL - Miami",18,341731.08,50822.12,38732.46
"LAFAYETTE SURGICAL SPECIALTY HOSPITAL","LAFAYETTE","LA - Lafayette",56,245040.55,50803,39795.68
"METHODIST HOSPITAL FOR SURGERY","ADDISON","TX - Dallas",54.75,104364.14,50681.86,36704.43
"BOLIVAR GENERAL HOSPITAL","BOLIVAR","TN - Jackson",21.4285714285714,41973.38,50580.23,45601.07
"UVA HEALTH SCIENCES CENTER","CHARLOTTESVILLE","VA - Charlottesville",18,211922,50552.61,41836.88
"WETZEL COUNTY HOSPITAL","NEW MARTINSVILL","PA - Pittsburgh",18.6,128383.23,50447.42,39859.35
"GREENE COUNTY HOSPITAL","EUTAW","AL - Tuscaloosa",18.2222222222222,42568.66,50444.18,43372.74
"CANCER TREATMENT CENTERS OF AMERICA","PHILADELPHIA","PA - Philadelphia",17.3333333333333,188994.27,50273.09,21432.1
"CALDWELL MEMORIAL HOSPITAL","COLUMBIA","LA - Monroe",24.5454545454545,82104.09,50121.98,42076.02
"BAYLOR MEDICAL CENTER AT UPTOWN","DALLAS","TX - Dallas",58,125143.62,50076.43,45361.17
"KAISER FOUNDATION HOSPITAL - ANTIOCH","ANTIOCH","CA - Contra Costa County",19,164464.12,50063.04,46514.61
"HART COUNTY HOSPITAL","HARTWELL","GA - Atlanta",17.4444444444444,119621.6,49986.82,42585.55
"CASCADE VALLEY HOSPITAL","ARLINGTON","WA - Everett",19,97188.24,49514.36,43413.13
"COGDELL MEMORIAL HOSPITAL","SNYDER","TX - Lubbock",15.7777777777778,93710.83,49407.84,41762.58
"SOUTH TEXAS SPINE AND SURGICAL HOSPITAL","SAN ANTONIO","TX - San Antonio",71.75,211713.34,49348.5,39664.27
"NORTH CAROLINA SPECIALTY HOSPITAL","DURHAM","NC - Durham",89.5,163109.56,49279.09,44977.46
"EL CAMPO MEMORIAL HOSPITAL","EL CAMPO","TX - Houston",17.4444444444444,92500.52,49125.71,42503.38
"SAINT CATHERINE REGIONAL HOSPITAL","CHARLESTOWN","KY - Louisville",22.2727272727273,116229.93,48703.11,39769.35
"LAKE WHITNEY MEDICAL CENTER","WHITNEY","TX - Waco",18.2727272727273,42975.27,48694.55,40877.1
"FORT DEFIANCE INDIAN HOSPITAL","FORT DEFIANCE","NM - Albuquerque",30.8571428571429,53781.62,48672.35,43164.1
"TIMPANOGOS REGIONAL HOSPITAL","OREM","UT - Provo",22.2857142857143,169110.17,48562.98,39849.75
"EDWARD MCCREADY MEMORIAL HOSPITAL","CRISFIELD","MD - Salisbury",15.75,51630.5,48532.62,44567.97
"COMMUNITY HOSPITAL","WATERVLIET","MI - St. Joseph",24.6666666666667,92135.1,48501.49,39686.42
"SACRED HEART UNIVERSITY DISTRICT","EUGENE","OR - Eugene",15.5714285714286,117774.93,48138.44,40478.28
"KANSAS SPINE HOSPITAL LLC","WICHITA","KS - Wichita",90.75,210064.41,47965.51,39304.83
"SIERRA SURGERY HOSPITAL","CARSON CITY","NV - Reno",89.6666666666667,156617.52,47752.76,40161.75
"CANNON MEMORIAL HOSPITAL","PICKENS","SC - Greenville",21.2222222222222,135271.08,47648.22,40130.16
"QUAIL CREEK SURGICAL HOSPITAL","AMARILLO","TX - Amarillo",102.75,142736.77,47469.82,36569.14
"SARTORI MEMORIAL HOSPITAL","CEDAR FALLS","IA - Waterloo",17.375,134152.92,47254.95,38478.95
"BERTRAND CHAFFEE HOSPITAL","SPRINGVILLE","NY - Buffalo",15.8,84304.96,47098.91,38742.76
"TEXSAN HEART HOSPITAL","SAN ANTONIO","TX - San Antonio",24.8571428571429,254818.73,47034.92,41264.32
"KAISER FOUNDATION HOSPITAL - REDWOOD CITY","REDWOOD CITY","CA - San Mateo County",15.25,145808.86,46859.73,43828.53
"JACKSONVILLE MEDICAL CENTER","JACKSONVILLE","AL - Birmingham",38.4444444444444,209449.33,46720.06,38418.67
"WENATCHEE VALLEY HOSPITAL","WENATCHEE","WA - Spokane",16.8333333333333,99455.83,46385.9,34762.03
"YALOBUSHA GENERAL HOSPITAL","WATER VALLEY","MS - Oxford",17.8888888888889,39626.34,46322.75,39775.7
"ARKANSAS SURGICAL HOSPITAL","NO LITTLE ROCK","AR - Little Rock",306.75,101285.88,46281.03,39213.5
"P & S SURGICAL HOSPITAL","MONROE","LA - Monroe",55.25,198916.78,46255.64,38146.72
"PUSHMATAHA CTY-TN OF ANTLERS HOSP AUTH","ANTLERS","OK - Oklahoma City",19.8,65224.13,46212.84,39345.66
"UINTAH BASIN MEDICAL CENTER","ROOSEVELT","UT - Salt Lake City",15.3333333333333,63874.22,45940.1,40731.54
"STEPHENS MEMORIAL HOSPITAL","BRECKENRIDGE","TX - Abilene",17.3333333333333,75998.13,45678.42,39333.08
"UNIVERSITY MEDICAL CENTER","LAFAYETTE","LA - Lafayette",12.6666666666667,66284.97,45446.36,40495.11
"EAST TEXAS MEDICAL CENTER MOUNT VERNON","MOUNT VERNON","TX - Tyler",22.125,156556.43,45421.73,38888.44
"NORTHWEST SPECIALTY HOSPITAL","POST FALLS","WA - Spokane",34,153956.76,45413.03,36073.19
"OSS ORTHOPAEDIC HOSPITAL","YORK","PA - York",98.3333333333333,93760.98,45065.07,38624.07
"OZARKS COMMUNITY HOSPITAL","SPRINGFIELD","MO - Springfield",19,120724.09,44810.51,37927.31
"SILVERTON HOSPITAL","SILVERTON","OR - Portland",23.2,94086.28,44796.43,40540.33
"BELLVILLE GENERAL HOSPITAL","BELLVILLE","TX - Houston",15.625,68157.22,44708.59,38207.35
"EAST CARROLL PARISH HOSPITAL","LAKE PROVIDENCE","LA - Monroe",18.8888888888889,38864.02,44616.08,38884.11
"CHAPMAN MEDICAL CENTER","ORANGE","CA - Orange County",17,176286.88,44540.64,39365.62
"FORREST CITY MEDICAL CENTER","FORREST CITY","TN - Memphis",19.4444444444444,152171.63,44322.79,35837.72
"KAISER FOUNDATION HOSPITAL - DOWNEY","DOWNEY","CA - Los Angeles",21.6,116251.78,44260.92,41101.89
"USMD HOSPITAL  AT FORT WORTH LP","FORT WORTH","TX - Fort Worth",35.5,153565.84,44034.38,25694.89
"ORTHOPEDIC HOSPITAL","OKLAHOMA CITY","OK - Oklahoma City",16.5,171190.27,43957.44,41909.58
"BROADLAWNS MEDICAL CENTER","DES MOINES","IA - Des Moines",41.3333333333333,55749.33,43817.2,39899.7
"MARLBORO PARK HOSPITAL","BENNETTSVILLE","SC - Florence",17.375,152341.34,43708.05,36037.76
"ELMORE COMMUNITY HOSPITAL","WETUMPKA","AL - Montgomery",47.5555555555556,48641.27,43500.84,35236.79
"CHINLE COMPREHENSIVE HEALTH CARE FACILITY","CHINLE","NM - Albuquerque",22.8571428571429,44685.49,43387.35,37275.57
"COVENANT HOSPITAL LEVELLAND","LEVELLAND","TX - Lubbock",13.4285714285714,88287.83,43284.52,33535.13
"GILBERT HOSPITAL","GILBERT","AZ - Mesa",21.75,153357.41,43167.5,35284.15
"MCLEOD MEDICAL CENTER - DARLINGTON","DARLINGTON","SC - Florence",15.4285714285714,132835.86,43148.69,35683.3
"TEXAS HEALTH CENTER FOR DIAGNOSTICS & SURGERY PLAN","PLANO","TX - Dallas",13.5,132136.79,43097.31,26946.24
"DONALSONVILLE HOSPITAL INC","DONALSONVILLE","AL - Dothan",28.3333333333333,132084.66,42756.66,33608.22
"NORTH CENTRAL SURGICAL CENTER LLP","DALLAS","TX - Dallas",36,113463.39,42670.22,35315.47
"CORNERSTONE REGIONAL HOSPITAL","EDINBURG","TX - McAllen",53.3333333333333,153365.59,42452.83,38537.29
"CENTRAL LOUISIANA SURGICAL HOSPITAL","ALEXANDRIA","LA - Alexandria",60.25,214336.5,42416.89,36568.82
"NEBRASKA SPINE HOSPITAL, LLC","OMAHA","NE - Omaha",55.3333333333333,187774.86,42363.61,36797.32
"MEMORIAL HOSPITAL OF ADEL INC","ADEL","FL - Tallahassee",21,80588.34,42041.46,33201.85
"NORTH TEXAS HOSPITAL","DENTON","TX - Dallas",21.3333333333333,197943.33,41965.91,33025.49
"PERRY MEMORIAL HOSPITAL","PERRY","OK - Oklahoma City",16.2857142857143,70141.12,41919.04,34516.43
"TULSA SPINE & SPECIALTY HOSPITAL","TULSA","OK - Tulsa",136,158411.86,41007.04,33046.75
"NORTH GEORGIA MEDICAL CENTER","ELLIJAY","GA - Atlanta",18.2857142857143,100108.32,40942.06,34339.47
"WEDOWEE HOSPITAL","WEDOWEE","AL - Birmingham",16.625,109888.91,40712.74,33069.08
"MCDUFFIE REGIONAL MEDICAL CENTER","THOMSON","GA - Augusta",21.5,84956.47,40651.06,35342.9
"HENRYETTA MEDICAL CENTER","HENRYETTA","OK - Tulsa",16.875,85957.19,40643.53,33233.39
"THE ORTHOPEDIC SPECIALTY HOSPITAL","MURRAY","UT - Salt Lake City",95.6666666666667,86433.76,40501.09,29875.25
"ST JOHN OWASSO","OWASSO","OK - Tulsa",20,109518.41,40431.61,31332.78
"KAISER FOUNDATION HOSPITAL-SANTA ROSA","SANTA ROSA","CA - Santa Rosa",14,118507.21,40073.64,37223.05
"BURKE MEDICAL CENTER","WAYNESBORO","GA - Augusta",18.4285714285714,57076.02,40068.15,33516.82
"JAMES LAWRENCE KERNAN HOSPITAL INC","BALTIMORE","MD - Baltimore",42,42460.8,39990.61,37548.62
"GROVE HILL MEMORIAL HOSPITAL","GROVE HILL","AL - Mobile",18.5,73031.53,39989.59,32383.51
"TEXAS HEALTH HARRIS METHODIST HOSPITAL SOUTHLAKE","SOUTHLAKE","TX - Dallas",77,127619.53,39872.83,26496.32
"LAMB HEALTHCARE CENTER","LITTLEFIELD","TX - Lubbock",19.2,34497.22,39735.51,35452.73
"HIGHLANDS HOSPITAL","CONNELLSVILLE","PA - Pittsburgh",13.5555555555556,95037.33,39666.92,32177.47
"ORTHOCOLORADO HOSPITAL AT ST ANTHONY MED CAMPUS","LAKEWOOD","CO - Denver",169.5,220297.52,39598.38,34770.13
"ST CHARLES PARISH HOSPITAL","LULING","LA - New Orleans",15.8571428571429,102811.79,39558.42,30966.89
"ARIZONA SPINE AND JOINT HOSPITAL","MESA","AZ - Mesa",121.333333333333,127088.33,39497.98,36146.83
"KAISER FOUNDATION HOSPITAL, RIVERSIDE","RIVERSIDE","CA - San Bernardino",20,84519.27,39202.67,35727.06
"MOUNTAIN VIEW HOSPITAL","IDAHO FALLS","ID - Idaho Falls",122.5,102121.29,39060.48,28676.9
"FOUNDATION SURGICAL HOSPITAL OF SAN ANTONIO","SAN ANTONIO","TX - San Antonio",42,156192.01,38907.38,36009.4
"COBLESKILL REGIONAL HOSPITAL","COBLESKILL","NY - Albany",14.6666666666667,45886.83,38782.23,32991.8
"TOPS SURGICAL SPECIALTY HOSPITAL","HOUSTON","TX - Houston",37.6666666666667,94591.06,38745.66,33997.89
"GRADY GENERAL HOSPITAL","CAIRO","FL - Tallahassee",17.2857142857143,93081.68,38503.5,30272.43
"SETON SMITHVILLE REGIONAL HOSPITAL","SMITHVILLE","TX - Austin",19.625,127833.91,38447.56,30568.68
"KAISER FOUNDATION HOSPITAL - SOUTH SAN FRANCISCO","SOUTH SAN FRANC","CA - San Mateo County",23.3333333333333,104183.22,38434.92,35743.17
"UNITY MEDICAL AND SURGICAL HOSPITAL","MISHAWAKA","IN - South Bend",31.6,105541.96,38255.11,33907.74
"VIERA HOSPITAL","VIERA","FL - Orlando",14,172049.01,38018.46,30409.44
"ST JOHN BROKEN ARROW","BROKEN ARROW","OK - Tulsa",64.625,126954.2,37970.58,28414.21
"BAYLOR ORTHOPEDIC AND SPINE HOSPITAL AT ARLINGTON","ARLINGTON","TX - Fort Worth",121.5,133696.24,37967.34,24935.83
"RIVERTON HOSPITAL","RIVERTON","UT - Salt Lake City",17.2,88406.44,37481.93,27081.56
"DOCTORS HOSPITAL","BRIDGEPORT","TX - Dallas",22.1428571428571,122591.19,37382.49,31046.15
"CALLAWAY COMMUNITY HOSPITAL","FULTON","MO - Columbia",15.8333333333333,70651.65,37285.51,31989.84
"WOMEN AND INFANTS HOSPITAL OF RHODE ISLAND","PROVIDENCE","RI - Providence",14.3333333333333,117068.25,37027.29,35430.28
"METHODIST AMBULATORY SURGERY HOSPITAL NW","SAN ANTONIO","TX - San Antonio",112,143560.09,36819.77,28150.37
"OKLAHOMA SPINE HOSPITAL","OKLAHOMA CITY","OK - Oklahoma City",87.6666666666667,137984.74,36640.37,29989.73
"SANTIAM MEMORIAL HOSPITAL","STAYTON","OR - Salem",12.75,60094.45,36410.29,30256.95
"EL PASO SPECIALTY HOSPITAL","EL PASO","TX - El Paso",76.3333333333333,146861.2,36363.02,33023.47
"THE CENTER FOR SPINAL SURGERY","NASHVILLE","TN - Nashville",105,106930.92,36258.98,32950.39
"NORTHWEST HILLS SURGICAL HOSPITAL","AUSTIN","TX - Austin",43.3333333333333,93644.08,36109.34,31207.37
"ANAHEIM GENERAL HOSPITAL","ANAHEIM","CA - Orange County",29.2,163362.23,35841.1,31163.79
"FLORALA MEMORIAL HOSPITAL","FLORALA","FL - Pensacola",14,58028.4,35830.6,29492.8
"SOUTHERN SURGICAL HOSPITAL","SLIDELL","LA - Slidell",54,179226.94,35764.72,28915.77
"HEBREW HOME AND HOSPITAL INC","WEST HARTFORD","CT - Hartford",16.75,41312.08,35430.7,33321.99
"DOCTORS HOSPITAL AT DEER CREEK LLC","LEESVILLE","LA - Alexandria",18.6666666666667,68010.49,35236.77,29388.68
"ORTHOPAEDIC HSPTL OF WI","GLENDALE","WI - Milwaukee",116.5,90470.26,35109.26,31044.13
"SURGICAL INSTITUTE OF READING","WYOMISSING","PA - Reading",74.5,171836.77,34995.77,32992.04
"SIOUX FALLS SPECIALTY HOSPITAL","SIOUX FALLS","SD - Sioux Falls",169,128951.78,34868.66,28717.66
"P H S INDIAN HOSPITAL AT BROWNING - BLACKFEET","BROWNING","MT - Great Falls",15,44860.57,34832.6,31641.89
"SEYMOUR HOSPITAL","SEYMOUR","TX - Wichita Falls",15.8,41213.28,34737.7,30506.71
"EVANSTON REGIONAL HOSPITAL","EVANSTON","UT - Salt Lake City",17.25,95796.4,34527.16,29749.98
"ELBA GENERAL HOSPITAL","ELBA","AL - Dothan",16.5714285714286,41842.46,34454.57,27836.09
"NORTHBAY VACAVALLEY HOSPITAL","VACAVILLE","CA - Contra Costa County",12.6666666666667,367417.05,34436.53,32030.97
"BAILEY MEDICAL CENTER, L L C","OWASSO","OK - Tulsa",14.6666666666667,129585.38,34259.94,22663.12
"NEBRASKA ORTHOPAEDIC HOSPITAL","OMAHA","NE - Omaha",196,86875.58,33860.95,30771.15
"LEWIS AND CLARK SPECIALTY HOSPITAL","YANKTON","SD - Sioux Falls",34.5,136138.75,33635.75,30962.37
"THE NEUROMEDICAL CENTER HOSPITAL","BATON ROUGE","LA - Baton Rouge",46,133856.98,33536.25,26251.88
"SOUTHWEST ALABAMA MEDICAL CENTER","THOMASVILLE","AL - Mobile",13.7142857142857,41437.27,33344.9,28616.31
"DAKOTA PLAINS SURGICAL CENTER LLP","ABERDEEN","SD - Sioux Falls",89.5,90550.56,33221.23,30705.44
"PHYSICIANS CENTRE,THE","BRYAN","TX - Bryan",42,99478.83,32342.4,29960.13
"ST LUKE'S HOSPITAL AT THE VINTAGE, LLC","HOUSTON","TX - Houston",13.5,203042.31,31530.83,24698.89
"INTEGRIS SEMINOLE MEDICAL CENTER","SEMINOLE","OK - Oklahoma City",17.4285714285714,71606.69,31514.4,25677.91
"DIMMIT COUNTY MEMORIAL HOSPITAL","CARRIZO SPRINGS","TX - San Antonio",25.3333333333333,48558.33,31498.11,26846.38
"KANSAS SURGERY & RECOVERY CENTER","WICHITA","KS - Wichita",245.5,46512.42,31121.36,28090.75
"OLMSTED MEDICAL CENTER","ROCHESTER","MN - Rochester",28.5,74394.58,31040.19,25459.5
"ANSON GENERAL HOSPITAL","ANSON","TX - Abilene",20.8,42445.75,31020.99,26893.41
"OJAI VALLEY COMMUNITY HOSPITAL","OJAI","CA - Ventura",14.6666666666667,121915.11,30987.96,27969.89
"PHOENIX INDIAN MEDICAL CENTER","PHOENIX","AZ - Phoenix",17.3333333333333,32443.92,30981.93,28289.84
"SAYRE MEMORIAL HOSPITAL, INC","SAYRE","OK - Oklahoma City",19,56296.64,30778.16,24922.72
"JACKSON MEDICAL CENTER","JACKSON","AL - Mobile",18.8571428571429,36456.6,30545.72,23560.7
"TEXAS HEALTH HEART & VASCULAR HOSPITAL ARLINGTON","ARLINGTON","TX - Fort Worth",19.1666666666667,158611.24,30471.37,23673.96
"SAC-OSAGE HOSPITAL","OSCEOLA","MO - Kansas City",13.5,58171.83,30310.46,25804.63
"WHITERIVER PHS INDIAN HOSPITAL","WHITERIVER","AZ - Phoenix",18.25,35747.84,30083.32,26205.37
"PHYSICIANS' SPECIALTY HOSPITAL","FAYETTEVILLE","AR - Springdale",114,121739.17,30028.88,25670.52
"RIPLEY COUNTY MEMORIAL HOSPITAL","DONIPHAN","MO - St. Louis",16.25,44352.16,29939.06,27028.57
"LATIMER COUNTY GENERAL HOSPITAL","WILBURTON","AR - Fort Smith",19.5,28981.94,29741.7,24761.48
"FLINT RIVER HOSPITAL","MONTEZUMA","GA - Macon",13.6666666666667,38939.58,29404.41,26862.47
"CITIZENS MEDICAL CENTER","COLUMBIA","LA - Monroe",19.6,44427.93,28704.14,25624.74
"WINSTON MEDICAL CENTER & SWINGBED","LOUISVILLE","MS - Jackson",20.8,63905.97,28618.59,23889.64
"GREEN CLINIC SURGICAL HOSPITAL","RUSTON","LA - Shreveport",15.75,76099.15,28586.83,24471.97
"MEDICAL ARTS HOSPITAL","LAMESA","TX - Lubbock",15.25,35779.84,28165.69,24795.03
"CENTRAL KANSAS MEDICAL CENTER","GREAT BEND","KS - Wichita",14.5,75892.29,27233.31,24041.71
"COOPER COUNTY MEMORIAL HOSPITAL","BOONVILLE","MO - Columbia",18.2,33341.53,26451.23,21848.11
"ADVENTIST MEDICAL CENTER - REEDLEY","REEDLEY","CA - Fresno",17.8,106827.66,26094.42,21431.07
"TRI COUNTY HOSPITAL - WILLISTON","WILLISTON","FL - Gainesville",16.5,37767.11,26084.56,20724.35
"MIDWESTERN REGION MED CENTER","ZION","WI - Milwaukee",14.5,76356.2,26027.53,9252.47
"WESTERN MEDICAL CENTER HOSP ANAHEIM","ANAHEIM","CA - Orange County",17,100390.57,25822.76,24324.57
"CIBOLA GENERAL HOSPITAL","GRANTS","NM - Albuquerque",12.3333333333333,37918.33,25723.76,22616.54
"STAMFORD MEMORIAL HOSPITAL","STAMFORD","TX - Abilene",17.2,39529.61,25585.15,21857.41
"FRIO REGIONAL HOSPITAL","PEARSALL","TX - San Antonio",14.8,35461.31,25493.43,21539.93
"SHARE MEMORIAL HOSPITAL","ALVA","OK - Oklahoma City",18,31803.52,25007.98,20144.61
"BELMONT COMMUNITY HOSPITAL","BELLAIRE","PA - Pittsburgh",20.6,52444.82,24281.55,19531.64
"GUADALUPE COUNTY HOSPITAL","SANTA ROSA","NM - Albuquerque",12.5,9837.89,24013.77,22416.34
"PERMIAN REGIONAL MEDICAL CENTER ANDREWS COUNTY HO","ANDREWS","TX - Lubbock",14.6666666666667,34486.86,23651.3,20945.08
"NEWMAN MEMORIAL HOSPITAL","SHATTUCK","OK - Oklahoma City",14.5,41441.5,23599.1,20143.73
"AMHERST HOSPITAL","AMHERST","OH - Elyria",22.75,49806.5,23366.7,19709.19
"MIAMI COUNTY MEDICAL CENTER","PAOLA","MO - Kansas City",25,47412.8,23310.46,20042.7
"TRUSTPOINT HOSPITAL","LUBBOCK","TX - Lubbock",17.5,40410.12,22842.1,20707.79
"KAISER FOUNDATION HOSPITAL","SAN RAFAEL","CA - San Francisco",22,55848.1,22699.29,21157.72
"MERCY HOSPITAL EL RENO","EL RENO","OK - Oklahoma City",21.4,86763.13,22559.56,17920.17
"METHODIST HEALTHCARE FAYETTE HOSPITAL","SOMERVILLE","TN - Memphis",14.2,94423.27,22337.51,18777.27
"SOUTH TEXAS SURGICAL HOSPITAL","CORPUS CHRISTI","TX - Corpus Christi",81,107865.41,22207.28,18693.15
"COZBY-GERMANY HOSPITAL","GRAND SALINE","TX - Tyler",12.6,62331.82,22170.97,17912.71
"LAGUNA HONDA HOSPITAL & REHABILITATION CENTER","SAN FRANCISCO","CA - San Francisco",19,59848.3,22163.84,20840.2
"ADVANCED SURGICAL HOSPITAL","WASHINGTON","PA - Pittsburgh",71,36100.85,21777.54,20225.3
"CYPRESS POINTE SURGICAL HOSPITAL","HAMMOND","LA - Baton Rouge",25,150451.47,21739.34,18239.08
"GIBSON GENERAL HOSPITAL","TRENTON","TN - Jackson",16.6,32041.76,21534.43,17197.15
"WILBARGER GENERAL HOSPITAL","VERNON","TX - Wichita Falls",21.3333333333333,24879.41,21427.45,15317.37
"SACRED HEART HOSPITAL ON THE GULF","PORT SAINT JOE","FL - Panama City",12.4,59941.37,21247.15,16541.27
"TREASURE VALLEY HOSPITAL","BOISE","ID - Boise",17,57973.17,21161,18645.7
"DOCTORS HOSPITAL OF WEST COVINA, INC","WEST COVINA","CA - Los Angeles",11,64619.44,20886.36,19048.53
"KAISER FOUNDATION HOSPITAL - BALDWIN PARK","BALDWIN PARK","CA - Los Angeles",15.6666666666667,44792.18,20870.78,19087.67
"BRISTOW MEDICAL CENTER","BRISTOW","OK - Tulsa",15.75,51196.76,20503.23,17105
"FAITH COMMUNITY HOSPITAL","JACKSBORO","TX - Wichita Falls",16.6666666666667,16528.87,20108.11,18038.48
"SUMMIT MEDICAL CENTER","EDMOND","OK - Oklahoma City",14,82418.14,20096.57,18973.71
"PORTERVILLE DEVELOPMENTAL CENTER","PORTERVILLE","CA - Bakersfield",24,58614.59,19941.97,19063.18
"MEMORIAL HOSPITAL OF TEXAS COUNTY","GUYMON","TX - Amarillo",15,40038.18,19860.98,16763.94
"STANISLAUS SURGICAL HOSPITAL","MODESTO","CA - Modesto",113.5,68044.36,19487.17,17071.57
"JEFFERSON COUNTY HOSPITAL","FAYETTE","MS - Jackson",14.75,28315.6,19465.23,15785.63
"PATEWOOD MEMORIAL HOSPITAL","GREENVILLE","SC - Greenville",115.5,72367.39,19169.37,14023.65
"HEREFORD REGIONAL MEDICAL CENTER","HEREFORD","TX - Amarillo",15.5,29315.01,18977.44,15367.96
"LAC/RANCHO LOS AMIGOS NATIONAL REHABILITATION  CTR","DOWNEY","CA - Los Angeles",19,59130,18927.57,17868.63
"KILMICHAEL HOSPITAL","KILMICHAEL","MS - Jackson",15,13613.44,18641.55,15956.15
"DOCTORS HOSPITAL LLC","LEAWOOD","MO - Kansas City",31,82820.85,18432.39,16426.3
"SUTTER MATERNITY & SURGERY CENTER OF SANTA CRUZ","SANTA CRUZ","CA - Santa Cruz",53,65325.28,18417.96,17316.37
"SURGICAL SPECIALTY CENTER AT COORDINATED HEALTH","ALLENTOWN","PA - Allentown",130,37226.13,17379.19,16016.63
"KAISER FOUNDATION HOSPITAL MANTECA","MANTECA","CA - Stockton",12,83661.73,17334.48,15927.79
"SEVIER VALLEY MEDICAL CENTER","RICHFIELD","UT - Salt Lake City",18,31941.79,17148.97,14162.99
"COLLEGE HOSPITAL COSTA MESA","COSTA MESA","CA - Orange County",131.5,42975.57,16835.56,14475.93
"SUMNER REGIONAL MEDICAL CENTER","WELLINGTON","KS - Wichita",19.6666666666667,25270.93,16683.71,13928.69
"HEART HOSPITAL OF AUSTIN","AUSTIN","TX - Austin",18.5,99188.15,16633.21,14170.17
"IRVING COPPELL SURGICAL HOSPITAL LLP","IRVING","TX - Dallas",12,34805.41,16548.25,7819.33
"BOB WILSON MEMORIAL GRANT COUNTY HOSPITAL","ULYSSES","KS - Wichita",14.5,29371.34,16496.33,15027.2
"MEMORIAL HERMANN SURGICAL HOSPITAL KINGWOOD","KINGWOOD","TX - Houston",56,33018.91,16258.67,14692.46
"P H S INDIAN HOSP AT BELCOURT-QUENTIN N BURDICK","BELCOURT","ND - Grand Forks",12.5,21270.61,16153.31,14893.36
"MOUNT PLEASANT HOSPITAL","MOUNT PLEASANT","SC - Charleston",15,68581.21,15831.92,12371.54
"PARK CITY MEDICAL CENTER","PARK CITY","UT - Salt Lake City",82,35216.2,15769.68,10429.34
"HAMLIN MEMORIAL HOSPITAL","HAMLIN","TX - Abilene",11,17453.54,15591.45,14078
"CACHE VALLEY SPECIALITY HOSPITAL","NORTH LOGAN","UT - Salt Lake City",48.5,46007.99,15536.38,12809.45
"MEDICAL PARK HOSPITAL","WINSTON-SALEM","NC - Winston-Salem",16,26191.18,15400.93,12850.62
"HALE COUNTY HOSPITAL","GREENSBORO","AL - Tuscaloosa",16.3333333333333,17768.17,15375.05,12661.7
"KEEFE MEMORIAL HOSPITAL","CHEYENNE WELLS","CO - Colorado Springs",19,10363.84,15172,14407.63
"BRIGHAM CITY COMMUNITY HOSPITAL","BRIGHAM CITY","UT - Ogden",18,44617.66,14885.5,13765.94
"CROWNPOINT HEALTHCARE FACILITY","CROWNPOINT","NM - Albuquerque",18.5,12258.63,14766.49,13004.77
"STEPHENS MEMORIAL HOSPITAL","NORWAY","ME - Portland",11,30822.45,14602.36,10998.18
"CHOCTAW NATION HEALTHCARE","TALIHINA","AR - Fort Smith",15,20420.54,14526.54,12978.09
"WOMEN AND CHILDREN'S HOSPITAL AT LAKE CHARLES","LAKE CHARLES","LA - Lake Charles",32,76104.96,14494.4,12068.84
"FAIRVIEW DEVELOPMENTAL CENTER","COSTA MESA","CA - Orange County",13.3333333333333,59503.09,14450.38,11962.59
"ANIMAS SURGICAL HOSPITAL, LLC","DURANGO","NM - Albuquerque",68,56161.2,14359.16,10939.8
"KAISER FOUNDATION HOSPITAL - WOODLAND HILLS","WOODLAND HILLS","CA - Los Angeles",30,39274.6,14177.66,13650.46
"MONROE SURGICAL HOSPITAL","MONROE","LA - Monroe",13,50320.53,14170.15,7526.15
"HILL HOSPITAL OF SUMTER COUNTY","YORK","MS - Meridian",39.6666666666667,15250.38,13940,12174.79
"EAST TEXAS MEDICAL CENTER QUITMAN","QUITMAN","TX - Tyler",12.6666666666667,62875.91,13776.71,11324.55
"SURGICAL HOSPITAL OF OKLAHOMA","OKLAHOMA CITY","OK - Oklahoma City",23,51604.17,13519.39,11935.47
"SUTTER SURGICAL HOSPITAL - NORTH VALLEY","YUBA CITY","CA - Sacramento",158,67368.07,13102.56,11397.58
"BULLOCK COUNTY HOSPITAL","UNION SPRINGS","AL - Montgomery",22.6666666666667,33344.72,12334.07,9988.67
"INSTITUTE FOR ORTHOPEDIC SURGERY","LIMA","OH - Dayton",232,53170.12,12319.57,9426.56
"GREAT FALLS CLINIC MEDICAL CENTER","GREAT FALLS","MT - Great Falls",116,32187.24,12232.39,10114.44
"CHRISTUS ST VINCENT PHYSICIANS MEDICAL CENTER","SANTA FE","NM - Albuquerque",62,50489.7,12227.46,11129.9
"DOCTORS DIAGNOSTIC HOSPITAL","CLEVELAND","TX - Houston",12,29698.68,12211.61,10805.82
"BAYLOR MEDICAL CENTER AT TROPHY CLUB","TROPHY CLUB","TX - Dallas",14,41814.42,12200.28,9810.14
"SUGAR LAND SURGICAL HOSPITAL LLP","SUGAR LAND","TX - Houston",70,43713.01,12189.44,9607.7
"KERN MEDICAL CENTER","BAKERSFIELD","CA - Bakersfield",178,35154.94,12131.6,10919.79
"ARIZONA ORTHOPEDIC SURGICAL HOSPITAL","CHANDLER","AZ - Mesa",204,52725.61,11986.24,10762.65
"AUSTIN SURGICAL HOSPITAL","AUSTIN","TX - Austin",173,60038.09,11902.35,9721.88
"OAK LEAF SURGCL HSPTL","EAU CLAIRE","MN - Minneapolis",116,29690.64,11892.52,10054.92
"MIDWEST ORTHOPEDIC SPECIALTY HOSPITAL, LLC","FRANKLIN","WI - Milwaukee",293,41004.6,11790.35,9246.84
"LINCOLN SURGICAL HOSPITAL","LINCOLN","NE - Lincoln",212,28795.67,11787.81,9369.14
"HEALTH CENTER NORTHWEST","KALISPELL","MT - Missoula",86,16775.29,11772.29,10287.5
"BUTLER COUNTY MEDICAL CENTER","HAMILTON","OH - Cincinnati",33,30845.42,11724.63,9361.42
"GREATER BATON ROUGE SURGICAL HOSPITAL","BATON ROUGE","LA - Baton Rouge",11,26292.9,11580.27,9851.18
"KANSAS CITY ORTHOPAEDIC INSTITUTE","LEAWOOD","MO - Kansas City",260,29787.77,11345.58,9555.45
"SHARKEY ISSAQUENA COMMUNITY HOSPITAL","ROLLING FORK","MS - Jackson",15,6739.91,11300.68,9806.1
"COORDINATED HEALTH ORTHOPEDIC HOSPITAL","BETHLEHEM","PA - Allentown",223,37989.72,11281.05,10032.36
"METHODIST MCKINNEY HOSPITAL","MC KINNEY","TX - Dallas",55,32115.5,11180.81,8709.45
"PHYSICIANS' MEDICAL CENTER LLC","NEW ALBANY","KY - Louisville",17,33404,10950.7,9083.88
"OKLAHOMA CENTER FOR ORTHOPAEDIC & MULTI-SP","OKLAHOMA CITY","OK - Oklahoma City",136,28194.87,10922.22,9503.8
"FAIRWAY MEDICAL CENTER","COVINGTON","LA - Metairie",36,58299.47,10889.8,9555.72
"NORTHWEST SURGICAL HOSPITAL","OKLAHOMA CITY","OK - Oklahoma City",36,49984.94,10749.11,8415.11
"EDGEWOOD SURGICAL HOSPITAL","TRANSFER","PA - Erie",35,34429.97,10748.17,9355.62
"FIRST STREET HOSPITAL LP","BELLAIRE","TX - Houston",54,65116.62,10702.29,8784.44
"BERRIEN COUNTY HOSPITAL","NASHVILLE","FL - Tallahassee",15.5,30926.84,10663.36,8997.34
"OHIO VALLEY MEDICAL CENTER, LLC","SPRINGFIELD","OH - Dayton",98,33254.16,10639.91,8798.24
"BUCKS COUNTY SPECIALTY HOSPITAL","BENSALEM","PA - Philadelphia",29,48952.82,10544.72,9417.13
"OASIS HOSPITAL","PHOENIX","AZ - Phoenix",29,33160.72,10484.34,8951.82
"SUMMIT SURGICAL LLC","HUTCHINSON","KS - Wichita",92,23996.46,10434.65,8721.2
"SURGICAL HOSPITAL AT SOUTHWOODS","YOUNGSTOWN","OH - Youngstown",97,29856.15,10416.57,9073.46
"SALINA SURGICAL HOSPITAL","SALINA","KS - Wichita",218,28075.94,10390.01,8897.24
"PHYSICIANS MEDICAL CENTER","HOUMA","LA - Houma",19,38649.42,10327.52,9231
"MANHATTAN SURGICAL HOSPITAL LLC","MANHATTAN","KS - Topeka",63,28862.69,10265.88,8892.79
"MEDICAL CENTER AT ELIZABETH PLACE","DAYTON","OH - Dayton",13,39835.92,10259.84,9127.84
"NORTHWEST TEXAS SURGERY CENTER","AMARILLO","TX - Amarillo",36,44295.47,10142.77,8585.25
"HERITAGE PARK SURGICAL HOSPITAL","SHERMAN","TX - Dallas",18,33310.61,10063.77,8491.44
"BIBB MEDICAL CENTER","CENTREVILLE","AL - Tuscaloosa",14,15366.07,9911.21,8388.64
"RIVERSIDE GENERAL HOSPITAL","HOUSTON","TX - Houston",221,50277.16,9586.18,8353.66
"ZUNI COMPREHENSIVE COMMUNITY HEALTH CENTER","ZUNI","NM - Albuquerque",16,7385.25,9500.75,8655.75
"COALINGA REGIONAL MEDICAL CENTER","COALINGA","CA - Fresno",12,10487.33,9347.16,8409.16
"BEAVER VALLEY HOSPITAL","BEAVER","UT - Provo",20,11409,8885.9,7527.05
"BEAR VALLEY COMMUNITY HOSPITAL","BIG BEAR LAKE","CA - San Bernardino",12,13688.41,8704.58,7156.75
"MERCY HOSPITAL","MOUNDRIDGE","KS - Wichita",14,10447.63,8555,6977.84
"ALLIANCE HEALTH CENTER","MERIDIAN","MS - Meridian",63.5,14520.35,8105.22,6821.9
"CLAREMORE INDIAN HOSPITAL","CLAREMORE","OK - Tulsa",11,8902.9,7825.72,6705.36
"MT EDGECUMBE HOSPITAL","SITKA","AK - Anchorage",18,10425.55,7487,6547.22
"SONOMA DEVELOPMENTAL CENTER","ELDRIDGE","CA - Santa Rosa",11,14572.27,7156.36,6641.81
"PATIENTS' HOSPITAL OF REDDING","REDDING","CA - Redding",41,31888.43,6883,5760.36
"WESTERN PENNSYLVANIA HOSPITAL","PITTSBURGH","PA - Pittsburgh",12,18876.33,6849.16,6024.16
"PHS INDIAN HOSPITAL AT PINE RIDGE","PINE RIDGE","SD - Rapid City",15,5718,6428.4,6051.06
"CHEROKEE INDIAN HOSPITAL AUTHORITY","CHEROKEE","NC - Asheville",11,6868.9,6269.81,5641.9
"EARL K LONG MEDICAL CENTER","BATON ROUGE","LA - Baton Rouge",14,6733.14,6251.07,5449.35
"NANTUCKET COTTAGE HOSPITAL","NANTUCKET","MA - Boston",11,12245,5950.36,5232.9
"SHEEHAN MEMORIAL HOSPITAL","BUFFALO","NY - Buffalo",53,4528.83,5920.09,5049.67
"SOUTH CAMERON MEMORIAL HOSPITAL","CAMERON","LA - Lake Charles",12,4743,5876.25,4938.25
"PHS INDIAN HOSPITAL AT ROSEBUD","ROSEBUD","SD - Sioux Falls",15,6138,5869.46,5194.53
"WHITFIELD MEDICAL SURGICAL HOSPITAL","WHITFIELD","MS - Jackson",12,12908.33,5426.25,4396.58
"ALLEN PARISH HOSPITAL","KINDER","LA - Lake Charles",11,5219.27,5419.72,4396.45
"KNOX COUNTY HOSPITAL","KNOX CITY","TX - Wichita Falls",12,3677,5264,4249.91
"CATAWBA HOSPITAL","CATAWBA","VA - Roanoke",120,11289.81,4990.1,4159.64
"ADCARE HOSPITAL OF WORCESTER INC","WORCESTER","MA - Worcester",1571,4227.46,4967.56,4284.52
"EASTERN STATE HOSPITAL","WILLIAMSBURG","VA - Newport News",57,13952.84,4946.42,4512.26
"J PAUL JONES HOSPITAL","CAMDEN","AL - Birmingham",12,4616.58,4852.25,4008.58
"PHYSICIAN'S CHOICE HOSPITAL - FREMONT, LLC","FREMONT","OH - Toledo",17,7185.82,4827,4029.82
"WESTBURY COMMUNITY HOSPITAL, LLC","HOUSTON","TX - Houston",553,9132.27,4637.26,3894.55
"DOUGLAS GARDENS HOSPITAL","MIAMI","FL - Miami",27,4964.29,4428.62,3761.37
"SETON SOUTHWEST HOSPITAL","AUSTIN","TX - Austin",13,21095.23,4404.15,3545.61
"EAGLEVILLE HOSPITAL","EAGLEVILLE","PA - Philadelphia",122,4458.91,4386.81,3362.99
"W O MOSS REGIONAL MEDICAL CENTER","LAKE CHARLES","LA - Lake Charles",12,4059.25,4370,3526.33
"METHODIST WEST HOUSTON HOSPITAL","HOUSTON","TX - Houston",14,22316.35,4277.57,2743.57
"VALLEY FORGE MEDICAL CENTER AND HOSPITAL","NORRISTOWN","PA - Philadelphia",154,4368.5,4244.29,3597.98
"KENSINGTON HOSPITAL","PHILADELPHIA","PA - Philadelphia",49,4108.75,4157.93,3284.63
"WOODS AT PARKSIDE,THE","COLUMBUS","OH - Columbus",431,5384.68,3913.14,3258.09
"HEALTHSOURCE SAGINAW","SAGINAW","MI - Saginaw",83,5406.85,3882.56,2844.32
"MILAN GENERAL HOSPITAL","MILAN","TN - Jackson",17,5725.52,3879.76,3284.23
"OAK FOREST HOSPITAL","OAK FOREST","IL - Blue Island",11,10998.63,3847.63,3030.18
"BRIGHTON HOSPITAL","BRIGHTON","MI - Ann Arbor",15,5285,3736,2610.4
"WILMINGTON TREATMENT CENTER","WILMINGTON","NC - Wilmington",99,4638.08,3639.47,2676.26
"COMMUNITY GENERAL HOSPITAL","DILLEY","TX - San Antonio",18,2995.61,3623.44,2872.33
"TURNING POINT HOSPITAL","MOULTRIE","FL - Tallahassee",91,3720.43,3291.31,2745.32
